[2026-07-24 20:12:48] [INFO] [TrafficSystem.GenerateSampleVideo]: Generating synthetic traffic video (1280x720 @ 30 FPS, 300 frames)...
[2026-07-24 20:12:50] [INFO] [TrafficSystem.GenerateSampleVideo]: Synthetic video successfully saved to: 'C:\Users\ashek\Desktop\smart-traffic-management\videos\traffic.mp4'
[2026-07-24 20:13:30] [INFO] [TrafficSystem.TrafficPipeline]: Initializing Traffic Pipeline...
[2026-07-24 20:13:30] [INFO] [TrafficSystem.CameraManager]: Opening video source: 'C:\Users\ashek\Desktop\smart-traffic-management\videos\traffic.mp4'...
[2026-07-24 20:13:30] [INFO] [TrafficSystem.CameraManager]: Stream opened successfully. Resolution: (1280, 720), FPS: 30.0
[2026-07-24 20:13:30] [INFO] [TrafficSystem.ModelManager]: Initializing YOLO model: 'yolo11n.pt'...
[2026-07-24 20:13:46] [INFO] [TrafficSystem.ModelManager]: Model 'yolo11n.pt' loaded successfully!
[2026-07-24 20:13:46] [INFO] [TrafficSystem.VehicleDetector]: VehicleDetector initialized focusing on classes: {2: 'car', 3: 'motorcycle', 5: 'bus', 7: 'truck'}
[2026-07-24 20:13:46] [INFO] [TrafficSystem.TrafficPipeline]: Traffic Pipeline fully initialized and ready!
[2026-07-24 20:13:47] [INFO] [TrafficSystem.Visualizer]: Output VideoWriter initialized: 'C:\Users\ashek\Desktop\smart-traffic-management\outputs\detection_20260724_201346.mp4' (1280x720 @ 30.0 FPS)
[2026-07-24 20:13:47] [INFO] [TrafficSystem.TrafficPipeline]: Shutting down Traffic Pipeline...
[2026-07-24 20:13:47] [INFO] [TrafficSystem.CameraManager]: Video stream released successfully.
[2026-07-24 20:13:47] [INFO] [TrafficSystem.Visualizer]: VideoWriter released successfully.
[2026-07-24 20:13:47] [INFO] [TrafficSystem.TrafficPipeline]: Pipeline Session Summary: Processed 1 frames in 0.54s (Avg FPS: 2.0, Avg Latency: 446.47ms)
[2026-07-24 20:45:47] [INFO] [TrafficSystem.TrafficPipeline]: Initializing Sprint 2 Traffic Pipeline...
[2026-07-24 20:45:47] [INFO] [TrafficSystem.CameraManager]: Opening video source: 'C:\Users\ashek\Desktop\smart-traffic-management\videos\traffic.mp4'...
[2026-07-24 20:45:47] [INFO] [TrafficSystem.CameraManager]: Stream opened successfully. Resolution: (1280, 720), FPS: 30.0
[2026-07-24 20:45:47] [INFO] [TrafficSystem.ModelManager]: Initializing YOLO model: 'yolo11n.pt'...
[2026-07-24 20:45:47] [INFO] [TrafficSystem.ModelManager]: Model 'yolo11n.pt' loaded successfully!
[2026-07-24 20:45:47] [INFO] [TrafficSystem.VehicleDetector]: VehicleDetector initialized focusing on classes: {2: 'car', 3: 'motorcycle', 5: 'bus', 7: 'truck'}
[2026-07-24 20:45:47] [INFO] [TrafficSystem.ByteTracker]: ByteTracker initialized using Ultralytics ByteTrack algorithm.
[2026-07-24 20:45:47] [INFO] [TrafficSystem.LaneManager]: LaneManager initialized with 4 lanes: ['North', 'South', 'East', 'West']
[2026-07-24 20:45:47] [INFO] [TrafficSystem.TrafficPipeline]: Sprint 2 Traffic Pipeline fully initialized and ready!
[2026-07-24 20:45:47] [INFO] [TrafficSystem.Visualizer]: Output VideoWriter initialized: 'C:\Users\ashek\Desktop\smart-traffic-management\outputs\sprint2_analytics_20260724_204547.mp4' (1280x720 @ 30.0 FPS)
[2026-07-24 20:45:47] [INFO] [TrafficSystem.TrafficPipeline]: Shutting down Sprint 2 Traffic Pipeline...
[2026-07-24 20:45:47] [INFO] [TrafficSystem.CameraManager]: Video stream released successfully.
[2026-07-24 20:45:47] [INFO] [TrafficSystem.Visualizer]: VideoWriter released successfully.
[2026-07-24 20:45:47] [INFO] [TrafficSystem.TrafficPipeline]: Pipeline Session Summary: Processed 1 frames in 0.24s (Avg FPS: 4.9, Avg Latency: 181.55ms)
[2026-07-24 20:57:19] [INFO] [TrafficSystem.PriorityCalculator]: PriorityCalculator initialized with weights: {'pce': 0.45, 'queue': 0.35, 'congestion': 0.2}
[2026-07-24 20:59:57] [INFO] [TrafficSystem.PriorityCalculator]: PriorityCalculator initialized with normalized weights: {'pce': 0.45, 'queue': 0.35, 'congestion': 0.2}
[2026-07-24 21:00:48] [INFO] [TrafficSystem.PriorityCalculator]: PriorityCalculator initialized with normalized weights: {'pce': 0.45, 'queue': 0.35, 'congestion': 0.2}
[2026-07-24 21:00:48] [INFO] [TrafficSystem.PriorityCalculator]: [Rank #1] Lane: North  | PCE: 6.75  | Queue: 10.50 | Congestion: 5.00  | Total: 22.25
[2026-07-24 21:00:48] [INFO] [TrafficSystem.PriorityCalculator]: [Rank #2] Lane: East   | PCE: 3.38  | Queue: 3.50  | Congestion: 2.30  | Total: 9.18
[2026-07-24 21:00:48] [INFO] [TrafficSystem.PriorityCalculator]: [Rank #3] Lane: West   | PCE: 1.80  | Queue: 1.75  | Congestion: 1.20  | Total: 4.75
[2026-07-24 21:00:48] [INFO] [TrafficSystem.PriorityCalculator]: [Rank #4] Lane: South  | PCE: 0.90  | Queue: 0.00  | Congestion: 0.40  | Total: 1.30
[2026-07-24 21:07:45] [INFO] [TrafficSystem.SignalScheduler]: SignalScheduler initialized (Min Green: 10s, Max Green: 60s, Yellow: 3s)
[2026-07-24 21:07:45] [INFO] [TrafficSystem.SignalScheduler]: [Scheduler] Winner: North  | Score: 22.25 | Green: 40s | Reason: NORMAL
[2026-07-24 21:07:45] [INFO] [TrafficSystem.SignalScheduler]: SignalScheduler initialized (Min Green: 10s, Max Green: 60s, Yellow: 3s)
[2026-07-24 21:07:45] [INFO] [TrafficSystem.SignalScheduler]: [Scheduler] Winner: North  | Score: 15.00 | Green: 35s | Reason: NORMAL
[2026-07-24 21:07:45] [INFO] [TrafficSystem.SignalScheduler]: SignalScheduler initialized (Min Green: 10s, Max Green: 60s, Yellow: 3s)
[2026-07-24 21:07:45] [INFO] [TrafficSystem.SignalScheduler]: [Scheduler] Winner: East   | Score: 0.00  | Green: 10s | Reason: NORMAL
[2026-07-24 21:07:45] [INFO] [TrafficSystem.SignalScheduler]: SignalScheduler initialized (Min Green: 10s, Max Green: 60s, Yellow: 3s)
[2026-07-24 21:07:45] [INFO] [TrafficSystem.SignalScheduler]: [Scheduler] Winner: North  | Score: 10.00 | Green: 60s | Reason: NORMAL
[2026-07-24 21:07:45] [INFO] [TrafficSystem.SignalScheduler]: SignalScheduler initialized (Min Green: 10s, Max Green: 60s, Yellow: 3s)
[2026-07-24 21:07:45] [ERROR] [TrafficSystem.SignalScheduler]: Schedule called with empty or None PriorityResult.
[2026-07-24 21:07:45] [ERROR] [TrafficSystem.SignalScheduler]: Schedule called with empty or None PriorityResult.
[2026-07-24 21:10:51] [INFO] [TrafficSystem.FairnessManager]: FairnessManager initialized with bonus per cycle: 5.0
[2026-07-24 21:10:51] [INFO] [TrafficSystem.FairnessManager]: FairnessManager initialized with bonus per cycle: 5.0
[2026-07-24 21:10:51] [INFO] [TrafficSystem.FairnessManager]: [Fairness Updated] Green: 'North' (Reset to 0). Waiting cycles: {'North': 0, 'South': 1, 'East': 1, 'West': 1}
[2026-07-24 21:10:51] [INFO] [TrafficSystem.FairnessManager]: [Fairness Updated] Green: 'North' (Reset to 0). Waiting cycles: {'North': 0, 'South': 2, 'East': 2, 'West': 2}
[2026-07-24 21:10:51] [INFO] [TrafficSystem.FairnessManager]: FairnessManager initialized with bonus per cycle: 5.0
[2026-07-24 21:10:51] [INFO] [TrafficSystem.FairnessManager]: [Fairness] Lane: South  | Base Score: 5.00 | Wait Cycles: 5 | Bonus: +25.00 | Adjusted: 30.00
[2026-07-24 21:10:51] [INFO] [TrafficSystem.FairnessManager]: FairnessManager initialized with bonus per cycle: 5.0
[2026-07-24 21:10:51] [INFO] [TrafficSystem.SignalScheduler]: SignalScheduler initialized (Min Green: 10s, Max Green: 60s, Yellow: 3s)
[2026-07-24 21:10:51] [INFO] [TrafficSystem.FairnessManager]: [Fairness] Lane: South  | Base Score: 5.00 | Wait Cycles: 4 | Bonus: +20.00 | Adjusted: 25.00
[2026-07-24 21:10:51] [INFO] [TrafficSystem.SignalScheduler]: [Scheduler] Winner: South  | Score: 25.00 | Green: 41s | Reason: NORMAL
[2026-07-24 21:10:51] [INFO] [TrafficSystem.FairnessManager]: [Fairness Updated] Green: 'South' (Reset to 0). Waiting cycles: {'North': 1, 'South': 0, 'East': 1, 'West': 1}
[2026-07-24 21:13:49] [INFO] [TrafficSystem.FairnessManager]: FairnessManager initialized (Bonus/cycle: 5.0, Max Cap: 25.0)
[2026-07-24 21:13:49] [INFO] [TrafficSystem.FairnessManager]: [Fairness] Lane: South  | Base Score: 5.00 | Wait Cycles: 100 | Bonus: +25.00 | Adjusted: 30.00
[2026-07-24 21:13:49] [INFO] [TrafficSystem.EmergencyOverride]: EmergencyOverride initialized with boost score: 1000.0
[2026-07-24 21:13:49] [WARNING] [TrafficSystem.EmergencyOverride]: 🚨 EMERGENCY VEHICLE DETECTED in lane(s): ['South']! Granting immediate priority green override.
[2026-07-24 21:13:49] [INFO] [TrafficSystem.FairnessManager]: FairnessManager initialized (Bonus/cycle: 5.0, Max Cap: 25.0)
[2026-07-24 21:13:49] [INFO] [TrafficSystem.EmergencyOverride]: EmergencyOverride initialized with boost score: 1000.0
[2026-07-24 21:13:49] [INFO] [TrafficSystem.SignalScheduler]: SignalScheduler initialized (Min Green: 10s, Max Green: 60s, Yellow: 3s)
[2026-07-24 21:13:49] [WARNING] [TrafficSystem.EmergencyOverride]: 🚨 EMERGENCY VEHICLE DETECTED in lane(s): ['West']! Granting immediate priority green override.
[2026-07-24 21:13:49] [INFO] [TrafficSystem.SignalScheduler]: [Scheduler] Winner: West   | Score: 1010.00 | Green: 58s | Reason: NORMAL
[2026-07-24 21:17:06] [INFO] [TrafficSystem.Main]: ==================================================
[2026-07-24 21:17:06] [INFO] [TrafficSystem.Main]:    Smart Traffic Management System - Sprint 1    
[2026-07-24 21:17:06] [INFO] [TrafficSystem.Main]:    Camera Ingestion & YOLO Vehicle Detection     
[2026-07-24 21:17:06] [INFO] [TrafficSystem.Main]: ==================================================
[2026-07-24 21:17:06] [INFO] [TrafficSystem.TrafficPipeline]: Initializing Sprint 2 Traffic Pipeline...
[2026-07-24 21:17:06] [INFO] [TrafficSystem.CameraManager]: Opening video source: 'C:\Users\ashek\Desktop\smart-traffic-management\videos\traffic.mp4'...
[2026-07-24 21:17:06] [INFO] [TrafficSystem.CameraManager]: Stream opened successfully. Resolution: (1280, 720), FPS: 30.0
[2026-07-24 21:17:06] [INFO] [TrafficSystem.ModelManager]: Initializing YOLO model: 'yolo11n.pt'...
[2026-07-24 21:17:06] [INFO] [TrafficSystem.ModelManager]: Model 'yolo11n.pt' loaded successfully!
[2026-07-24 21:17:06] [INFO] [TrafficSystem.VehicleDetector]: VehicleDetector initialized focusing on classes: {2: 'car', 3: 'motorcycle', 5: 'bus', 7: 'truck'}
[2026-07-24 21:17:06] [INFO] [TrafficSystem.ByteTracker]: ByteTracker initialized using Ultralytics ByteTrack algorithm.
[2026-07-24 21:17:06] [INFO] [TrafficSystem.LaneManager]: LaneManager initialized with 4 lanes: ['North', 'South', 'East', 'West']
[2026-07-24 21:17:06] [INFO] [TrafficSystem.TrafficPipeline]: Sprint 2 Traffic Pipeline fully initialized and ready!
[2026-07-24 21:17:06] [INFO] [TrafficSystem.Main]: Starting video processing. Press 'q' in the window to exit.
[2026-07-24 21:17:07] [INFO] [TrafficSystem.Visualizer]: Output VideoWriter initialized: 'C:\Users\ashek\Desktop\smart-traffic-management\outputs\sprint2_analytics_20260724_211706.mp4' (1280x720 @ 30.0 FPS)
[2026-07-24 21:17:07] [ERROR] [TrafficSystem.Main]: Unhandled error during frame execution: too many values to unpack (expected 3)
Traceback (most recent call last):
  File "C:\Users\ashek\Desktop\smart-traffic-management\main.py", line 51, in main
    has_frame, annotated_frame, detections = pipeline.process_step()
    ^^^^^^^^^^^^^^^^^^^^^^^^^^^^^^^^^^^^^^
ValueError: too many values to unpack (expected 3)
[2026-07-24 21:17:07] [INFO] [TrafficSystem.TrafficPipeline]: Shutting down Sprint 2 Traffic Pipeline...
[2026-07-24 21:17:07] [INFO] [TrafficSystem.CameraManager]: Video stream released successfully.
[2026-07-24 21:17:07] [INFO] [TrafficSystem.Visualizer]: VideoWriter released successfully.
[2026-07-24 21:17:07] [INFO] [TrafficSystem.TrafficPipeline]: Pipeline Session Summary: Processed 1 frames in 0.37s (Avg FPS: 2.9, Avg Latency: 200.54ms)
[2026-07-24 21:17:07] [INFO] [TrafficSystem.Main]: Clean shutdown complete.
[2026-07-24 21:23:57] [INFO] [TrafficSystem.SignalController]: SignalController initialized and ready for ESP32 hardware command generation.
[2026-07-24 21:23:57] [INFO] [TrafficSystem.SignalController]: [ESP32 Hardware Command #1] GREEN -> 'North' (35s) | Reason: NORMAL
[2026-07-24 21:23:57] [INFO] [TrafficSystem.SignalController]: [ESP32 Hardware Command #2] GREEN -> 'North' (35s) | Reason: NORMAL
[2026-07-24 21:26:05] [INFO] [TrafficSystem.SignalController]: SignalController initialized and ready for ESP32 hardware command generation.
[2026-07-24 21:26:05] [INFO] [TrafficSystem.SignalController]: [ESP32 Hardware Command #1] GREEN -> 'North' (35s) | Reason: NORMAL
[2026-07-24 21:26:31] [INFO] [TrafficSystem.TrafficPipeline]: Initializing Smart Traffic Management System Pipeline...
[2026-07-24 21:26:31] [INFO] [TrafficSystem.CameraManager]: Opening video source: 'C:\Users\ashek\Desktop\smart-traffic-management\videos\traffic.mp4'...
[2026-07-24 21:26:31] [INFO] [TrafficSystem.CameraManager]: Stream opened successfully. Resolution: (1280, 720), FPS: 30.0
[2026-07-24 21:26:31] [INFO] [TrafficSystem.ModelManager]: Initializing YOLO model: 'yolo11n.pt'...
[2026-07-24 21:26:31] [INFO] [TrafficSystem.ModelManager]: Model 'yolo11n.pt' loaded successfully!
[2026-07-24 21:26:31] [INFO] [TrafficSystem.VehicleDetector]: VehicleDetector initialized focusing on classes: {2: 'car', 3: 'motorcycle', 5: 'bus', 7: 'truck'}
[2026-07-24 21:26:31] [INFO] [TrafficSystem.ByteTracker]: ByteTracker initialized using Ultralytics ByteTrack algorithm.
[2026-07-24 21:26:31] [INFO] [TrafficSystem.LaneManager]: LaneManager initialized with 4 lanes: ['North', 'South', 'East', 'West']
[2026-07-24 21:26:31] [INFO] [TrafficSystem.PriorityCalculator]: PriorityCalculator initialized with normalized weights: {'pce': 0.45, 'queue': 0.35, 'congestion': 0.2}
[2026-07-24 21:26:31] [INFO] [TrafficSystem.FairnessManager]: FairnessManager initialized (Bonus/cycle: 5.0, Max Cap: 25.0)
[2026-07-24 21:26:31] [INFO] [TrafficSystem.EmergencyOverride]: EmergencyOverride initialized with boost score: 1000.0
[2026-07-24 21:26:31] [INFO] [TrafficSystem.SignalScheduler]: SignalScheduler initialized (Min Green: 10s, Max Green: 60s, Yellow: 3s)
[2026-07-24 21:26:31] [INFO] [TrafficSystem.SignalController]: SignalController initialized and ready for ESP32 hardware command generation.
[2026-07-24 21:26:31] [INFO] [TrafficSystem.TrafficPipeline]: Smart Traffic Management System Pipeline fully initialized and ready!
[2026-07-24 21:26:31] [INFO] [TrafficSystem.PriorityCalculator]: [Rank #1] Lane: North  | PCE: 0.00  | Queue: 0.00  | Congestion: 0.00  | Total: 0.00
[2026-07-24 21:26:31] [INFO] [TrafficSystem.PriorityCalculator]: [Rank #2] Lane: South  | PCE: 0.00  | Queue: 0.00  | Congestion: 0.00  | Total: 0.00
[2026-07-24 21:26:31] [INFO] [TrafficSystem.PriorityCalculator]: [Rank #3] Lane: East   | PCE: 0.00  | Queue: 0.00  | Congestion: 0.00  | Total: 0.00
[2026-07-24 21:26:31] [INFO] [TrafficSystem.PriorityCalculator]: [Rank #4] Lane: West   | PCE: 0.00  | Queue: 0.00  | Congestion: 0.00  | Total: 0.00
[2026-07-24 21:26:31] [INFO] [TrafficSystem.SignalScheduler]: [Scheduler] Winner: North  | Score: 0.00  | Green: 10s | Reason: NORMAL
[2026-07-24 21:26:31] [INFO] [TrafficSystem.FairnessManager]: [Fairness Updated] Green: 'North' (Reset to 0). Waiting cycles: {'North': 0, 'South': 1, 'East': 1, 'West': 1}
[2026-07-24 21:26:31] [INFO] [TrafficSystem.SignalController]: [ESP32 Hardware Command #1] GREEN -> 'North' (10s) | Reason: NORMAL
[2026-07-24 21:26:31] [INFO] [TrafficSystem.TrafficPipeline]: Shutting down Traffic Pipeline...
[2026-07-24 21:26:31] [INFO] [TrafficSystem.CameraManager]: Video stream released successfully.
[2026-07-24 21:26:31] [INFO] [TrafficSystem.TrafficPipeline]: Pipeline Session Summary: Processed 1 frames in 0.27s (Avg FPS: 3.9, Avg Latency: 198.82ms)
[2026-07-24 21:29:02] [INFO] [TrafficSystem.Main]: ==================================================
[2026-07-24 21:29:02] [INFO] [TrafficSystem.Main]:        Smart Traffic Management System           
[2026-07-24 21:29:02] [INFO] [TrafficSystem.Main]:  AI Perception + Analytics + Adaptive Signal Engine
[2026-07-24 21:29:02] [INFO] [TrafficSystem.Main]: ==================================================
[2026-07-24 21:29:02] [INFO] [TrafficSystem.TrafficPipeline]: Initializing Smart Traffic Management System Pipeline...
[2026-07-24 21:29:02] [INFO] [TrafficSystem.CameraManager]: Opening video source: 'C:\Users\ashek\Desktop\smart-traffic-management\videos\traffic.mp4'...
[2026-07-24 21:29:02] [INFO] [TrafficSystem.CameraManager]: Stream opened successfully. Resolution: (1280, 720), FPS: 30.0
[2026-07-24 21:29:02] [INFO] [TrafficSystem.ModelManager]: Initializing YOLO model: 'yolo11n.pt'...
[2026-07-24 21:29:02] [INFO] [TrafficSystem.ModelManager]: Model 'yolo11n.pt' loaded successfully!
[2026-07-24 21:29:02] [INFO] [TrafficSystem.VehicleDetector]: VehicleDetector initialized focusing on classes: {2: 'car', 3: 'motorcycle', 5: 'bus', 7: 'truck'}
[2026-07-24 21:29:02] [INFO] [TrafficSystem.ByteTracker]: ByteTracker initialized using Ultralytics ByteTrack algorithm.
[2026-07-24 21:29:02] [INFO] [TrafficSystem.LaneManager]: LaneManager initialized with 4 lanes: ['North', 'South', 'East', 'West']
[2026-07-24 21:29:02] [INFO] [TrafficSystem.PriorityCalculator]: PriorityCalculator initialized with normalized weights: {'pce': 0.45, 'queue': 0.35, 'congestion': 0.2}
[2026-07-24 21:29:02] [INFO] [TrafficSystem.FairnessManager]: FairnessManager initialized (Bonus/cycle: 5.0, Max Cap: 25.0)
[2026-07-24 21:29:02] [INFO] [TrafficSystem.EmergencyOverride]: EmergencyOverride initialized with boost score: 1000.0
[2026-07-24 21:29:02] [INFO] [TrafficSystem.SignalScheduler]: SignalScheduler initialized (Min Green: 10s, Max Green: 60s, Yellow: 3s)
[2026-07-24 21:29:02] [INFO] [TrafficSystem.SignalController]: SignalController initialized and ready for ESP32 hardware command generation.
[2026-07-24 21:29:02] [INFO] [TrafficSystem.TrafficPipeline]: Smart Traffic Management System Pipeline fully initialized and ready!
[2026-07-24 21:29:02] [INFO] [TrafficSystem.Main]: Starting video processing. Press 'q' in the window to exit.
[2026-07-24 21:29:03] [INFO] [TrafficSystem.PriorityCalculator]: [Rank #1] Lane: North  | PCE: 0.00  | Queue: 0.00  | Congestion: 0.00  | Total: 0.00
[2026-07-24 21:29:03] [INFO] [TrafficSystem.PriorityCalculator]: [Rank #2] Lane: South  | PCE: 0.00  | Queue: 0.00  | Congestion: 0.00  | Total: 0.00
[2026-07-24 21:29:03] [INFO] [TrafficSystem.PriorityCalculator]: [Rank #3] Lane: East   | PCE: 0.00  | Queue: 0.00  | Congestion: 0.00  | Total: 0.00
[2026-07-24 21:29:03] [INFO] [TrafficSystem.PriorityCalculator]: [Rank #4] Lane: West   | PCE: 0.00  | Queue: 0.00  | Congestion: 0.00  | Total: 0.00
[2026-07-24 21:29:03] [INFO] [TrafficSystem.SignalScheduler]: [Scheduler] Winner: North  | Score: 0.00  | Green: 10s | Reason: NORMAL
[2026-07-24 21:29:03] [INFO] [TrafficSystem.FairnessManager]: [Fairness Updated] Green: 'North' (Reset to 0). Waiting cycles: {'North': 0, 'South': 1, 'East': 1, 'West': 1}
[2026-07-24 21:29:03] [INFO] [TrafficSystem.SignalController]: [ESP32 Hardware Command #1] GREEN -> 'North' (10s) | Reason: NORMAL
[2026-07-24 21:29:03] [INFO] [TrafficSystem.Visualizer]: Output VideoWriter initialized: 'C:\Users\ashek\Desktop\smart-traffic-management\outputs\traffic_system_20260724_212902.mp4' (1280x720 @ 30.0 FPS)
[2026-07-24 21:29:03] [INFO] [TrafficSystem.PriorityCalculator]: [Rank #1] Lane: North  | PCE: 0.00  | Queue: 0.00  | Congestion: 0.00  | Total: 0.00
[2026-07-24 21:29:03] [INFO] [TrafficSystem.PriorityCalculator]: [Rank #2] Lane: South  | PCE: 0.00  | Queue: 0.00  | Congestion: 0.00  | Total: 0.00
[2026-07-24 21:29:03] [INFO] [TrafficSystem.PriorityCalculator]: [Rank #3] Lane: East   | PCE: 0.00  | Queue: 0.00  | Congestion: 0.00  | Total: 0.00
[2026-07-24 21:29:03] [INFO] [TrafficSystem.PriorityCalculator]: [Rank #4] Lane: West   | PCE: 0.00  | Queue: 0.00  | Congestion: 0.00  | Total: 0.00
[2026-07-24 21:29:03] [INFO] [TrafficSystem.FairnessManager]: [Fairness] Lane: South  | Base Score: 0.00 | Wait Cycles: 1 | Bonus: +5.00 | Adjusted: 5.00
[2026-07-24 21:29:03] [INFO] [TrafficSystem.FairnessManager]: [Fairness] Lane: East   | Base Score: 0.00 | Wait Cycles: 1 | Bonus: +5.00 | Adjusted: 5.00
[2026-07-24 21:29:03] [INFO] [TrafficSystem.FairnessManager]: [Fairness] Lane: West   | Base Score: 0.00 | Wait Cycles: 1 | Bonus: +5.00 | Adjusted: 5.00
[2026-07-24 21:29:03] [INFO] [TrafficSystem.SignalScheduler]: [Scheduler] Winner: South  | Score: 5.00  | Green: 27s | Reason: NORMAL
[2026-07-24 21:29:03] [INFO] [TrafficSystem.FairnessManager]: [Fairness Updated] Green: 'South' (Reset to 0). Waiting cycles: {'North': 1, 'South': 0, 'East': 2, 'West': 2}
[2026-07-24 21:29:03] [INFO] [TrafficSystem.SignalController]: [ESP32 Hardware Command #2] GREEN -> 'South' (27s) | Reason: NORMAL
[2026-07-24 21:29:03] [INFO] [TrafficSystem.PriorityCalculator]: [Rank #1] Lane: North  | PCE: 0.00  | Queue: 0.00  | Congestion: 0.00  | Total: 0.00
[2026-07-24 21:29:03] [INFO] [TrafficSystem.PriorityCalculator]: [Rank #2] Lane: South  | PCE: 0.00  | Queue: 0.00  | Congestion: 0.00  | Total: 0.00
[2026-07-24 21:29:03] [INFO] [TrafficSystem.PriorityCalculator]: [Rank #3] Lane: East   | PCE: 0.00  | Queue: 0.00  | Congestion: 0.00  | Total: 0.00
[2026-07-24 21:29:03] [INFO] [TrafficSystem.PriorityCalculator]: [Rank #4] Lane: West   | PCE: 0.00  | Queue: 0.00  | Congestion: 0.00  | Total: 0.00
[2026-07-24 21:29:03] [INFO] [TrafficSystem.FairnessManager]: [Fairness] Lane: East   | Base Score: 0.00 | Wait Cycles: 2 | Bonus: +10.00 | Adjusted: 10.00
[2026-07-24 21:29:03] [INFO] [TrafficSystem.FairnessManager]: [Fairness] Lane: West   | Base Score: 0.00 | Wait Cycles: 2 | Bonus: +10.00 | Adjusted: 10.00
[2026-07-24 21:29:03] [INFO] [TrafficSystem.FairnessManager]: [Fairness] Lane: North  | Base Score: 0.00 | Wait Cycles: 1 | Bonus: +5.00 | Adjusted: 5.00
[2026-07-24 21:29:03] [INFO] [TrafficSystem.SignalScheduler]: [Scheduler] Winner: East   | Score: 10.00 | Green: 30s | Reason: NORMAL
[2026-07-24 21:29:03] [INFO] [TrafficSystem.FairnessManager]: [Fairness Updated] Green: 'East' (Reset to 0). Waiting cycles: {'North': 2, 'South': 1, 'East': 0, 'West': 3}
[2026-07-24 21:29:03] [INFO] [TrafficSystem.SignalController]: [ESP32 Hardware Command #3] GREEN -> 'East' (30s) | Reason: NORMAL
[2026-07-24 21:29:03] [INFO] [TrafficSystem.PriorityCalculator]: [Rank #1] Lane: North  | PCE: 0.00  | Queue: 0.00  | Congestion: 0.00  | Total: 0.00
[2026-07-24 21:29:03] [INFO] [TrafficSystem.PriorityCalculator]: [Rank #2] Lane: South  | PCE: 0.00  | Queue: 0.00  | Congestion: 0.00  | Total: 0.00
[2026-07-24 21:29:03] [INFO] [TrafficSystem.PriorityCalculator]: [Rank #3] Lane: East   | PCE: 0.00  | Queue: 0.00  | Congestion: 0.00  | Total: 0.00
[2026-07-24 21:29:03] [INFO] [TrafficSystem.PriorityCalculator]: [Rank #4] Lane: West   | PCE: 0.00  | Queue: 0.00  | Congestion: 0.00  | Total: 0.00
[2026-07-24 21:29:03] [INFO] [TrafficSystem.FairnessManager]: [Fairness] Lane: West   | Base Score: 0.00 | Wait Cycles: 3 | Bonus: +15.00 | Adjusted: 15.00
[2026-07-24 21:29:03] [INFO] [TrafficSystem.FairnessManager]: [Fairness] Lane: North  | Base Score: 0.00 | Wait Cycles: 2 | Bonus: +10.00 | Adjusted: 10.00
[2026-07-24 21:29:03] [INFO] [TrafficSystem.FairnessManager]: [Fairness] Lane: South  | Base Score: 0.00 | Wait Cycles: 1 | Bonus: +5.00 | Adjusted: 5.00
[2026-07-24 21:29:03] [INFO] [TrafficSystem.SignalScheduler]: [Scheduler] Winner: West   | Score: 15.00 | Green: 35s | Reason: NORMAL
[2026-07-24 21:29:03] [INFO] [TrafficSystem.FairnessManager]: [Fairness Updated] Green: 'West' (Reset to 0). Waiting cycles: {'North': 3, 'South': 2, 'East': 1, 'West': 0}
[2026-07-24 21:29:03] [INFO] [TrafficSystem.SignalController]: [ESP32 Hardware Command #4] GREEN -> 'West' (35s) | Reason: NORMAL
[2026-07-24 21:29:03] [INFO] [TrafficSystem.PriorityCalculator]: [Rank #1] Lane: North  | PCE: 0.00  | Queue: 0.00  | Congestion: 0.00  | Total: 0.00
[2026-07-24 21:29:03] [INFO] [TrafficSystem.PriorityCalculator]: [Rank #2] Lane: South  | PCE: 0.00  | Queue: 0.00  | Congestion: 0.00  | Total: 0.00
[2026-07-24 21:29:03] [INFO] [TrafficSystem.PriorityCalculator]: [Rank #3] Lane: East   | PCE: 0.00  | Queue: 0.00  | Congestion: 0.00  | Total: 0.00
[2026-07-24 21:29:03] [INFO] [TrafficSystem.PriorityCalculator]: [Rank #4] Lane: West   | PCE: 0.00  | Queue: 0.00  | Congestion: 0.00  | Total: 0.00
[2026-07-24 21:29:03] [INFO] [TrafficSystem.FairnessManager]: [Fairness] Lane: North  | Base Score: 0.00 | Wait Cycles: 3 | Bonus: +15.00 | Adjusted: 15.00
[2026-07-24 21:29:03] [INFO] [TrafficSystem.FairnessManager]: [Fairness] Lane: South  | Base Score: 0.00 | Wait Cycles: 2 | Bonus: +10.00 | Adjusted: 10.00
[2026-07-24 21:29:03] [INFO] [TrafficSystem.FairnessManager]: [Fairness] Lane: East   | Base Score: 0.00 | Wait Cycles: 1 | Bonus: +5.00 | Adjusted: 5.00
[2026-07-24 21:29:03] [INFO] [TrafficSystem.SignalScheduler]: [Scheduler] Winner: North  | Score: 15.00 | Green: 35s | Reason: NORMAL
[2026-07-24 21:29:03] [INFO] [TrafficSystem.FairnessManager]: [Fairness Updated] Green: 'North' (Reset to 0). Waiting cycles: {'North': 0, 'South': 3, 'East': 2, 'West': 1}
[2026-07-24 21:29:03] [INFO] [TrafficSystem.SignalController]: [ESP32 Hardware Command #5] GREEN -> 'North' (35s) | Reason: NORMAL
[2026-07-24 21:29:03] [INFO] [TrafficSystem.PriorityCalculator]: [Rank #1] Lane: North  | PCE: 0.00  | Queue: 0.00  | Congestion: 0.00  | Total: 0.00
[2026-07-24 21:29:03] [INFO] [TrafficSystem.PriorityCalculator]: [Rank #2] Lane: South  | PCE: 0.00  | Queue: 0.00  | Congestion: 0.00  | Total: 0.00
[2026-07-24 21:29:03] [INFO] [TrafficSystem.PriorityCalculator]: [Rank #3] Lane: East   | PCE: 0.00  | Queue: 0.00  | Congestion: 0.00  | Total: 0.00
[2026-07-24 21:29:03] [INFO] [TrafficSystem.PriorityCalculator]: [Rank #4] Lane: West   | PCE: 0.00  | Queue: 0.00  | Congestion: 0.00  | Total: 0.00
[2026-07-24 21:29:03] [INFO] [TrafficSystem.FairnessManager]: [Fairness] Lane: South  | Base Score: 0.00 | Wait Cycles: 3 | Bonus: +15.00 | Adjusted: 15.00
[2026-07-24 21:29:03] [INFO] [TrafficSystem.FairnessManager]: [Fairness] Lane: East   | Base Score: 0.00 | Wait Cycles: 2 | Bonus: +10.00 | Adjusted: 10.00
[2026-07-24 21:29:03] [INFO] [TrafficSystem.FairnessManager]: [Fairness] Lane: West   | Base Score: 0.00 | Wait Cycles: 1 | Bonus: +5.00 | Adjusted: 5.00
[2026-07-24 21:29:03] [INFO] [TrafficSystem.SignalScheduler]: [Scheduler] Winner: South  | Score: 15.00 | Green: 35s | Reason: NORMAL
[2026-07-24 21:29:03] [INFO] [TrafficSystem.FairnessManager]: [Fairness Updated] Green: 'South' (Reset to 0). Waiting cycles: {'North': 1, 'South': 0, 'East': 3, 'West': 2}
[2026-07-24 21:29:03] [INFO] [TrafficSystem.SignalController]: [ESP32 Hardware Command #6] GREEN -> 'South' (35s) | Reason: NORMAL
[2026-07-24 21:29:04] [INFO] [TrafficSystem.PriorityCalculator]: [Rank #1] Lane: North  | PCE: 0.00  | Queue: 0.00  | Congestion: 0.00  | Total: 0.00
[2026-07-24 21:29:04] [INFO] [TrafficSystem.PriorityCalculator]: [Rank #2] Lane: South  | PCE: 0.00  | Queue: 0.00  | Congestion: 0.00  | Total: 0.00
[2026-07-24 21:29:04] [INFO] [TrafficSystem.PriorityCalculator]: [Rank #3] Lane: East   | PCE: 0.00  | Queue: 0.00  | Congestion: 0.00  | Total: 0.00
[2026-07-24 21:29:04] [INFO] [TrafficSystem.PriorityCalculator]: [Rank #4] Lane: West   | PCE: 0.00  | Queue: 0.00  | Congestion: 0.00  | Total: 0.00
[2026-07-24 21:29:04] [INFO] [TrafficSystem.FairnessManager]: [Fairness] Lane: East   | Base Score: 0.00 | Wait Cycles: 3 | Bonus: +15.00 | Adjusted: 15.00
[2026-07-24 21:29:04] [INFO] [TrafficSystem.FairnessManager]: [Fairness] Lane: West   | Base Score: 0.00 | Wait Cycles: 2 | Bonus: +10.00 | Adjusted: 10.00
[2026-07-24 21:29:04] [INFO] [TrafficSystem.FairnessManager]: [Fairness] Lane: North  | Base Score: 0.00 | Wait Cycles: 1 | Bonus: +5.00 | Adjusted: 5.00
[2026-07-24 21:29:04] [INFO] [TrafficSystem.SignalScheduler]: [Scheduler] Winner: East   | Score: 15.00 | Green: 35s | Reason: NORMAL
[2026-07-24 21:29:04] [INFO] [TrafficSystem.FairnessManager]: [Fairness Updated] Green: 'East' (Reset to 0). Waiting cycles: {'North': 2, 'South': 1, 'East': 0, 'West': 3}
[2026-07-24 21:29:04] [INFO] [TrafficSystem.SignalController]: [ESP32 Hardware Command #7] GREEN -> 'East' (35s) | Reason: NORMAL
[2026-07-24 21:29:04] [INFO] [TrafficSystem.PriorityCalculator]: [Rank #1] Lane: North  | PCE: 0.00  | Queue: 0.00  | Congestion: 0.00  | Total: 0.00
[2026-07-24 21:29:04] [INFO] [TrafficSystem.PriorityCalculator]: [Rank #2] Lane: South  | PCE: 0.00  | Queue: 0.00  | Congestion: 0.00  | Total: 0.00
[2026-07-24 21:29:04] [INFO] [TrafficSystem.PriorityCalculator]: [Rank #3] Lane: East   | PCE: 0.00  | Queue: 0.00  | Congestion: 0.00  | Total: 0.00
[2026-07-24 21:29:04] [INFO] [TrafficSystem.PriorityCalculator]: [Rank #4] Lane: West   | PCE: 0.00  | Queue: 0.00  | Congestion: 0.00  | Total: 0.00
[2026-07-24 21:29:04] [INFO] [TrafficSystem.FairnessManager]: [Fairness] Lane: West   | Base Score: 0.00 | Wait Cycles: 3 | Bonus: +15.00 | Adjusted: 15.00
[2026-07-24 21:29:04] [INFO] [TrafficSystem.FairnessManager]: [Fairness] Lane: North  | Base Score: 0.00 | Wait Cycles: 2 | Bonus: +10.00 | Adjusted: 10.00
[2026-07-24 21:29:04] [INFO] [TrafficSystem.FairnessManager]: [Fairness] Lane: South  | Base Score: 0.00 | Wait Cycles: 1 | Bonus: +5.00 | Adjusted: 5.00
[2026-07-24 21:29:04] [INFO] [TrafficSystem.SignalScheduler]: [Scheduler] Winner: West   | Score: 15.00 | Green: 35s | Reason: NORMAL
[2026-07-24 21:29:04] [INFO] [TrafficSystem.FairnessManager]: [Fairness Updated] Green: 'West' (Reset to 0). Waiting cycles: {'North': 3, 'South': 2, 'East': 1, 'West': 0}
[2026-07-24 21:29:04] [INFO] [TrafficSystem.SignalController]: [ESP32 Hardware Command #8] GREEN -> 'West' (35s) | Reason: NORMAL
[2026-07-24 21:29:04] [INFO] [TrafficSystem.PriorityCalculator]: [Rank #1] Lane: North  | PCE: 0.00  | Queue: 0.00  | Congestion: 0.00  | Total: 0.00
[2026-07-24 21:29:04] [INFO] [TrafficSystem.PriorityCalculator]: [Rank #2] Lane: South  | PCE: 0.00  | Queue: 0.00  | Congestion: 0.00  | Total: 0.00
[2026-07-24 21:29:04] [INFO] [TrafficSystem.PriorityCalculator]: [Rank #3] Lane: East   | PCE: 0.00  | Queue: 0.00  | Congestion: 0.00  | Total: 0.00
[2026-07-24 21:29:04] [INFO] [TrafficSystem.PriorityCalculator]: [Rank #4] Lane: West   | PCE: 0.00  | Queue: 0.00  | Congestion: 0.00  | Total: 0.00
[2026-07-24 21:29:04] [INFO] [TrafficSystem.FairnessManager]: [Fairness] Lane: North  | Base Score: 0.00 | Wait Cycles: 3 | Bonus: +15.00 | Adjusted: 15.00
[2026-07-24 21:29:04] [INFO] [TrafficSystem.FairnessManager]: [Fairness] Lane: South  | Base Score: 0.00 | Wait Cycles: 2 | Bonus: +10.00 | Adjusted: 10.00
[2026-07-24 21:29:04] [INFO] [TrafficSystem.FairnessManager]: [Fairness] Lane: East   | Base Score: 0.00 | Wait Cycles: 1 | Bonus: +5.00 | Adjusted: 5.00
[2026-07-24 21:29:04] [INFO] [TrafficSystem.SignalScheduler]: [Scheduler] Winner: North  | Score: 15.00 | Green: 35s | Reason: NORMAL
[2026-07-24 21:29:04] [INFO] [TrafficSystem.FairnessManager]: [Fairness Updated] Green: 'North' (Reset to 0). Waiting cycles: {'North': 0, 'South': 3, 'East': 2, 'West': 1}
[2026-07-24 21:29:04] [INFO] [TrafficSystem.SignalController]: [ESP32 Hardware Command #9] GREEN -> 'North' (35s) | Reason: NORMAL
[2026-07-24 21:29:04] [INFO] [TrafficSystem.PriorityCalculator]: [Rank #1] Lane: North  | PCE: 0.00  | Queue: 0.00  | Congestion: 0.00  | Total: 0.00
[2026-07-24 21:29:04] [INFO] [TrafficSystem.PriorityCalculator]: [Rank #2] Lane: South  | PCE: 0.00  | Queue: 0.00  | Congestion: 0.00  | Total: 0.00
[2026-07-24 21:29:04] [INFO] [TrafficSystem.PriorityCalculator]: [Rank #3] Lane: East   | PCE: 0.00  | Queue: 0.00  | Congestion: 0.00  | Total: 0.00
[2026-07-24 21:29:04] [INFO] [TrafficSystem.PriorityCalculator]: [Rank #4] Lane: West   | PCE: 0.00  | Queue: 0.00  | Congestion: 0.00  | Total: 0.00
[2026-07-24 21:29:04] [INFO] [TrafficSystem.FairnessManager]: [Fairness] Lane: South  | Base Score: 0.00 | Wait Cycles: 3 | Bonus: +15.00 | Adjusted: 15.00
[2026-07-24 21:29:04] [INFO] [TrafficSystem.FairnessManager]: [Fairness] Lane: East   | Base Score: 0.00 | Wait Cycles: 2 | Bonus: +10.00 | Adjusted: 10.00
[2026-07-24 21:29:04] [INFO] [TrafficSystem.FairnessManager]: [Fairness] Lane: West   | Base Score: 0.00 | Wait Cycles: 1 | Bonus: +5.00 | Adjusted: 5.00
[2026-07-24 21:29:04] [INFO] [TrafficSystem.SignalScheduler]: [Scheduler] Winner: South  | Score: 15.00 | Green: 35s | Reason: NORMAL
[2026-07-24 21:29:04] [INFO] [TrafficSystem.FairnessManager]: [Fairness Updated] Green: 'South' (Reset to 0). Waiting cycles: {'North': 1, 'South': 0, 'East': 3, 'West': 2}
[2026-07-24 21:29:04] [INFO] [TrafficSystem.SignalController]: [ESP32 Hardware Command #10] GREEN -> 'South' (35s) | Reason: NORMAL
[2026-07-24 21:29:04] [INFO] [TrafficSystem.PriorityCalculator]: [Rank #1] Lane: North  | PCE: 0.00  | Queue: 0.00  | Congestion: 0.00  | Total: 0.00
[2026-07-24 21:29:04] [INFO] [TrafficSystem.PriorityCalculator]: [Rank #2] Lane: South  | PCE: 0.00  | Queue: 0.00  | Congestion: 0.00  | Total: 0.00
[2026-07-24 21:29:04] [INFO] [TrafficSystem.PriorityCalculator]: [Rank #3] Lane: East   | PCE: 0.00  | Queue: 0.00  | Congestion: 0.00  | Total: 0.00
[2026-07-24 21:29:04] [INFO] [TrafficSystem.PriorityCalculator]: [Rank #4] Lane: West   | PCE: 0.00  | Queue: 0.00  | Congestion: 0.00  | Total: 0.00
[2026-07-24 21:29:04] [INFO] [TrafficSystem.FairnessManager]: [Fairness] Lane: East   | Base Score: 0.00 | Wait Cycles: 3 | Bonus: +15.00 | Adjusted: 15.00
[2026-07-24 21:29:04] [INFO] [TrafficSystem.FairnessManager]: [Fairness] Lane: West   | Base Score: 0.00 | Wait Cycles: 2 | Bonus: +10.00 | Adjusted: 10.00
[2026-07-24 21:29:04] [INFO] [TrafficSystem.FairnessManager]: [Fairness] Lane: North  | Base Score: 0.00 | Wait Cycles: 1 | Bonus: +5.00 | Adjusted: 5.00
[2026-07-24 21:29:04] [INFO] [TrafficSystem.SignalScheduler]: [Scheduler] Winner: East   | Score: 15.00 | Green: 35s | Reason: NORMAL
[2026-07-24 21:29:04] [INFO] [TrafficSystem.FairnessManager]: [Fairness Updated] Green: 'East' (Reset to 0). Waiting cycles: {'North': 2, 'South': 1, 'East': 0, 'West': 3}
[2026-07-24 21:29:04] [INFO] [TrafficSystem.SignalController]: [ESP32 Hardware Command #11] GREEN -> 'East' (35s) | Reason: NORMAL
[2026-07-24 21:29:04] [INFO] [TrafficSystem.PriorityCalculator]: [Rank #1] Lane: North  | PCE: 0.00  | Queue: 0.00  | Congestion: 0.00  | Total: 0.00
[2026-07-24 21:29:04] [INFO] [TrafficSystem.PriorityCalculator]: [Rank #2] Lane: South  | PCE: 0.00  | Queue: 0.00  | Congestion: 0.00  | Total: 0.00
[2026-07-24 21:29:04] [INFO] [TrafficSystem.PriorityCalculator]: [Rank #3] Lane: East   | PCE: 0.00  | Queue: 0.00  | Congestion: 0.00  | Total: 0.00
[2026-07-24 21:29:04] [INFO] [TrafficSystem.PriorityCalculator]: [Rank #4] Lane: West   | PCE: 0.00  | Queue: 0.00  | Congestion: 0.00  | Total: 0.00
[2026-07-24 21:29:04] [INFO] [TrafficSystem.FairnessManager]: [Fairness] Lane: West   | Base Score: 0.00 | Wait Cycles: 3 | Bonus: +15.00 | Adjusted: 15.00
[2026-07-24 21:29:04] [INFO] [TrafficSystem.FairnessManager]: [Fairness] Lane: North  | Base Score: 0.00 | Wait Cycles: 2 | Bonus: +10.00 | Adjusted: 10.00
[2026-07-24 21:29:04] [INFO] [TrafficSystem.FairnessManager]: [Fairness] Lane: South  | Base Score: 0.00 | Wait Cycles: 1 | Bonus: +5.00 | Adjusted: 5.00
[2026-07-24 21:29:04] [INFO] [TrafficSystem.SignalScheduler]: [Scheduler] Winner: West   | Score: 15.00 | Green: 35s | Reason: NORMAL
[2026-07-24 21:29:04] [INFO] [TrafficSystem.FairnessManager]: [Fairness Updated] Green: 'West' (Reset to 0). Waiting cycles: {'North': 3, 'South': 2, 'East': 1, 'West': 0}
[2026-07-24 21:29:04] [INFO] [TrafficSystem.SignalController]: [ESP32 Hardware Command #12] GREEN -> 'West' (35s) | Reason: NORMAL
[2026-07-24 21:29:04] [INFO] [TrafficSystem.PriorityCalculator]: [Rank #1] Lane: North  | PCE: 0.00  | Queue: 0.00  | Congestion: 0.00  | Total: 0.00
[2026-07-24 21:29:04] [INFO] [TrafficSystem.PriorityCalculator]: [Rank #2] Lane: South  | PCE: 0.00  | Queue: 0.00  | Congestion: 0.00  | Total: 0.00
[2026-07-24 21:29:04] [INFO] [TrafficSystem.PriorityCalculator]: [Rank #3] Lane: East   | PCE: 0.00  | Queue: 0.00  | Congestion: 0.00  | Total: 0.00
[2026-07-24 21:29:04] [INFO] [TrafficSystem.PriorityCalculator]: [Rank #4] Lane: West   | PCE: 0.00  | Queue: 0.00  | Congestion: 0.00  | Total: 0.00
[2026-07-24 21:29:04] [INFO] [TrafficSystem.FairnessManager]: [Fairness] Lane: North  | Base Score: 0.00 | Wait Cycles: 3 | Bonus: +15.00 | Adjusted: 15.00
[2026-07-24 21:29:04] [INFO] [TrafficSystem.FairnessManager]: [Fairness] Lane: South  | Base Score: 0.00 | Wait Cycles: 2 | Bonus: +10.00 | Adjusted: 10.00
[2026-07-24 21:29:04] [INFO] [TrafficSystem.FairnessManager]: [Fairness] Lane: East   | Base Score: 0.00 | Wait Cycles: 1 | Bonus: +5.00 | Adjusted: 5.00
[2026-07-24 21:29:04] [INFO] [TrafficSystem.SignalScheduler]: [Scheduler] Winner: North  | Score: 15.00 | Green: 35s | Reason: NORMAL
[2026-07-24 21:29:04] [INFO] [TrafficSystem.FairnessManager]: [Fairness Updated] Green: 'North' (Reset to 0). Waiting cycles: {'North': 0, 'South': 3, 'East': 2, 'West': 1}
[2026-07-24 21:29:04] [INFO] [TrafficSystem.SignalController]: [ESP32 Hardware Command #13] GREEN -> 'North' (35s) | Reason: NORMAL
[2026-07-24 21:29:04] [INFO] [TrafficSystem.PriorityCalculator]: [Rank #1] Lane: North  | PCE: 0.00  | Queue: 0.00  | Congestion: 0.00  | Total: 0.00
[2026-07-24 21:29:04] [INFO] [TrafficSystem.PriorityCalculator]: [Rank #2] Lane: South  | PCE: 0.00  | Queue: 0.00  | Congestion: 0.00  | Total: 0.00
[2026-07-24 21:29:04] [INFO] [TrafficSystem.PriorityCalculator]: [Rank #3] Lane: East   | PCE: 0.00  | Queue: 0.00  | Congestion: 0.00  | Total: 0.00
[2026-07-24 21:29:04] [INFO] [TrafficSystem.PriorityCalculator]: [Rank #4] Lane: West   | PCE: 0.00  | Queue: 0.00  | Congestion: 0.00  | Total: 0.00
[2026-07-24 21:29:04] [INFO] [TrafficSystem.FairnessManager]: [Fairness] Lane: South  | Base Score: 0.00 | Wait Cycles: 3 | Bonus: +15.00 | Adjusted: 15.00
[2026-07-24 21:29:04] [INFO] [TrafficSystem.FairnessManager]: [Fairness] Lane: East   | Base Score: 0.00 | Wait Cycles: 2 | Bonus: +10.00 | Adjusted: 10.00
[2026-07-24 21:29:04] [INFO] [TrafficSystem.FairnessManager]: [Fairness] Lane: West   | Base Score: 0.00 | Wait Cycles: 1 | Bonus: +5.00 | Adjusted: 5.00
[2026-07-24 21:29:04] [INFO] [TrafficSystem.SignalScheduler]: [Scheduler] Winner: South  | Score: 15.00 | Green: 35s | Reason: NORMAL
[2026-07-24 21:29:04] [INFO] [TrafficSystem.FairnessManager]: [Fairness Updated] Green: 'South' (Reset to 0). Waiting cycles: {'North': 1, 'South': 0, 'East': 3, 'West': 2}
[2026-07-24 21:29:04] [INFO] [TrafficSystem.SignalController]: [ESP32 Hardware Command #14] GREEN -> 'South' (35s) | Reason: NORMAL
[2026-07-24 21:29:04] [INFO] [TrafficSystem.PriorityCalculator]: [Rank #1] Lane: North  | PCE: 0.00  | Queue: 0.00  | Congestion: 0.00  | Total: 0.00
[2026-07-24 21:29:04] [INFO] [TrafficSystem.PriorityCalculator]: [Rank #2] Lane: South  | PCE: 0.00  | Queue: 0.00  | Congestion: 0.00  | Total: 0.00
[2026-07-24 21:29:04] [INFO] [TrafficSystem.PriorityCalculator]: [Rank #3] Lane: East   | PCE: 0.00  | Queue: 0.00  | Congestion: 0.00  | Total: 0.00
[2026-07-24 21:29:04] [INFO] [TrafficSystem.PriorityCalculator]: [Rank #4] Lane: West   | PCE: 0.00  | Queue: 0.00  | Congestion: 0.00  | Total: 0.00
[2026-07-24 21:29:04] [INFO] [TrafficSystem.FairnessManager]: [Fairness] Lane: East   | Base Score: 0.00 | Wait Cycles: 3 | Bonus: +15.00 | Adjusted: 15.00
[2026-07-24 21:29:04] [INFO] [TrafficSystem.FairnessManager]: [Fairness] Lane: West   | Base Score: 0.00 | Wait Cycles: 2 | Bonus: +10.00 | Adjusted: 10.00
[2026-07-24 21:29:04] [INFO] [TrafficSystem.FairnessManager]: [Fairness] Lane: North  | Base Score: 0.00 | Wait Cycles: 1 | Bonus: +5.00 | Adjusted: 5.00
[2026-07-24 21:29:04] [INFO] [TrafficSystem.SignalScheduler]: [Scheduler] Winner: East   | Score: 15.00 | Green: 35s | Reason: NORMAL
[2026-07-24 21:29:04] [INFO] [TrafficSystem.FairnessManager]: [Fairness Updated] Green: 'East' (Reset to 0). Waiting cycles: {'North': 2, 'South': 1, 'East': 0, 'West': 3}
[2026-07-24 21:29:04] [INFO] [TrafficSystem.SignalController]: [ESP32 Hardware Command #15] GREEN -> 'East' (35s) | Reason: NORMAL
[2026-07-24 21:29:04] [INFO] [TrafficSystem.PriorityCalculator]: [Rank #1] Lane: North  | PCE: 0.00  | Queue: 0.00  | Congestion: 0.00  | Total: 0.00
[2026-07-24 21:29:04] [INFO] [TrafficSystem.PriorityCalculator]: [Rank #2] Lane: South  | PCE: 0.00  | Queue: 0.00  | Congestion: 0.00  | Total: 0.00
[2026-07-24 21:29:04] [INFO] [TrafficSystem.PriorityCalculator]: [Rank #3] Lane: East   | PCE: 0.00  | Queue: 0.00  | Congestion: 0.00  | Total: 0.00
[2026-07-24 21:29:04] [INFO] [TrafficSystem.PriorityCalculator]: [Rank #4] Lane: West   | PCE: 0.00  | Queue: 0.00  | Congestion: 0.00  | Total: 0.00
[2026-07-24 21:29:04] [INFO] [TrafficSystem.FairnessManager]: [Fairness] Lane: West   | Base Score: 0.00 | Wait Cycles: 3 | Bonus: +15.00 | Adjusted: 15.00
[2026-07-24 21:29:04] [INFO] [TrafficSystem.FairnessManager]: [Fairness] Lane: North  | Base Score: 0.00 | Wait Cycles: 2 | Bonus: +10.00 | Adjusted: 10.00
[2026-07-24 21:29:04] [INFO] [TrafficSystem.FairnessManager]: [Fairness] Lane: South  | Base Score: 0.00 | Wait Cycles: 1 | Bonus: +5.00 | Adjusted: 5.00
[2026-07-24 21:29:04] [INFO] [TrafficSystem.SignalScheduler]: [Scheduler] Winner: West   | Score: 15.00 | Green: 35s | Reason: NORMAL
[2026-07-24 21:29:04] [INFO] [TrafficSystem.FairnessManager]: [Fairness Updated] Green: 'West' (Reset to 0). Waiting cycles: {'North': 3, 'South': 2, 'East': 1, 'West': 0}
[2026-07-24 21:29:04] [INFO] [TrafficSystem.SignalController]: [ESP32 Hardware Command #16] GREEN -> 'West' (35s) | Reason: NORMAL
[2026-07-24 21:29:04] [INFO] [TrafficSystem.PriorityCalculator]: [Rank #1] Lane: North  | PCE: 0.00  | Queue: 0.00  | Congestion: 0.00  | Total: 0.00
[2026-07-24 21:29:04] [INFO] [TrafficSystem.PriorityCalculator]: [Rank #2] Lane: South  | PCE: 0.00  | Queue: 0.00  | Congestion: 0.00  | Total: 0.00
[2026-07-24 21:29:04] [INFO] [TrafficSystem.PriorityCalculator]: [Rank #3] Lane: East   | PCE: 0.00  | Queue: 0.00  | Congestion: 0.00  | Total: 0.00
[2026-07-24 21:29:04] [INFO] [TrafficSystem.PriorityCalculator]: [Rank #4] Lane: West   | PCE: 0.00  | Queue: 0.00  | Congestion: 0.00  | Total: 0.00
[2026-07-24 21:29:04] [INFO] [TrafficSystem.FairnessManager]: [Fairness] Lane: North  | Base Score: 0.00 | Wait Cycles: 3 | Bonus: +15.00 | Adjusted: 15.00
[2026-07-24 21:29:04] [INFO] [TrafficSystem.FairnessManager]: [Fairness] Lane: South  | Base Score: 0.00 | Wait Cycles: 2 | Bonus: +10.00 | Adjusted: 10.00
[2026-07-24 21:29:04] [INFO] [TrafficSystem.FairnessManager]: [Fairness] Lane: East   | Base Score: 0.00 | Wait Cycles: 1 | Bonus: +5.00 | Adjusted: 5.00
[2026-07-24 21:29:04] [INFO] [TrafficSystem.SignalScheduler]: [Scheduler] Winner: North  | Score: 15.00 | Green: 35s | Reason: NORMAL
[2026-07-24 21:29:04] [INFO] [TrafficSystem.FairnessManager]: [Fairness Updated] Green: 'North' (Reset to 0). Waiting cycles: {'North': 0, 'South': 3, 'East': 2, 'West': 1}
[2026-07-24 21:29:04] [INFO] [TrafficSystem.SignalController]: [ESP32 Hardware Command #17] GREEN -> 'North' (35s) | Reason: NORMAL
[2026-07-24 21:29:05] [INFO] [TrafficSystem.PriorityCalculator]: [Rank #1] Lane: North  | PCE: 0.00  | Queue: 0.00  | Congestion: 0.00  | Total: 0.00
[2026-07-24 21:29:05] [INFO] [TrafficSystem.PriorityCalculator]: [Rank #2] Lane: South  | PCE: 0.00  | Queue: 0.00  | Congestion: 0.00  | Total: 0.00
[2026-07-24 21:29:05] [INFO] [TrafficSystem.PriorityCalculator]: [Rank #3] Lane: East   | PCE: 0.00  | Queue: 0.00  | Congestion: 0.00  | Total: 0.00
[2026-07-24 21:29:05] [INFO] [TrafficSystem.PriorityCalculator]: [Rank #4] Lane: West   | PCE: 0.00  | Queue: 0.00  | Congestion: 0.00  | Total: 0.00
[2026-07-24 21:29:05] [INFO] [TrafficSystem.FairnessManager]: [Fairness] Lane: South  | Base Score: 0.00 | Wait Cycles: 3 | Bonus: +15.00 | Adjusted: 15.00
[2026-07-24 21:29:05] [INFO] [TrafficSystem.FairnessManager]: [Fairness] Lane: East   | Base Score: 0.00 | Wait Cycles: 2 | Bonus: +10.00 | Adjusted: 10.00
[2026-07-24 21:29:05] [INFO] [TrafficSystem.FairnessManager]: [Fairness] Lane: West   | Base Score: 0.00 | Wait Cycles: 1 | Bonus: +5.00 | Adjusted: 5.00
[2026-07-24 21:29:05] [INFO] [TrafficSystem.SignalScheduler]: [Scheduler] Winner: South  | Score: 15.00 | Green: 35s | Reason: NORMAL
[2026-07-24 21:29:05] [INFO] [TrafficSystem.FairnessManager]: [Fairness Updated] Green: 'South' (Reset to 0). Waiting cycles: {'North': 1, 'South': 0, 'East': 3, 'West': 2}
[2026-07-24 21:29:05] [INFO] [TrafficSystem.SignalController]: [ESP32 Hardware Command #18] GREEN -> 'South' (35s) | Reason: NORMAL
[2026-07-24 21:29:05] [INFO] [TrafficSystem.PriorityCalculator]: [Rank #1] Lane: North  | PCE: 0.00  | Queue: 0.00  | Congestion: 0.00  | Total: 0.00
[2026-07-24 21:29:05] [INFO] [TrafficSystem.PriorityCalculator]: [Rank #2] Lane: South  | PCE: 0.00  | Queue: 0.00  | Congestion: 0.00  | Total: 0.00
[2026-07-24 21:29:05] [INFO] [TrafficSystem.PriorityCalculator]: [Rank #3] Lane: East   | PCE: 0.00  | Queue: 0.00  | Congestion: 0.00  | Total: 0.00
[2026-07-24 21:29:05] [INFO] [TrafficSystem.PriorityCalculator]: [Rank #4] Lane: West   | PCE: 0.00  | Queue: 0.00  | Congestion: 0.00  | Total: 0.00
[2026-07-24 21:29:05] [INFO] [TrafficSystem.FairnessManager]: [Fairness] Lane: East   | Base Score: 0.00 | Wait Cycles: 3 | Bonus: +15.00 | Adjusted: 15.00
[2026-07-24 21:29:05] [INFO] [TrafficSystem.FairnessManager]: [Fairness] Lane: West   | Base Score: 0.00 | Wait Cycles: 2 | Bonus: +10.00 | Adjusted: 10.00
[2026-07-24 21:29:05] [INFO] [TrafficSystem.FairnessManager]: [Fairness] Lane: North  | Base Score: 0.00 | Wait Cycles: 1 | Bonus: +5.00 | Adjusted: 5.00
[2026-07-24 21:29:05] [INFO] [TrafficSystem.SignalScheduler]: [Scheduler] Winner: East   | Score: 15.00 | Green: 35s | Reason: NORMAL
[2026-07-24 21:29:05] [INFO] [TrafficSystem.FairnessManager]: [Fairness Updated] Green: 'East' (Reset to 0). Waiting cycles: {'North': 2, 'South': 1, 'East': 0, 'West': 3}
[2026-07-24 21:29:05] [INFO] [TrafficSystem.SignalController]: [ESP32 Hardware Command #19] GREEN -> 'East' (35s) | Reason: NORMAL
[2026-07-24 21:29:05] [INFO] [TrafficSystem.PriorityCalculator]: [Rank #1] Lane: North  | PCE: 0.00  | Queue: 0.00  | Congestion: 0.00  | Total: 0.00
[2026-07-24 21:29:05] [INFO] [TrafficSystem.PriorityCalculator]: [Rank #2] Lane: South  | PCE: 0.00  | Queue: 0.00  | Congestion: 0.00  | Total: 0.00
[2026-07-24 21:29:05] [INFO] [TrafficSystem.PriorityCalculator]: [Rank #3] Lane: East   | PCE: 0.00  | Queue: 0.00  | Congestion: 0.00  | Total: 0.00
[2026-07-24 21:29:05] [INFO] [TrafficSystem.PriorityCalculator]: [Rank #4] Lane: West   | PCE: 0.00  | Queue: 0.00  | Congestion: 0.00  | Total: 0.00
[2026-07-24 21:29:05] [INFO] [TrafficSystem.FairnessManager]: [Fairness] Lane: West   | Base Score: 0.00 | Wait Cycles: 3 | Bonus: +15.00 | Adjusted: 15.00
[2026-07-24 21:29:05] [INFO] [TrafficSystem.FairnessManager]: [Fairness] Lane: North  | Base Score: 0.00 | Wait Cycles: 2 | Bonus: +10.00 | Adjusted: 10.00
[2026-07-24 21:29:05] [INFO] [TrafficSystem.FairnessManager]: [Fairness] Lane: South  | Base Score: 0.00 | Wait Cycles: 1 | Bonus: +5.00 | Adjusted: 5.00
[2026-07-24 21:29:05] [INFO] [TrafficSystem.SignalScheduler]: [Scheduler] Winner: West   | Score: 15.00 | Green: 35s | Reason: NORMAL
[2026-07-24 21:29:05] [INFO] [TrafficSystem.FairnessManager]: [Fairness Updated] Green: 'West' (Reset to 0). Waiting cycles: {'North': 3, 'South': 2, 'East': 1, 'West': 0}
[2026-07-24 21:29:05] [INFO] [TrafficSystem.SignalController]: [ESP32 Hardware Command #20] GREEN -> 'West' (35s) | Reason: NORMAL
[2026-07-24 21:29:05] [INFO] [TrafficSystem.PriorityCalculator]: [Rank #1] Lane: North  | PCE: 0.00  | Queue: 0.00  | Congestion: 0.00  | Total: 0.00
[2026-07-24 21:29:05] [INFO] [TrafficSystem.PriorityCalculator]: [Rank #2] Lane: South  | PCE: 0.00  | Queue: 0.00  | Congestion: 0.00  | Total: 0.00
[2026-07-24 21:29:05] [INFO] [TrafficSystem.PriorityCalculator]: [Rank #3] Lane: East   | PCE: 0.00  | Queue: 0.00  | Congestion: 0.00  | Total: 0.00
[2026-07-24 21:29:05] [INFO] [TrafficSystem.PriorityCalculator]: [Rank #4] Lane: West   | PCE: 0.00  | Queue: 0.00  | Congestion: 0.00  | Total: 0.00
[2026-07-24 21:29:05] [INFO] [TrafficSystem.FairnessManager]: [Fairness] Lane: North  | Base Score: 0.00 | Wait Cycles: 3 | Bonus: +15.00 | Adjusted: 15.00
[2026-07-24 21:29:05] [INFO] [TrafficSystem.FairnessManager]: [Fairness] Lane: South  | Base Score: 0.00 | Wait Cycles: 2 | Bonus: +10.00 | Adjusted: 10.00
[2026-07-24 21:29:05] [INFO] [TrafficSystem.FairnessManager]: [Fairness] Lane: East   | Base Score: 0.00 | Wait Cycles: 1 | Bonus: +5.00 | Adjusted: 5.00
[2026-07-24 21:29:05] [INFO] [TrafficSystem.SignalScheduler]: [Scheduler] Winner: North  | Score: 15.00 | Green: 35s | Reason: NORMAL
[2026-07-24 21:29:05] [INFO] [TrafficSystem.FairnessManager]: [Fairness Updated] Green: 'North' (Reset to 0). Waiting cycles: {'North': 0, 'South': 3, 'East': 2, 'West': 1}
[2026-07-24 21:29:05] [INFO] [TrafficSystem.SignalController]: [ESP32 Hardware Command #21] GREEN -> 'North' (35s) | Reason: NORMAL
[2026-07-24 21:29:05] [INFO] [TrafficSystem.PriorityCalculator]: [Rank #1] Lane: North  | PCE: 0.00  | Queue: 0.00  | Congestion: 0.00  | Total: 0.00
[2026-07-24 21:29:05] [INFO] [TrafficSystem.PriorityCalculator]: [Rank #2] Lane: South  | PCE: 0.00  | Queue: 0.00  | Congestion: 0.00  | Total: 0.00
[2026-07-24 21:29:05] [INFO] [TrafficSystem.PriorityCalculator]: [Rank #3] Lane: East   | PCE: 0.00  | Queue: 0.00  | Congestion: 0.00  | Total: 0.00
[2026-07-24 21:29:05] [INFO] [TrafficSystem.PriorityCalculator]: [Rank #4] Lane: West   | PCE: 0.00  | Queue: 0.00  | Congestion: 0.00  | Total: 0.00
[2026-07-24 21:29:05] [INFO] [TrafficSystem.FairnessManager]: [Fairness] Lane: South  | Base Score: 0.00 | Wait Cycles: 3 | Bonus: +15.00 | Adjusted: 15.00
[2026-07-24 21:29:05] [INFO] [TrafficSystem.FairnessManager]: [Fairness] Lane: East   | Base Score: 0.00 | Wait Cycles: 2 | Bonus: +10.00 | Adjusted: 10.00
[2026-07-24 21:29:05] [INFO] [TrafficSystem.FairnessManager]: [Fairness] Lane: West   | Base Score: 0.00 | Wait Cycles: 1 | Bonus: +5.00 | Adjusted: 5.00
[2026-07-24 21:29:05] [INFO] [TrafficSystem.SignalScheduler]: [Scheduler] Winner: South  | Score: 15.00 | Green: 35s | Reason: NORMAL
[2026-07-24 21:29:05] [INFO] [TrafficSystem.FairnessManager]: [Fairness Updated] Green: 'South' (Reset to 0). Waiting cycles: {'North': 1, 'South': 0, 'East': 3, 'West': 2}
[2026-07-24 21:29:05] [INFO] [TrafficSystem.SignalController]: [ESP32 Hardware Command #22] GREEN -> 'South' (35s) | Reason: NORMAL
[2026-07-24 21:29:05] [INFO] [TrafficSystem.PriorityCalculator]: [Rank #1] Lane: North  | PCE: 0.00  | Queue: 0.00  | Congestion: 0.00  | Total: 0.00
[2026-07-24 21:29:05] [INFO] [TrafficSystem.PriorityCalculator]: [Rank #2] Lane: South  | PCE: 0.00  | Queue: 0.00  | Congestion: 0.00  | Total: 0.00
[2026-07-24 21:29:05] [INFO] [TrafficSystem.PriorityCalculator]: [Rank #3] Lane: East   | PCE: 0.00  | Queue: 0.00  | Congestion: 0.00  | Total: 0.00
[2026-07-24 21:29:05] [INFO] [TrafficSystem.PriorityCalculator]: [Rank #4] Lane: West   | PCE: 0.00  | Queue: 0.00  | Congestion: 0.00  | Total: 0.00
[2026-07-24 21:29:05] [INFO] [TrafficSystem.FairnessManager]: [Fairness] Lane: East   | Base Score: 0.00 | Wait Cycles: 3 | Bonus: +15.00 | Adjusted: 15.00
[2026-07-24 21:29:05] [INFO] [TrafficSystem.FairnessManager]: [Fairness] Lane: West   | Base Score: 0.00 | Wait Cycles: 2 | Bonus: +10.00 | Adjusted: 10.00
[2026-07-24 21:29:05] [INFO] [TrafficSystem.FairnessManager]: [Fairness] Lane: North  | Base Score: 0.00 | Wait Cycles: 1 | Bonus: +5.00 | Adjusted: 5.00
[2026-07-24 21:29:05] [INFO] [TrafficSystem.SignalScheduler]: [Scheduler] Winner: East   | Score: 15.00 | Green: 35s | Reason: NORMAL
[2026-07-24 21:29:05] [INFO] [TrafficSystem.FairnessManager]: [Fairness Updated] Green: 'East' (Reset to 0). Waiting cycles: {'North': 2, 'South': 1, 'East': 0, 'West': 3}
[2026-07-24 21:29:05] [INFO] [TrafficSystem.SignalController]: [ESP32 Hardware Command #23] GREEN -> 'East' (35s) | Reason: NORMAL
[2026-07-24 21:29:05] [INFO] [TrafficSystem.PriorityCalculator]: [Rank #1] Lane: North  | PCE: 0.00  | Queue: 0.00  | Congestion: 0.00  | Total: 0.00
[2026-07-24 21:29:05] [INFO] [TrafficSystem.PriorityCalculator]: [Rank #2] Lane: South  | PCE: 0.00  | Queue: 0.00  | Congestion: 0.00  | Total: 0.00
[2026-07-24 21:29:05] [INFO] [TrafficSystem.PriorityCalculator]: [Rank #3] Lane: East   | PCE: 0.00  | Queue: 0.00  | Congestion: 0.00  | Total: 0.00
[2026-07-24 21:29:05] [INFO] [TrafficSystem.PriorityCalculator]: [Rank #4] Lane: West   | PCE: 0.00  | Queue: 0.00  | Congestion: 0.00  | Total: 0.00
[2026-07-24 21:29:05] [INFO] [TrafficSystem.FairnessManager]: [Fairness] Lane: West   | Base Score: 0.00 | Wait Cycles: 3 | Bonus: +15.00 | Adjusted: 15.00
[2026-07-24 21:29:05] [INFO] [TrafficSystem.FairnessManager]: [Fairness] Lane: North  | Base Score: 0.00 | Wait Cycles: 2 | Bonus: +10.00 | Adjusted: 10.00
[2026-07-24 21:29:05] [INFO] [TrafficSystem.FairnessManager]: [Fairness] Lane: South  | Base Score: 0.00 | Wait Cycles: 1 | Bonus: +5.00 | Adjusted: 5.00
[2026-07-24 21:29:05] [INFO] [TrafficSystem.SignalScheduler]: [Scheduler] Winner: West   | Score: 15.00 | Green: 35s | Reason: NORMAL
[2026-07-24 21:29:05] [INFO] [TrafficSystem.FairnessManager]: [Fairness Updated] Green: 'West' (Reset to 0). Waiting cycles: {'North': 3, 'South': 2, 'East': 1, 'West': 0}
[2026-07-24 21:29:05] [INFO] [TrafficSystem.SignalController]: [ESP32 Hardware Command #24] GREEN -> 'West' (35s) | Reason: NORMAL
[2026-07-24 21:29:05] [INFO] [TrafficSystem.PriorityCalculator]: [Rank #1] Lane: North  | PCE: 0.00  | Queue: 0.00  | Congestion: 0.00  | Total: 0.00
[2026-07-24 21:29:05] [INFO] [TrafficSystem.PriorityCalculator]: [Rank #2] Lane: South  | PCE: 0.00  | Queue: 0.00  | Congestion: 0.00  | Total: 0.00
[2026-07-24 21:29:05] [INFO] [TrafficSystem.PriorityCalculator]: [Rank #3] Lane: East   | PCE: 0.00  | Queue: 0.00  | Congestion: 0.00  | Total: 0.00
[2026-07-24 21:29:05] [INFO] [TrafficSystem.PriorityCalculator]: [Rank #4] Lane: West   | PCE: 0.00  | Queue: 0.00  | Congestion: 0.00  | Total: 0.00
[2026-07-24 21:29:05] [INFO] [TrafficSystem.FairnessManager]: [Fairness] Lane: North  | Base Score: 0.00 | Wait Cycles: 3 | Bonus: +15.00 | Adjusted: 15.00
[2026-07-24 21:29:05] [INFO] [TrafficSystem.FairnessManager]: [Fairness] Lane: South  | Base Score: 0.00 | Wait Cycles: 2 | Bonus: +10.00 | Adjusted: 10.00
[2026-07-24 21:29:05] [INFO] [TrafficSystem.FairnessManager]: [Fairness] Lane: East   | Base Score: 0.00 | Wait Cycles: 1 | Bonus: +5.00 | Adjusted: 5.00
[2026-07-24 21:29:05] [INFO] [TrafficSystem.SignalScheduler]: [Scheduler] Winner: North  | Score: 15.00 | Green: 35s | Reason: NORMAL
[2026-07-24 21:29:05] [INFO] [TrafficSystem.FairnessManager]: [Fairness Updated] Green: 'North' (Reset to 0). Waiting cycles: {'North': 0, 'South': 3, 'East': 2, 'West': 1}
[2026-07-24 21:29:05] [INFO] [TrafficSystem.SignalController]: [ESP32 Hardware Command #25] GREEN -> 'North' (35s) | Reason: NORMAL
[2026-07-24 21:29:05] [INFO] [TrafficSystem.PriorityCalculator]: [Rank #1] Lane: North  | PCE: 0.00  | Queue: 0.00  | Congestion: 0.00  | Total: 0.00
[2026-07-24 21:29:05] [INFO] [TrafficSystem.PriorityCalculator]: [Rank #2] Lane: South  | PCE: 0.00  | Queue: 0.00  | Congestion: 0.00  | Total: 0.00
[2026-07-24 21:29:05] [INFO] [TrafficSystem.PriorityCalculator]: [Rank #3] Lane: East   | PCE: 0.00  | Queue: 0.00  | Congestion: 0.00  | Total: 0.00
[2026-07-24 21:29:05] [INFO] [TrafficSystem.PriorityCalculator]: [Rank #4] Lane: West   | PCE: 0.00  | Queue: 0.00  | Congestion: 0.00  | Total: 0.00
[2026-07-24 21:29:05] [INFO] [TrafficSystem.FairnessManager]: [Fairness] Lane: South  | Base Score: 0.00 | Wait Cycles: 3 | Bonus: +15.00 | Adjusted: 15.00
[2026-07-24 21:29:05] [INFO] [TrafficSystem.FairnessManager]: [Fairness] Lane: East   | Base Score: 0.00 | Wait Cycles: 2 | Bonus: +10.00 | Adjusted: 10.00
[2026-07-24 21:29:05] [INFO] [TrafficSystem.FairnessManager]: [Fairness] Lane: West   | Base Score: 0.00 | Wait Cycles: 1 | Bonus: +5.00 | Adjusted: 5.00
[2026-07-24 21:29:05] [INFO] [TrafficSystem.SignalScheduler]: [Scheduler] Winner: South  | Score: 15.00 | Green: 35s | Reason: NORMAL
[2026-07-24 21:29:05] [INFO] [TrafficSystem.FairnessManager]: [Fairness Updated] Green: 'South' (Reset to 0). Waiting cycles: {'North': 1, 'South': 0, 'East': 3, 'West': 2}
[2026-07-24 21:29:05] [INFO] [TrafficSystem.SignalController]: [ESP32 Hardware Command #26] GREEN -> 'South' (35s) | Reason: NORMAL
[2026-07-24 21:29:05] [INFO] [TrafficSystem.PriorityCalculator]: [Rank #1] Lane: North  | PCE: 0.00  | Queue: 0.00  | Congestion: 0.00  | Total: 0.00
[2026-07-24 21:29:05] [INFO] [TrafficSystem.PriorityCalculator]: [Rank #2] Lane: South  | PCE: 0.00  | Queue: 0.00  | Congestion: 0.00  | Total: 0.00
[2026-07-24 21:29:05] [INFO] [TrafficSystem.PriorityCalculator]: [Rank #3] Lane: East   | PCE: 0.00  | Queue: 0.00  | Congestion: 0.00  | Total: 0.00
[2026-07-24 21:29:05] [INFO] [TrafficSystem.PriorityCalculator]: [Rank #4] Lane: West   | PCE: 0.00  | Queue: 0.00  | Congestion: 0.00  | Total: 0.00
[2026-07-24 21:29:05] [INFO] [TrafficSystem.FairnessManager]: [Fairness] Lane: East   | Base Score: 0.00 | Wait Cycles: 3 | Bonus: +15.00 | Adjusted: 15.00
[2026-07-24 21:29:05] [INFO] [TrafficSystem.FairnessManager]: [Fairness] Lane: West   | Base Score: 0.00 | Wait Cycles: 2 | Bonus: +10.00 | Adjusted: 10.00
[2026-07-24 21:29:05] [INFO] [TrafficSystem.FairnessManager]: [Fairness] Lane: North  | Base Score: 0.00 | Wait Cycles: 1 | Bonus: +5.00 | Adjusted: 5.00
[2026-07-24 21:29:05] [INFO] [TrafficSystem.SignalScheduler]: [Scheduler] Winner: East   | Score: 15.00 | Green: 35s | Reason: NORMAL
[2026-07-24 21:29:05] [INFO] [TrafficSystem.FairnessManager]: [Fairness Updated] Green: 'East' (Reset to 0). Waiting cycles: {'North': 2, 'South': 1, 'East': 0, 'West': 3}
[2026-07-24 21:29:05] [INFO] [TrafficSystem.SignalController]: [ESP32 Hardware Command #27] GREEN -> 'East' (35s) | Reason: NORMAL
[2026-07-24 21:29:06] [INFO] [TrafficSystem.PriorityCalculator]: [Rank #1] Lane: North  | PCE: 0.00  | Queue: 0.00  | Congestion: 0.00  | Total: 0.00
[2026-07-24 21:29:06] [INFO] [TrafficSystem.PriorityCalculator]: [Rank #2] Lane: South  | PCE: 0.00  | Queue: 0.00  | Congestion: 0.00  | Total: 0.00
[2026-07-24 21:29:06] [INFO] [TrafficSystem.PriorityCalculator]: [Rank #3] Lane: East   | PCE: 0.00  | Queue: 0.00  | Congestion: 0.00  | Total: 0.00
[2026-07-24 21:29:06] [INFO] [TrafficSystem.PriorityCalculator]: [Rank #4] Lane: West   | PCE: 0.00  | Queue: 0.00  | Congestion: 0.00  | Total: 0.00
[2026-07-24 21:29:06] [INFO] [TrafficSystem.FairnessManager]: [Fairness] Lane: West   | Base Score: 0.00 | Wait Cycles: 3 | Bonus: +15.00 | Adjusted: 15.00
[2026-07-24 21:29:06] [INFO] [TrafficSystem.FairnessManager]: [Fairness] Lane: North  | Base Score: 0.00 | Wait Cycles: 2 | Bonus: +10.00 | Adjusted: 10.00
[2026-07-24 21:29:06] [INFO] [TrafficSystem.FairnessManager]: [Fairness] Lane: South  | Base Score: 0.00 | Wait Cycles: 1 | Bonus: +5.00 | Adjusted: 5.00
[2026-07-24 21:29:06] [INFO] [TrafficSystem.SignalScheduler]: [Scheduler] Winner: West   | Score: 15.00 | Green: 35s | Reason: NORMAL
[2026-07-24 21:29:06] [INFO] [TrafficSystem.FairnessManager]: [Fairness Updated] Green: 'West' (Reset to 0). Waiting cycles: {'North': 3, 'South': 2, 'East': 1, 'West': 0}
[2026-07-24 21:29:06] [INFO] [TrafficSystem.SignalController]: [ESP32 Hardware Command #28] GREEN -> 'West' (35s) | Reason: NORMAL
[2026-07-24 21:29:06] [INFO] [TrafficSystem.PriorityCalculator]: [Rank #1] Lane: North  | PCE: 0.00  | Queue: 0.00  | Congestion: 0.00  | Total: 0.00
[2026-07-24 21:29:06] [INFO] [TrafficSystem.PriorityCalculator]: [Rank #2] Lane: South  | PCE: 0.00  | Queue: 0.00  | Congestion: 0.00  | Total: 0.00
[2026-07-24 21:29:06] [INFO] [TrafficSystem.PriorityCalculator]: [Rank #3] Lane: East   | PCE: 0.00  | Queue: 0.00  | Congestion: 0.00  | Total: 0.00
[2026-07-24 21:29:06] [INFO] [TrafficSystem.PriorityCalculator]: [Rank #4] Lane: West   | PCE: 0.00  | Queue: 0.00  | Congestion: 0.00  | Total: 0.00
[2026-07-24 21:29:06] [INFO] [TrafficSystem.FairnessManager]: [Fairness] Lane: North  | Base Score: 0.00 | Wait Cycles: 3 | Bonus: +15.00 | Adjusted: 15.00
[2026-07-24 21:29:06] [INFO] [TrafficSystem.FairnessManager]: [Fairness] Lane: South  | Base Score: 0.00 | Wait Cycles: 2 | Bonus: +10.00 | Adjusted: 10.00
[2026-07-24 21:29:06] [INFO] [TrafficSystem.FairnessManager]: [Fairness] Lane: East   | Base Score: 0.00 | Wait Cycles: 1 | Bonus: +5.00 | Adjusted: 5.00
[2026-07-24 21:29:06] [INFO] [TrafficSystem.SignalScheduler]: [Scheduler] Winner: North  | Score: 15.00 | Green: 35s | Reason: NORMAL
[2026-07-24 21:29:06] [INFO] [TrafficSystem.FairnessManager]: [Fairness Updated] Green: 'North' (Reset to 0). Waiting cycles: {'North': 0, 'South': 3, 'East': 2, 'West': 1}
[2026-07-24 21:29:06] [INFO] [TrafficSystem.SignalController]: [ESP32 Hardware Command #29] GREEN -> 'North' (35s) | Reason: NORMAL
[2026-07-24 21:29:06] [INFO] [TrafficSystem.PriorityCalculator]: [Rank #1] Lane: North  | PCE: 0.00  | Queue: 0.00  | Congestion: 0.00  | Total: 0.00
[2026-07-24 21:29:06] [INFO] [TrafficSystem.PriorityCalculator]: [Rank #2] Lane: South  | PCE: 0.00  | Queue: 0.00  | Congestion: 0.00  | Total: 0.00
[2026-07-24 21:29:06] [INFO] [TrafficSystem.PriorityCalculator]: [Rank #3] Lane: East   | PCE: 0.00  | Queue: 0.00  | Congestion: 0.00  | Total: 0.00
[2026-07-24 21:29:06] [INFO] [TrafficSystem.PriorityCalculator]: [Rank #4] Lane: West   | PCE: 0.00  | Queue: 0.00  | Congestion: 0.00  | Total: 0.00
[2026-07-24 21:29:06] [INFO] [TrafficSystem.FairnessManager]: [Fairness] Lane: South  | Base Score: 0.00 | Wait Cycles: 3 | Bonus: +15.00 | Adjusted: 15.00
[2026-07-24 21:29:06] [INFO] [TrafficSystem.FairnessManager]: [Fairness] Lane: East   | Base Score: 0.00 | Wait Cycles: 2 | Bonus: +10.00 | Adjusted: 10.00
[2026-07-24 21:29:06] [INFO] [TrafficSystem.FairnessManager]: [Fairness] Lane: West   | Base Score: 0.00 | Wait Cycles: 1 | Bonus: +5.00 | Adjusted: 5.00
[2026-07-24 21:29:06] [INFO] [TrafficSystem.SignalScheduler]: [Scheduler] Winner: South  | Score: 15.00 | Green: 35s | Reason: NORMAL
[2026-07-24 21:29:06] [INFO] [TrafficSystem.FairnessManager]: [Fairness Updated] Green: 'South' (Reset to 0). Waiting cycles: {'North': 1, 'South': 0, 'East': 3, 'West': 2}
[2026-07-24 21:29:06] [INFO] [TrafficSystem.SignalController]: [ESP32 Hardware Command #30] GREEN -> 'South' (35s) | Reason: NORMAL
[2026-07-24 21:29:06] [INFO] [TrafficSystem.PriorityCalculator]: [Rank #1] Lane: North  | PCE: 0.00  | Queue: 0.00  | Congestion: 0.00  | Total: 0.00
[2026-07-24 21:29:06] [INFO] [TrafficSystem.PriorityCalculator]: [Rank #2] Lane: South  | PCE: 0.00  | Queue: 0.00  | Congestion: 0.00  | Total: 0.00
[2026-07-24 21:29:06] [INFO] [TrafficSystem.PriorityCalculator]: [Rank #3] Lane: East   | PCE: 0.00  | Queue: 0.00  | Congestion: 0.00  | Total: 0.00
[2026-07-24 21:29:06] [INFO] [TrafficSystem.PriorityCalculator]: [Rank #4] Lane: West   | PCE: 0.00  | Queue: 0.00  | Congestion: 0.00  | Total: 0.00
[2026-07-24 21:29:06] [INFO] [TrafficSystem.FairnessManager]: [Fairness] Lane: East   | Base Score: 0.00 | Wait Cycles: 3 | Bonus: +15.00 | Adjusted: 15.00
[2026-07-24 21:29:06] [INFO] [TrafficSystem.FairnessManager]: [Fairness] Lane: West   | Base Score: 0.00 | Wait Cycles: 2 | Bonus: +10.00 | Adjusted: 10.00
[2026-07-24 21:29:06] [INFO] [TrafficSystem.FairnessManager]: [Fairness] Lane: North  | Base Score: 0.00 | Wait Cycles: 1 | Bonus: +5.00 | Adjusted: 5.00
[2026-07-24 21:29:06] [INFO] [TrafficSystem.SignalScheduler]: [Scheduler] Winner: East   | Score: 15.00 | Green: 35s | Reason: NORMAL
[2026-07-24 21:29:06] [INFO] [TrafficSystem.FairnessManager]: [Fairness Updated] Green: 'East' (Reset to 0). Waiting cycles: {'North': 2, 'South': 1, 'East': 0, 'West': 3}
[2026-07-24 21:29:06] [INFO] [TrafficSystem.SignalController]: [ESP32 Hardware Command #31] GREEN -> 'East' (35s) | Reason: NORMAL
[2026-07-24 21:29:06] [INFO] [TrafficSystem.PriorityCalculator]: [Rank #1] Lane: North  | PCE: 0.00  | Queue: 0.00  | Congestion: 0.00  | Total: 0.00
[2026-07-24 21:29:06] [INFO] [TrafficSystem.PriorityCalculator]: [Rank #2] Lane: South  | PCE: 0.00  | Queue: 0.00  | Congestion: 0.00  | Total: 0.00
[2026-07-24 21:29:06] [INFO] [TrafficSystem.PriorityCalculator]: [Rank #3] Lane: East   | PCE: 0.00  | Queue: 0.00  | Congestion: 0.00  | Total: 0.00
[2026-07-24 21:29:06] [INFO] [TrafficSystem.PriorityCalculator]: [Rank #4] Lane: West   | PCE: 0.00  | Queue: 0.00  | Congestion: 0.00  | Total: 0.00
[2026-07-24 21:29:06] [INFO] [TrafficSystem.FairnessManager]: [Fairness] Lane: West   | Base Score: 0.00 | Wait Cycles: 3 | Bonus: +15.00 | Adjusted: 15.00
[2026-07-24 21:29:06] [INFO] [TrafficSystem.FairnessManager]: [Fairness] Lane: North  | Base Score: 0.00 | Wait Cycles: 2 | Bonus: +10.00 | Adjusted: 10.00
[2026-07-24 21:29:06] [INFO] [TrafficSystem.FairnessManager]: [Fairness] Lane: South  | Base Score: 0.00 | Wait Cycles: 1 | Bonus: +5.00 | Adjusted: 5.00
[2026-07-24 21:29:06] [INFO] [TrafficSystem.SignalScheduler]: [Scheduler] Winner: West   | Score: 15.00 | Green: 35s | Reason: NORMAL
[2026-07-24 21:29:06] [INFO] [TrafficSystem.FairnessManager]: [Fairness Updated] Green: 'West' (Reset to 0). Waiting cycles: {'North': 3, 'South': 2, 'East': 1, 'West': 0}
[2026-07-24 21:29:06] [INFO] [TrafficSystem.SignalController]: [ESP32 Hardware Command #32] GREEN -> 'West' (35s) | Reason: NORMAL
[2026-07-24 21:29:06] [INFO] [TrafficSystem.PriorityCalculator]: [Rank #1] Lane: North  | PCE: 0.00  | Queue: 0.00  | Congestion: 0.00  | Total: 0.00
[2026-07-24 21:29:06] [INFO] [TrafficSystem.PriorityCalculator]: [Rank #2] Lane: South  | PCE: 0.00  | Queue: 0.00  | Congestion: 0.00  | Total: 0.00
[2026-07-24 21:29:06] [INFO] [TrafficSystem.PriorityCalculator]: [Rank #3] Lane: East   | PCE: 0.00  | Queue: 0.00  | Congestion: 0.00  | Total: 0.00
[2026-07-24 21:29:06] [INFO] [TrafficSystem.PriorityCalculator]: [Rank #4] Lane: West   | PCE: 0.00  | Queue: 0.00  | Congestion: 0.00  | Total: 0.00
[2026-07-24 21:29:06] [INFO] [TrafficSystem.FairnessManager]: [Fairness] Lane: North  | Base Score: 0.00 | Wait Cycles: 3 | Bonus: +15.00 | Adjusted: 15.00
[2026-07-24 21:29:06] [INFO] [TrafficSystem.FairnessManager]: [Fairness] Lane: South  | Base Score: 0.00 | Wait Cycles: 2 | Bonus: +10.00 | Adjusted: 10.00
[2026-07-24 21:29:06] [INFO] [TrafficSystem.FairnessManager]: [Fairness] Lane: East   | Base Score: 0.00 | Wait Cycles: 1 | Bonus: +5.00 | Adjusted: 5.00
[2026-07-24 21:29:06] [INFO] [TrafficSystem.SignalScheduler]: [Scheduler] Winner: North  | Score: 15.00 | Green: 35s | Reason: NORMAL
[2026-07-24 21:29:06] [INFO] [TrafficSystem.FairnessManager]: [Fairness Updated] Green: 'North' (Reset to 0). Waiting cycles: {'North': 0, 'South': 3, 'East': 2, 'West': 1}
[2026-07-24 21:29:06] [INFO] [TrafficSystem.SignalController]: [ESP32 Hardware Command #33] GREEN -> 'North' (35s) | Reason: NORMAL
[2026-07-24 21:29:06] [INFO] [TrafficSystem.PriorityCalculator]: [Rank #1] Lane: North  | PCE: 0.00  | Queue: 0.00  | Congestion: 0.00  | Total: 0.00
[2026-07-24 21:29:06] [INFO] [TrafficSystem.PriorityCalculator]: [Rank #2] Lane: South  | PCE: 0.00  | Queue: 0.00  | Congestion: 0.00  | Total: 0.00
[2026-07-24 21:29:06] [INFO] [TrafficSystem.PriorityCalculator]: [Rank #3] Lane: East   | PCE: 0.00  | Queue: 0.00  | Congestion: 0.00  | Total: 0.00
[2026-07-24 21:29:06] [INFO] [TrafficSystem.PriorityCalculator]: [Rank #4] Lane: West   | PCE: 0.00  | Queue: 0.00  | Congestion: 0.00  | Total: 0.00
[2026-07-24 21:29:06] [INFO] [TrafficSystem.FairnessManager]: [Fairness] Lane: South  | Base Score: 0.00 | Wait Cycles: 3 | Bonus: +15.00 | Adjusted: 15.00
[2026-07-24 21:29:06] [INFO] [TrafficSystem.FairnessManager]: [Fairness] Lane: East   | Base Score: 0.00 | Wait Cycles: 2 | Bonus: +10.00 | Adjusted: 10.00
[2026-07-24 21:29:06] [INFO] [TrafficSystem.FairnessManager]: [Fairness] Lane: West   | Base Score: 0.00 | Wait Cycles: 1 | Bonus: +5.00 | Adjusted: 5.00
[2026-07-24 21:29:06] [INFO] [TrafficSystem.SignalScheduler]: [Scheduler] Winner: South  | Score: 15.00 | Green: 35s | Reason: NORMAL
[2026-07-24 21:29:06] [INFO] [TrafficSystem.FairnessManager]: [Fairness Updated] Green: 'South' (Reset to 0). Waiting cycles: {'North': 1, 'South': 0, 'East': 3, 'West': 2}
[2026-07-24 21:29:06] [INFO] [TrafficSystem.SignalController]: [ESP32 Hardware Command #34] GREEN -> 'South' (35s) | Reason: NORMAL
[2026-07-24 21:29:06] [INFO] [TrafficSystem.PriorityCalculator]: [Rank #1] Lane: North  | PCE: 0.00  | Queue: 0.00  | Congestion: 0.00  | Total: 0.00
[2026-07-24 21:29:06] [INFO] [TrafficSystem.PriorityCalculator]: [Rank #2] Lane: South  | PCE: 0.00  | Queue: 0.00  | Congestion: 0.00  | Total: 0.00
[2026-07-24 21:29:06] [INFO] [TrafficSystem.PriorityCalculator]: [Rank #3] Lane: East   | PCE: 0.00  | Queue: 0.00  | Congestion: 0.00  | Total: 0.00
[2026-07-24 21:29:06] [INFO] [TrafficSystem.PriorityCalculator]: [Rank #4] Lane: West   | PCE: 0.00  | Queue: 0.00  | Congestion: 0.00  | Total: 0.00
[2026-07-24 21:29:06] [INFO] [TrafficSystem.FairnessManager]: [Fairness] Lane: East   | Base Score: 0.00 | Wait Cycles: 3 | Bonus: +15.00 | Adjusted: 15.00
[2026-07-24 21:29:06] [INFO] [TrafficSystem.FairnessManager]: [Fairness] Lane: West   | Base Score: 0.00 | Wait Cycles: 2 | Bonus: +10.00 | Adjusted: 10.00
[2026-07-24 21:29:06] [INFO] [TrafficSystem.FairnessManager]: [Fairness] Lane: North  | Base Score: 0.00 | Wait Cycles: 1 | Bonus: +5.00 | Adjusted: 5.00
[2026-07-24 21:29:06] [INFO] [TrafficSystem.SignalScheduler]: [Scheduler] Winner: East   | Score: 15.00 | Green: 35s | Reason: NORMAL
[2026-07-24 21:29:06] [INFO] [TrafficSystem.FairnessManager]: [Fairness Updated] Green: 'East' (Reset to 0). Waiting cycles: {'North': 2, 'South': 1, 'East': 0, 'West': 3}
[2026-07-24 21:29:06] [INFO] [TrafficSystem.SignalController]: [ESP32 Hardware Command #35] GREEN -> 'East' (35s) | Reason: NORMAL
[2026-07-24 21:29:06] [INFO] [TrafficSystem.PriorityCalculator]: [Rank #1] Lane: North  | PCE: 0.00  | Queue: 0.00  | Congestion: 0.00  | Total: 0.00
[2026-07-24 21:29:06] [INFO] [TrafficSystem.PriorityCalculator]: [Rank #2] Lane: South  | PCE: 0.00  | Queue: 0.00  | Congestion: 0.00  | Total: 0.00
[2026-07-24 21:29:06] [INFO] [TrafficSystem.PriorityCalculator]: [Rank #3] Lane: East   | PCE: 0.00  | Queue: 0.00  | Congestion: 0.00  | Total: 0.00
[2026-07-24 21:29:06] [INFO] [TrafficSystem.PriorityCalculator]: [Rank #4] Lane: West   | PCE: 0.00  | Queue: 0.00  | Congestion: 0.00  | Total: 0.00
[2026-07-24 21:29:06] [INFO] [TrafficSystem.FairnessManager]: [Fairness] Lane: West   | Base Score: 0.00 | Wait Cycles: 3 | Bonus: +15.00 | Adjusted: 15.00
[2026-07-24 21:29:06] [INFO] [TrafficSystem.FairnessManager]: [Fairness] Lane: North  | Base Score: 0.00 | Wait Cycles: 2 | Bonus: +10.00 | Adjusted: 10.00
[2026-07-24 21:29:06] [INFO] [TrafficSystem.FairnessManager]: [Fairness] Lane: South  | Base Score: 0.00 | Wait Cycles: 1 | Bonus: +5.00 | Adjusted: 5.00
[2026-07-24 21:29:06] [INFO] [TrafficSystem.SignalScheduler]: [Scheduler] Winner: West   | Score: 15.00 | Green: 35s | Reason: NORMAL
[2026-07-24 21:29:06] [INFO] [TrafficSystem.FairnessManager]: [Fairness Updated] Green: 'West' (Reset to 0). Waiting cycles: {'North': 3, 'South': 2, 'East': 1, 'West': 0}
[2026-07-24 21:29:06] [INFO] [TrafficSystem.SignalController]: [ESP32 Hardware Command #36] GREEN -> 'West' (35s) | Reason: NORMAL
[2026-07-24 21:29:06] [INFO] [TrafficSystem.PriorityCalculator]: [Rank #1] Lane: North  | PCE: 0.00  | Queue: 0.00  | Congestion: 0.00  | Total: 0.00
[2026-07-24 21:29:06] [INFO] [TrafficSystem.PriorityCalculator]: [Rank #2] Lane: South  | PCE: 0.00  | Queue: 0.00  | Congestion: 0.00  | Total: 0.00
[2026-07-24 21:29:06] [INFO] [TrafficSystem.PriorityCalculator]: [Rank #3] Lane: East   | PCE: 0.00  | Queue: 0.00  | Congestion: 0.00  | Total: 0.00
[2026-07-24 21:29:06] [INFO] [TrafficSystem.PriorityCalculator]: [Rank #4] Lane: West   | PCE: 0.00  | Queue: 0.00  | Congestion: 0.00  | Total: 0.00
[2026-07-24 21:29:06] [INFO] [TrafficSystem.FairnessManager]: [Fairness] Lane: North  | Base Score: 0.00 | Wait Cycles: 3 | Bonus: +15.00 | Adjusted: 15.00
[2026-07-24 21:29:06] [INFO] [TrafficSystem.FairnessManager]: [Fairness] Lane: South  | Base Score: 0.00 | Wait Cycles: 2 | Bonus: +10.00 | Adjusted: 10.00
[2026-07-24 21:29:06] [INFO] [TrafficSystem.FairnessManager]: [Fairness] Lane: East   | Base Score: 0.00 | Wait Cycles: 1 | Bonus: +5.00 | Adjusted: 5.00
[2026-07-24 21:29:06] [INFO] [TrafficSystem.SignalScheduler]: [Scheduler] Winner: North  | Score: 15.00 | Green: 35s | Reason: NORMAL
[2026-07-24 21:29:06] [INFO] [TrafficSystem.FairnessManager]: [Fairness Updated] Green: 'North' (Reset to 0). Waiting cycles: {'North': 0, 'South': 3, 'East': 2, 'West': 1}
[2026-07-24 21:29:06] [INFO] [TrafficSystem.SignalController]: [ESP32 Hardware Command #37] GREEN -> 'North' (35s) | Reason: NORMAL
[2026-07-24 21:29:06] [INFO] [TrafficSystem.PriorityCalculator]: [Rank #1] Lane: North  | PCE: 0.00  | Queue: 0.00  | Congestion: 0.00  | Total: 0.00
[2026-07-24 21:29:06] [INFO] [TrafficSystem.PriorityCalculator]: [Rank #2] Lane: South  | PCE: 0.00  | Queue: 0.00  | Congestion: 0.00  | Total: 0.00
[2026-07-24 21:29:06] [INFO] [TrafficSystem.PriorityCalculator]: [Rank #3] Lane: East   | PCE: 0.00  | Queue: 0.00  | Congestion: 0.00  | Total: 0.00
[2026-07-24 21:29:06] [INFO] [TrafficSystem.PriorityCalculator]: [Rank #4] Lane: West   | PCE: 0.00  | Queue: 0.00  | Congestion: 0.00  | Total: 0.00
[2026-07-24 21:29:06] [INFO] [TrafficSystem.FairnessManager]: [Fairness] Lane: South  | Base Score: 0.00 | Wait Cycles: 3 | Bonus: +15.00 | Adjusted: 15.00
[2026-07-24 21:29:06] [INFO] [TrafficSystem.FairnessManager]: [Fairness] Lane: East   | Base Score: 0.00 | Wait Cycles: 2 | Bonus: +10.00 | Adjusted: 10.00
[2026-07-24 21:29:06] [INFO] [TrafficSystem.FairnessManager]: [Fairness] Lane: West   | Base Score: 0.00 | Wait Cycles: 1 | Bonus: +5.00 | Adjusted: 5.00
[2026-07-24 21:29:06] [INFO] [TrafficSystem.SignalScheduler]: [Scheduler] Winner: South  | Score: 15.00 | Green: 35s | Reason: NORMAL
[2026-07-24 21:29:06] [INFO] [TrafficSystem.FairnessManager]: [Fairness Updated] Green: 'South' (Reset to 0). Waiting cycles: {'North': 1, 'South': 0, 'East': 3, 'West': 2}
[2026-07-24 21:29:06] [INFO] [TrafficSystem.SignalController]: [ESP32 Hardware Command #38] GREEN -> 'South' (35s) | Reason: NORMAL
[2026-07-24 21:29:07] [INFO] [TrafficSystem.PriorityCalculator]: [Rank #1] Lane: North  | PCE: 0.00  | Queue: 0.00  | Congestion: 0.00  | Total: 0.00
[2026-07-24 21:29:07] [INFO] [TrafficSystem.PriorityCalculator]: [Rank #2] Lane: South  | PCE: 0.00  | Queue: 0.00  | Congestion: 0.00  | Total: 0.00
[2026-07-24 21:29:07] [INFO] [TrafficSystem.PriorityCalculator]: [Rank #3] Lane: East   | PCE: 0.00  | Queue: 0.00  | Congestion: 0.00  | Total: 0.00
[2026-07-24 21:29:07] [INFO] [TrafficSystem.PriorityCalculator]: [Rank #4] Lane: West   | PCE: 0.00  | Queue: 0.00  | Congestion: 0.00  | Total: 0.00
[2026-07-24 21:29:07] [INFO] [TrafficSystem.FairnessManager]: [Fairness] Lane: East   | Base Score: 0.00 | Wait Cycles: 3 | Bonus: +15.00 | Adjusted: 15.00
[2026-07-24 21:29:07] [INFO] [TrafficSystem.FairnessManager]: [Fairness] Lane: West   | Base Score: 0.00 | Wait Cycles: 2 | Bonus: +10.00 | Adjusted: 10.00
[2026-07-24 21:29:07] [INFO] [TrafficSystem.FairnessManager]: [Fairness] Lane: North  | Base Score: 0.00 | Wait Cycles: 1 | Bonus: +5.00 | Adjusted: 5.00
[2026-07-24 21:29:07] [INFO] [TrafficSystem.SignalScheduler]: [Scheduler] Winner: East   | Score: 15.00 | Green: 35s | Reason: NORMAL
[2026-07-24 21:29:07] [INFO] [TrafficSystem.FairnessManager]: [Fairness Updated] Green: 'East' (Reset to 0). Waiting cycles: {'North': 2, 'South': 1, 'East': 0, 'West': 3}
[2026-07-24 21:29:07] [INFO] [TrafficSystem.SignalController]: [ESP32 Hardware Command #39] GREEN -> 'East' (35s) | Reason: NORMAL
[2026-07-24 21:29:07] [INFO] [TrafficSystem.PriorityCalculator]: [Rank #1] Lane: North  | PCE: 0.00  | Queue: 0.00  | Congestion: 0.00  | Total: 0.00
[2026-07-24 21:29:07] [INFO] [TrafficSystem.PriorityCalculator]: [Rank #2] Lane: South  | PCE: 0.00  | Queue: 0.00  | Congestion: 0.00  | Total: 0.00
[2026-07-24 21:29:07] [INFO] [TrafficSystem.PriorityCalculator]: [Rank #3] Lane: East   | PCE: 0.00  | Queue: 0.00  | Congestion: 0.00  | Total: 0.00
[2026-07-24 21:29:07] [INFO] [TrafficSystem.PriorityCalculator]: [Rank #4] Lane: West   | PCE: 0.00  | Queue: 0.00  | Congestion: 0.00  | Total: 0.00
[2026-07-24 21:29:07] [INFO] [TrafficSystem.FairnessManager]: [Fairness] Lane: West   | Base Score: 0.00 | Wait Cycles: 3 | Bonus: +15.00 | Adjusted: 15.00
[2026-07-24 21:29:07] [INFO] [TrafficSystem.FairnessManager]: [Fairness] Lane: North  | Base Score: 0.00 | Wait Cycles: 2 | Bonus: +10.00 | Adjusted: 10.00
[2026-07-24 21:29:07] [INFO] [TrafficSystem.FairnessManager]: [Fairness] Lane: South  | Base Score: 0.00 | Wait Cycles: 1 | Bonus: +5.00 | Adjusted: 5.00
[2026-07-24 21:29:07] [INFO] [TrafficSystem.SignalScheduler]: [Scheduler] Winner: West   | Score: 15.00 | Green: 35s | Reason: NORMAL
[2026-07-24 21:29:07] [INFO] [TrafficSystem.FairnessManager]: [Fairness Updated] Green: 'West' (Reset to 0). Waiting cycles: {'North': 3, 'South': 2, 'East': 1, 'West': 0}
[2026-07-24 21:29:07] [INFO] [TrafficSystem.SignalController]: [ESP32 Hardware Command #40] GREEN -> 'West' (35s) | Reason: NORMAL
[2026-07-24 21:29:07] [INFO] [TrafficSystem.PriorityCalculator]: [Rank #1] Lane: North  | PCE: 0.00  | Queue: 0.00  | Congestion: 0.00  | Total: 0.00
[2026-07-24 21:29:07] [INFO] [TrafficSystem.PriorityCalculator]: [Rank #2] Lane: South  | PCE: 0.00  | Queue: 0.00  | Congestion: 0.00  | Total: 0.00
[2026-07-24 21:29:07] [INFO] [TrafficSystem.PriorityCalculator]: [Rank #3] Lane: East   | PCE: 0.00  | Queue: 0.00  | Congestion: 0.00  | Total: 0.00
[2026-07-24 21:29:07] [INFO] [TrafficSystem.PriorityCalculator]: [Rank #4] Lane: West   | PCE: 0.00  | Queue: 0.00  | Congestion: 0.00  | Total: 0.00
[2026-07-24 21:29:07] [INFO] [TrafficSystem.FairnessManager]: [Fairness] Lane: North  | Base Score: 0.00 | Wait Cycles: 3 | Bonus: +15.00 | Adjusted: 15.00
[2026-07-24 21:29:07] [INFO] [TrafficSystem.FairnessManager]: [Fairness] Lane: South  | Base Score: 0.00 | Wait Cycles: 2 | Bonus: +10.00 | Adjusted: 10.00
[2026-07-24 21:29:07] [INFO] [TrafficSystem.FairnessManager]: [Fairness] Lane: East   | Base Score: 0.00 | Wait Cycles: 1 | Bonus: +5.00 | Adjusted: 5.00
[2026-07-24 21:29:07] [INFO] [TrafficSystem.SignalScheduler]: [Scheduler] Winner: North  | Score: 15.00 | Green: 35s | Reason: NORMAL
[2026-07-24 21:29:07] [INFO] [TrafficSystem.FairnessManager]: [Fairness Updated] Green: 'North' (Reset to 0). Waiting cycles: {'North': 0, 'South': 3, 'East': 2, 'West': 1}
[2026-07-24 21:29:07] [INFO] [TrafficSystem.SignalController]: [ESP32 Hardware Command #41] GREEN -> 'North' (35s) | Reason: NORMAL
[2026-07-24 21:29:07] [INFO] [TrafficSystem.PriorityCalculator]: [Rank #1] Lane: North  | PCE: 0.00  | Queue: 0.00  | Congestion: 0.00  | Total: 0.00
[2026-07-24 21:29:07] [INFO] [TrafficSystem.PriorityCalculator]: [Rank #2] Lane: South  | PCE: 0.00  | Queue: 0.00  | Congestion: 0.00  | Total: 0.00
[2026-07-24 21:29:07] [INFO] [TrafficSystem.PriorityCalculator]: [Rank #3] Lane: East   | PCE: 0.00  | Queue: 0.00  | Congestion: 0.00  | Total: 0.00
[2026-07-24 21:29:07] [INFO] [TrafficSystem.PriorityCalculator]: [Rank #4] Lane: West   | PCE: 0.00  | Queue: 0.00  | Congestion: 0.00  | Total: 0.00
[2026-07-24 21:29:07] [INFO] [TrafficSystem.FairnessManager]: [Fairness] Lane: South  | Base Score: 0.00 | Wait Cycles: 3 | Bonus: +15.00 | Adjusted: 15.00
[2026-07-24 21:29:07] [INFO] [TrafficSystem.FairnessManager]: [Fairness] Lane: East   | Base Score: 0.00 | Wait Cycles: 2 | Bonus: +10.00 | Adjusted: 10.00
[2026-07-24 21:29:07] [INFO] [TrafficSystem.FairnessManager]: [Fairness] Lane: West   | Base Score: 0.00 | Wait Cycles: 1 | Bonus: +5.00 | Adjusted: 5.00
[2026-07-24 21:29:07] [INFO] [TrafficSystem.SignalScheduler]: [Scheduler] Winner: South  | Score: 15.00 | Green: 35s | Reason: NORMAL
[2026-07-24 21:29:07] [INFO] [TrafficSystem.FairnessManager]: [Fairness Updated] Green: 'South' (Reset to 0). Waiting cycles: {'North': 1, 'South': 0, 'East': 3, 'West': 2}
[2026-07-24 21:29:07] [INFO] [TrafficSystem.SignalController]: [ESP32 Hardware Command #42] GREEN -> 'South' (35s) | Reason: NORMAL
[2026-07-24 21:29:07] [INFO] [TrafficSystem.PriorityCalculator]: [Rank #1] Lane: North  | PCE: 0.00  | Queue: 0.00  | Congestion: 0.00  | Total: 0.00
[2026-07-24 21:29:07] [INFO] [TrafficSystem.PriorityCalculator]: [Rank #2] Lane: South  | PCE: 0.00  | Queue: 0.00  | Congestion: 0.00  | Total: 0.00
[2026-07-24 21:29:07] [INFO] [TrafficSystem.PriorityCalculator]: [Rank #3] Lane: East   | PCE: 0.00  | Queue: 0.00  | Congestion: 0.00  | Total: 0.00
[2026-07-24 21:29:07] [INFO] [TrafficSystem.PriorityCalculator]: [Rank #4] Lane: West   | PCE: 0.00  | Queue: 0.00  | Congestion: 0.00  | Total: 0.00
[2026-07-24 21:29:07] [INFO] [TrafficSystem.FairnessManager]: [Fairness] Lane: East   | Base Score: 0.00 | Wait Cycles: 3 | Bonus: +15.00 | Adjusted: 15.00
[2026-07-24 21:29:07] [INFO] [TrafficSystem.FairnessManager]: [Fairness] Lane: West   | Base Score: 0.00 | Wait Cycles: 2 | Bonus: +10.00 | Adjusted: 10.00
[2026-07-24 21:29:07] [INFO] [TrafficSystem.FairnessManager]: [Fairness] Lane: North  | Base Score: 0.00 | Wait Cycles: 1 | Bonus: +5.00 | Adjusted: 5.00
[2026-07-24 21:29:07] [INFO] [TrafficSystem.SignalScheduler]: [Scheduler] Winner: East   | Score: 15.00 | Green: 35s | Reason: NORMAL
[2026-07-24 21:29:07] [INFO] [TrafficSystem.FairnessManager]: [Fairness Updated] Green: 'East' (Reset to 0). Waiting cycles: {'North': 2, 'South': 1, 'East': 0, 'West': 3}
[2026-07-24 21:29:07] [INFO] [TrafficSystem.SignalController]: [ESP32 Hardware Command #43] GREEN -> 'East' (35s) | Reason: NORMAL
[2026-07-24 21:29:07] [INFO] [TrafficSystem.PriorityCalculator]: [Rank #1] Lane: North  | PCE: 0.00  | Queue: 0.00  | Congestion: 0.00  | Total: 0.00
[2026-07-24 21:29:07] [INFO] [TrafficSystem.PriorityCalculator]: [Rank #2] Lane: South  | PCE: 0.00  | Queue: 0.00  | Congestion: 0.00  | Total: 0.00
[2026-07-24 21:29:07] [INFO] [TrafficSystem.PriorityCalculator]: [Rank #3] Lane: East   | PCE: 0.00  | Queue: 0.00  | Congestion: 0.00  | Total: 0.00
[2026-07-24 21:29:07] [INFO] [TrafficSystem.PriorityCalculator]: [Rank #4] Lane: West   | PCE: 0.00  | Queue: 0.00  | Congestion: 0.00  | Total: 0.00
[2026-07-24 21:29:07] [INFO] [TrafficSystem.FairnessManager]: [Fairness] Lane: West   | Base Score: 0.00 | Wait Cycles: 3 | Bonus: +15.00 | Adjusted: 15.00
[2026-07-24 21:29:07] [INFO] [TrafficSystem.FairnessManager]: [Fairness] Lane: North  | Base Score: 0.00 | Wait Cycles: 2 | Bonus: +10.00 | Adjusted: 10.00
[2026-07-24 21:29:07] [INFO] [TrafficSystem.FairnessManager]: [Fairness] Lane: South  | Base Score: 0.00 | Wait Cycles: 1 | Bonus: +5.00 | Adjusted: 5.00
[2026-07-24 21:29:07] [INFO] [TrafficSystem.SignalScheduler]: [Scheduler] Winner: West   | Score: 15.00 | Green: 35s | Reason: NORMAL
[2026-07-24 21:29:07] [INFO] [TrafficSystem.FairnessManager]: [Fairness Updated] Green: 'West' (Reset to 0). Waiting cycles: {'North': 3, 'South': 2, 'East': 1, 'West': 0}
[2026-07-24 21:29:07] [INFO] [TrafficSystem.SignalController]: [ESP32 Hardware Command #44] GREEN -> 'West' (35s) | Reason: NORMAL
[2026-07-24 21:29:07] [INFO] [TrafficSystem.PriorityCalculator]: [Rank #1] Lane: North  | PCE: 0.00  | Queue: 0.00  | Congestion: 0.00  | Total: 0.00
[2026-07-24 21:29:07] [INFO] [TrafficSystem.PriorityCalculator]: [Rank #2] Lane: South  | PCE: 0.00  | Queue: 0.00  | Congestion: 0.00  | Total: 0.00
[2026-07-24 21:29:07] [INFO] [TrafficSystem.PriorityCalculator]: [Rank #3] Lane: East   | PCE: 0.00  | Queue: 0.00  | Congestion: 0.00  | Total: 0.00
[2026-07-24 21:29:07] [INFO] [TrafficSystem.PriorityCalculator]: [Rank #4] Lane: West   | PCE: 0.00  | Queue: 0.00  | Congestion: 0.00  | Total: 0.00
[2026-07-24 21:29:07] [INFO] [TrafficSystem.FairnessManager]: [Fairness] Lane: North  | Base Score: 0.00 | Wait Cycles: 3 | Bonus: +15.00 | Adjusted: 15.00
[2026-07-24 21:29:07] [INFO] [TrafficSystem.FairnessManager]: [Fairness] Lane: South  | Base Score: 0.00 | Wait Cycles: 2 | Bonus: +10.00 | Adjusted: 10.00
[2026-07-24 21:29:07] [INFO] [TrafficSystem.FairnessManager]: [Fairness] Lane: East   | Base Score: 0.00 | Wait Cycles: 1 | Bonus: +5.00 | Adjusted: 5.00
[2026-07-24 21:29:07] [INFO] [TrafficSystem.SignalScheduler]: [Scheduler] Winner: North  | Score: 15.00 | Green: 35s | Reason: NORMAL
[2026-07-24 21:29:07] [INFO] [TrafficSystem.FairnessManager]: [Fairness Updated] Green: 'North' (Reset to 0). Waiting cycles: {'North': 0, 'South': 3, 'East': 2, 'West': 1}
[2026-07-24 21:29:07] [INFO] [TrafficSystem.SignalController]: [ESP32 Hardware Command #45] GREEN -> 'North' (35s) | Reason: NORMAL
[2026-07-24 21:29:07] [INFO] [TrafficSystem.PriorityCalculator]: [Rank #1] Lane: North  | PCE: 0.00  | Queue: 0.00  | Congestion: 0.00  | Total: 0.00
[2026-07-24 21:29:07] [INFO] [TrafficSystem.PriorityCalculator]: [Rank #2] Lane: South  | PCE: 0.00  | Queue: 0.00  | Congestion: 0.00  | Total: 0.00
[2026-07-24 21:29:07] [INFO] [TrafficSystem.PriorityCalculator]: [Rank #3] Lane: East   | PCE: 0.00  | Queue: 0.00  | Congestion: 0.00  | Total: 0.00
[2026-07-24 21:29:07] [INFO] [TrafficSystem.PriorityCalculator]: [Rank #4] Lane: West   | PCE: 0.00  | Queue: 0.00  | Congestion: 0.00  | Total: 0.00
[2026-07-24 21:29:07] [INFO] [TrafficSystem.FairnessManager]: [Fairness] Lane: South  | Base Score: 0.00 | Wait Cycles: 3 | Bonus: +15.00 | Adjusted: 15.00
[2026-07-24 21:29:07] [INFO] [TrafficSystem.FairnessManager]: [Fairness] Lane: East   | Base Score: 0.00 | Wait Cycles: 2 | Bonus: +10.00 | Adjusted: 10.00
[2026-07-24 21:29:07] [INFO] [TrafficSystem.FairnessManager]: [Fairness] Lane: West   | Base Score: 0.00 | Wait Cycles: 1 | Bonus: +5.00 | Adjusted: 5.00
[2026-07-24 21:29:07] [INFO] [TrafficSystem.SignalScheduler]: [Scheduler] Winner: South  | Score: 15.00 | Green: 35s | Reason: NORMAL
[2026-07-24 21:29:07] [INFO] [TrafficSystem.FairnessManager]: [Fairness Updated] Green: 'South' (Reset to 0). Waiting cycles: {'North': 1, 'South': 0, 'East': 3, 'West': 2}
[2026-07-24 21:29:07] [INFO] [TrafficSystem.SignalController]: [ESP32 Hardware Command #46] GREEN -> 'South' (35s) | Reason: NORMAL
[2026-07-24 21:29:07] [INFO] [TrafficSystem.PriorityCalculator]: [Rank #1] Lane: North  | PCE: 0.00  | Queue: 0.00  | Congestion: 0.00  | Total: 0.00
[2026-07-24 21:29:07] [INFO] [TrafficSystem.PriorityCalculator]: [Rank #2] Lane: South  | PCE: 0.00  | Queue: 0.00  | Congestion: 0.00  | Total: 0.00
[2026-07-24 21:29:07] [INFO] [TrafficSystem.PriorityCalculator]: [Rank #3] Lane: East   | PCE: 0.00  | Queue: 0.00  | Congestion: 0.00  | Total: 0.00
[2026-07-24 21:29:07] [INFO] [TrafficSystem.PriorityCalculator]: [Rank #4] Lane: West   | PCE: 0.00  | Queue: 0.00  | Congestion: 0.00  | Total: 0.00
[2026-07-24 21:29:07] [INFO] [TrafficSystem.FairnessManager]: [Fairness] Lane: East   | Base Score: 0.00 | Wait Cycles: 3 | Bonus: +15.00 | Adjusted: 15.00
[2026-07-24 21:29:07] [INFO] [TrafficSystem.FairnessManager]: [Fairness] Lane: West   | Base Score: 0.00 | Wait Cycles: 2 | Bonus: +10.00 | Adjusted: 10.00
[2026-07-24 21:29:07] [INFO] [TrafficSystem.FairnessManager]: [Fairness] Lane: North  | Base Score: 0.00 | Wait Cycles: 1 | Bonus: +5.00 | Adjusted: 5.00
[2026-07-24 21:29:07] [INFO] [TrafficSystem.SignalScheduler]: [Scheduler] Winner: East   | Score: 15.00 | Green: 35s | Reason: NORMAL
[2026-07-24 21:29:07] [INFO] [TrafficSystem.FairnessManager]: [Fairness Updated] Green: 'East' (Reset to 0). Waiting cycles: {'North': 2, 'South': 1, 'East': 0, 'West': 3}
[2026-07-24 21:29:07] [INFO] [TrafficSystem.SignalController]: [ESP32 Hardware Command #47] GREEN -> 'East' (35s) | Reason: NORMAL
[2026-07-24 21:29:07] [INFO] [TrafficSystem.PriorityCalculator]: [Rank #1] Lane: North  | PCE: 0.00  | Queue: 0.00  | Congestion: 0.00  | Total: 0.00
[2026-07-24 21:29:07] [INFO] [TrafficSystem.PriorityCalculator]: [Rank #2] Lane: South  | PCE: 0.00  | Queue: 0.00  | Congestion: 0.00  | Total: 0.00
[2026-07-24 21:29:07] [INFO] [TrafficSystem.PriorityCalculator]: [Rank #3] Lane: East   | PCE: 0.00  | Queue: 0.00  | Congestion: 0.00  | Total: 0.00
[2026-07-24 21:29:07] [INFO] [TrafficSystem.PriorityCalculator]: [Rank #4] Lane: West   | PCE: 0.00  | Queue: 0.00  | Congestion: 0.00  | Total: 0.00
[2026-07-24 21:29:07] [INFO] [TrafficSystem.FairnessManager]: [Fairness] Lane: West   | Base Score: 0.00 | Wait Cycles: 3 | Bonus: +15.00 | Adjusted: 15.00
[2026-07-24 21:29:07] [INFO] [TrafficSystem.FairnessManager]: [Fairness] Lane: North  | Base Score: 0.00 | Wait Cycles: 2 | Bonus: +10.00 | Adjusted: 10.00
[2026-07-24 21:29:07] [INFO] [TrafficSystem.FairnessManager]: [Fairness] Lane: South  | Base Score: 0.00 | Wait Cycles: 1 | Bonus: +5.00 | Adjusted: 5.00
[2026-07-24 21:29:07] [INFO] [TrafficSystem.SignalScheduler]: [Scheduler] Winner: West   | Score: 15.00 | Green: 35s | Reason: NORMAL
[2026-07-24 21:29:07] [INFO] [TrafficSystem.FairnessManager]: [Fairness Updated] Green: 'West' (Reset to 0). Waiting cycles: {'North': 3, 'South': 2, 'East': 1, 'West': 0}
[2026-07-24 21:29:07] [INFO] [TrafficSystem.SignalController]: [ESP32 Hardware Command #48] GREEN -> 'West' (35s) | Reason: NORMAL
[2026-07-24 21:29:07] [INFO] [TrafficSystem.PriorityCalculator]: [Rank #1] Lane: North  | PCE: 0.00  | Queue: 0.00  | Congestion: 0.00  | Total: 0.00
[2026-07-24 21:29:07] [INFO] [TrafficSystem.PriorityCalculator]: [Rank #2] Lane: South  | PCE: 0.00  | Queue: 0.00  | Congestion: 0.00  | Total: 0.00
[2026-07-24 21:29:07] [INFO] [TrafficSystem.PriorityCalculator]: [Rank #3] Lane: East   | PCE: 0.00  | Queue: 0.00  | Congestion: 0.00  | Total: 0.00
[2026-07-24 21:29:07] [INFO] [TrafficSystem.PriorityCalculator]: [Rank #4] Lane: West   | PCE: 0.00  | Queue: 0.00  | Congestion: 0.00  | Total: 0.00
[2026-07-24 21:29:07] [INFO] [TrafficSystem.FairnessManager]: [Fairness] Lane: North  | Base Score: 0.00 | Wait Cycles: 3 | Bonus: +15.00 | Adjusted: 15.00
[2026-07-24 21:29:07] [INFO] [TrafficSystem.FairnessManager]: [Fairness] Lane: South  | Base Score: 0.00 | Wait Cycles: 2 | Bonus: +10.00 | Adjusted: 10.00
[2026-07-24 21:29:07] [INFO] [TrafficSystem.FairnessManager]: [Fairness] Lane: East   | Base Score: 0.00 | Wait Cycles: 1 | Bonus: +5.00 | Adjusted: 5.00
[2026-07-24 21:29:07] [INFO] [TrafficSystem.SignalScheduler]: [Scheduler] Winner: North  | Score: 15.00 | Green: 35s | Reason: NORMAL
[2026-07-24 21:29:07] [INFO] [TrafficSystem.FairnessManager]: [Fairness Updated] Green: 'North' (Reset to 0). Waiting cycles: {'North': 0, 'South': 3, 'East': 2, 'West': 1}
[2026-07-24 21:29:07] [INFO] [TrafficSystem.SignalController]: [ESP32 Hardware Command #49] GREEN -> 'North' (35s) | Reason: NORMAL
[2026-07-24 21:29:08] [INFO] [TrafficSystem.PriorityCalculator]: [Rank #1] Lane: North  | PCE: 0.00  | Queue: 0.00  | Congestion: 0.00  | Total: 0.00
[2026-07-24 21:29:08] [INFO] [TrafficSystem.PriorityCalculator]: [Rank #2] Lane: South  | PCE: 0.00  | Queue: 0.00  | Congestion: 0.00  | Total: 0.00
[2026-07-24 21:29:08] [INFO] [TrafficSystem.PriorityCalculator]: [Rank #3] Lane: East   | PCE: 0.00  | Queue: 0.00  | Congestion: 0.00  | Total: 0.00
[2026-07-24 21:29:08] [INFO] [TrafficSystem.PriorityCalculator]: [Rank #4] Lane: West   | PCE: 0.00  | Queue: 0.00  | Congestion: 0.00  | Total: 0.00
[2026-07-24 21:29:08] [INFO] [TrafficSystem.FairnessManager]: [Fairness] Lane: South  | Base Score: 0.00 | Wait Cycles: 3 | Bonus: +15.00 | Adjusted: 15.00
[2026-07-24 21:29:08] [INFO] [TrafficSystem.FairnessManager]: [Fairness] Lane: East   | Base Score: 0.00 | Wait Cycles: 2 | Bonus: +10.00 | Adjusted: 10.00
[2026-07-24 21:29:08] [INFO] [TrafficSystem.FairnessManager]: [Fairness] Lane: West   | Base Score: 0.00 | Wait Cycles: 1 | Bonus: +5.00 | Adjusted: 5.00
[2026-07-24 21:29:08] [INFO] [TrafficSystem.SignalScheduler]: [Scheduler] Winner: South  | Score: 15.00 | Green: 35s | Reason: NORMAL
[2026-07-24 21:29:08] [INFO] [TrafficSystem.FairnessManager]: [Fairness Updated] Green: 'South' (Reset to 0). Waiting cycles: {'North': 1, 'South': 0, 'East': 3, 'West': 2}
[2026-07-24 21:29:08] [INFO] [TrafficSystem.SignalController]: [ESP32 Hardware Command #50] GREEN -> 'South' (35s) | Reason: NORMAL
[2026-07-24 21:29:08] [INFO] [TrafficSystem.PriorityCalculator]: [Rank #1] Lane: North  | PCE: 0.00  | Queue: 0.00  | Congestion: 0.00  | Total: 0.00
[2026-07-24 21:29:08] [INFO] [TrafficSystem.PriorityCalculator]: [Rank #2] Lane: South  | PCE: 0.00  | Queue: 0.00  | Congestion: 0.00  | Total: 0.00
[2026-07-24 21:29:08] [INFO] [TrafficSystem.PriorityCalculator]: [Rank #3] Lane: East   | PCE: 0.00  | Queue: 0.00  | Congestion: 0.00  | Total: 0.00
[2026-07-24 21:29:08] [INFO] [TrafficSystem.PriorityCalculator]: [Rank #4] Lane: West   | PCE: 0.00  | Queue: 0.00  | Congestion: 0.00  | Total: 0.00
[2026-07-24 21:29:08] [INFO] [TrafficSystem.FairnessManager]: [Fairness] Lane: East   | Base Score: 0.00 | Wait Cycles: 3 | Bonus: +15.00 | Adjusted: 15.00
[2026-07-24 21:29:08] [INFO] [TrafficSystem.FairnessManager]: [Fairness] Lane: West   | Base Score: 0.00 | Wait Cycles: 2 | Bonus: +10.00 | Adjusted: 10.00
[2026-07-24 21:29:08] [INFO] [TrafficSystem.FairnessManager]: [Fairness] Lane: North  | Base Score: 0.00 | Wait Cycles: 1 | Bonus: +5.00 | Adjusted: 5.00
[2026-07-24 21:29:08] [INFO] [TrafficSystem.SignalScheduler]: [Scheduler] Winner: East   | Score: 15.00 | Green: 35s | Reason: NORMAL
[2026-07-24 21:29:08] [INFO] [TrafficSystem.FairnessManager]: [Fairness Updated] Green: 'East' (Reset to 0). Waiting cycles: {'North': 2, 'South': 1, 'East': 0, 'West': 3}
[2026-07-24 21:29:08] [INFO] [TrafficSystem.SignalController]: [ESP32 Hardware Command #51] GREEN -> 'East' (35s) | Reason: NORMAL
[2026-07-24 21:29:08] [INFO] [TrafficSystem.PriorityCalculator]: [Rank #1] Lane: North  | PCE: 0.00  | Queue: 0.00  | Congestion: 0.00  | Total: 0.00
[2026-07-24 21:29:08] [INFO] [TrafficSystem.PriorityCalculator]: [Rank #2] Lane: South  | PCE: 0.00  | Queue: 0.00  | Congestion: 0.00  | Total: 0.00
[2026-07-24 21:29:08] [INFO] [TrafficSystem.PriorityCalculator]: [Rank #3] Lane: East   | PCE: 0.00  | Queue: 0.00  | Congestion: 0.00  | Total: 0.00
[2026-07-24 21:29:08] [INFO] [TrafficSystem.PriorityCalculator]: [Rank #4] Lane: West   | PCE: 0.00  | Queue: 0.00  | Congestion: 0.00  | Total: 0.00
[2026-07-24 21:29:08] [INFO] [TrafficSystem.FairnessManager]: [Fairness] Lane: West   | Base Score: 0.00 | Wait Cycles: 3 | Bonus: +15.00 | Adjusted: 15.00
[2026-07-24 21:29:08] [INFO] [TrafficSystem.FairnessManager]: [Fairness] Lane: North  | Base Score: 0.00 | Wait Cycles: 2 | Bonus: +10.00 | Adjusted: 10.00
[2026-07-24 21:29:08] [INFO] [TrafficSystem.FairnessManager]: [Fairness] Lane: South  | Base Score: 0.00 | Wait Cycles: 1 | Bonus: +5.00 | Adjusted: 5.00
[2026-07-24 21:29:08] [INFO] [TrafficSystem.SignalScheduler]: [Scheduler] Winner: West   | Score: 15.00 | Green: 35s | Reason: NORMAL
[2026-07-24 21:29:08] [INFO] [TrafficSystem.FairnessManager]: [Fairness Updated] Green: 'West' (Reset to 0). Waiting cycles: {'North': 3, 'South': 2, 'East': 1, 'West': 0}
[2026-07-24 21:29:08] [INFO] [TrafficSystem.SignalController]: [ESP32 Hardware Command #52] GREEN -> 'West' (35s) | Reason: NORMAL
[2026-07-24 21:29:08] [INFO] [TrafficSystem.PriorityCalculator]: [Rank #1] Lane: North  | PCE: 0.00  | Queue: 0.00  | Congestion: 0.00  | Total: 0.00
[2026-07-24 21:29:08] [INFO] [TrafficSystem.PriorityCalculator]: [Rank #2] Lane: South  | PCE: 0.00  | Queue: 0.00  | Congestion: 0.00  | Total: 0.00
[2026-07-24 21:29:08] [INFO] [TrafficSystem.PriorityCalculator]: [Rank #3] Lane: East   | PCE: 0.00  | Queue: 0.00  | Congestion: 0.00  | Total: 0.00
[2026-07-24 21:29:08] [INFO] [TrafficSystem.PriorityCalculator]: [Rank #4] Lane: West   | PCE: 0.00  | Queue: 0.00  | Congestion: 0.00  | Total: 0.00
[2026-07-24 21:29:08] [INFO] [TrafficSystem.FairnessManager]: [Fairness] Lane: North  | Base Score: 0.00 | Wait Cycles: 3 | Bonus: +15.00 | Adjusted: 15.00
[2026-07-24 21:29:08] [INFO] [TrafficSystem.FairnessManager]: [Fairness] Lane: South  | Base Score: 0.00 | Wait Cycles: 2 | Bonus: +10.00 | Adjusted: 10.00
[2026-07-24 21:29:08] [INFO] [TrafficSystem.FairnessManager]: [Fairness] Lane: East   | Base Score: 0.00 | Wait Cycles: 1 | Bonus: +5.00 | Adjusted: 5.00
[2026-07-24 21:29:08] [INFO] [TrafficSystem.SignalScheduler]: [Scheduler] Winner: North  | Score: 15.00 | Green: 35s | Reason: NORMAL
[2026-07-24 21:29:08] [INFO] [TrafficSystem.FairnessManager]: [Fairness Updated] Green: 'North' (Reset to 0). Waiting cycles: {'North': 0, 'South': 3, 'East': 2, 'West': 1}
[2026-07-24 21:29:08] [INFO] [TrafficSystem.SignalController]: [ESP32 Hardware Command #53] GREEN -> 'North' (35s) | Reason: NORMAL
[2026-07-24 21:29:08] [INFO] [TrafficSystem.PriorityCalculator]: [Rank #1] Lane: North  | PCE: 0.00  | Queue: 0.00  | Congestion: 0.00  | Total: 0.00
[2026-07-24 21:29:08] [INFO] [TrafficSystem.PriorityCalculator]: [Rank #2] Lane: South  | PCE: 0.00  | Queue: 0.00  | Congestion: 0.00  | Total: 0.00
[2026-07-24 21:29:08] [INFO] [TrafficSystem.PriorityCalculator]: [Rank #3] Lane: East   | PCE: 0.00  | Queue: 0.00  | Congestion: 0.00  | Total: 0.00
[2026-07-24 21:29:08] [INFO] [TrafficSystem.PriorityCalculator]: [Rank #4] Lane: West   | PCE: 0.00  | Queue: 0.00  | Congestion: 0.00  | Total: 0.00
[2026-07-24 21:29:08] [INFO] [TrafficSystem.FairnessManager]: [Fairness] Lane: South  | Base Score: 0.00 | Wait Cycles: 3 | Bonus: +15.00 | Adjusted: 15.00
[2026-07-24 21:29:08] [INFO] [TrafficSystem.FairnessManager]: [Fairness] Lane: East   | Base Score: 0.00 | Wait Cycles: 2 | Bonus: +10.00 | Adjusted: 10.00
[2026-07-24 21:29:08] [INFO] [TrafficSystem.FairnessManager]: [Fairness] Lane: West   | Base Score: 0.00 | Wait Cycles: 1 | Bonus: +5.00 | Adjusted: 5.00
[2026-07-24 21:29:08] [INFO] [TrafficSystem.SignalScheduler]: [Scheduler] Winner: South  | Score: 15.00 | Green: 35s | Reason: NORMAL
[2026-07-24 21:29:08] [INFO] [TrafficSystem.FairnessManager]: [Fairness Updated] Green: 'South' (Reset to 0). Waiting cycles: {'North': 1, 'South': 0, 'East': 3, 'West': 2}
[2026-07-24 21:29:08] [INFO] [TrafficSystem.SignalController]: [ESP32 Hardware Command #54] GREEN -> 'South' (35s) | Reason: NORMAL
[2026-07-24 21:29:08] [INFO] [TrafficSystem.PriorityCalculator]: [Rank #1] Lane: North  | PCE: 0.00  | Queue: 0.00  | Congestion: 0.00  | Total: 0.00
[2026-07-24 21:29:08] [INFO] [TrafficSystem.PriorityCalculator]: [Rank #2] Lane: South  | PCE: 0.00  | Queue: 0.00  | Congestion: 0.00  | Total: 0.00
[2026-07-24 21:29:08] [INFO] [TrafficSystem.PriorityCalculator]: [Rank #3] Lane: East   | PCE: 0.00  | Queue: 0.00  | Congestion: 0.00  | Total: 0.00
[2026-07-24 21:29:08] [INFO] [TrafficSystem.PriorityCalculator]: [Rank #4] Lane: West   | PCE: 0.00  | Queue: 0.00  | Congestion: 0.00  | Total: 0.00
[2026-07-24 21:29:08] [INFO] [TrafficSystem.FairnessManager]: [Fairness] Lane: East   | Base Score: 0.00 | Wait Cycles: 3 | Bonus: +15.00 | Adjusted: 15.00
[2026-07-24 21:29:08] [INFO] [TrafficSystem.FairnessManager]: [Fairness] Lane: West   | Base Score: 0.00 | Wait Cycles: 2 | Bonus: +10.00 | Adjusted: 10.00
[2026-07-24 21:29:08] [INFO] [TrafficSystem.FairnessManager]: [Fairness] Lane: North  | Base Score: 0.00 | Wait Cycles: 1 | Bonus: +5.00 | Adjusted: 5.00
[2026-07-24 21:29:08] [INFO] [TrafficSystem.SignalScheduler]: [Scheduler] Winner: East   | Score: 15.00 | Green: 35s | Reason: NORMAL
[2026-07-24 21:29:08] [INFO] [TrafficSystem.FairnessManager]: [Fairness Updated] Green: 'East' (Reset to 0). Waiting cycles: {'North': 2, 'South': 1, 'East': 0, 'West': 3}
[2026-07-24 21:29:08] [INFO] [TrafficSystem.SignalController]: [ESP32 Hardware Command #55] GREEN -> 'East' (35s) | Reason: NORMAL
[2026-07-24 21:29:08] [INFO] [TrafficSystem.PriorityCalculator]: [Rank #1] Lane: North  | PCE: 0.00  | Queue: 0.00  | Congestion: 0.00  | Total: 0.00
[2026-07-24 21:29:08] [INFO] [TrafficSystem.PriorityCalculator]: [Rank #2] Lane: South  | PCE: 0.00  | Queue: 0.00  | Congestion: 0.00  | Total: 0.00
[2026-07-24 21:29:08] [INFO] [TrafficSystem.PriorityCalculator]: [Rank #3] Lane: East   | PCE: 0.00  | Queue: 0.00  | Congestion: 0.00  | Total: 0.00
[2026-07-24 21:29:08] [INFO] [TrafficSystem.PriorityCalculator]: [Rank #4] Lane: West   | PCE: 0.00  | Queue: 0.00  | Congestion: 0.00  | Total: 0.00
[2026-07-24 21:29:08] [INFO] [TrafficSystem.FairnessManager]: [Fairness] Lane: West   | Base Score: 0.00 | Wait Cycles: 3 | Bonus: +15.00 | Adjusted: 15.00
[2026-07-24 21:29:08] [INFO] [TrafficSystem.FairnessManager]: [Fairness] Lane: North  | Base Score: 0.00 | Wait Cycles: 2 | Bonus: +10.00 | Adjusted: 10.00
[2026-07-24 21:29:08] [INFO] [TrafficSystem.FairnessManager]: [Fairness] Lane: South  | Base Score: 0.00 | Wait Cycles: 1 | Bonus: +5.00 | Adjusted: 5.00
[2026-07-24 21:29:08] [INFO] [TrafficSystem.SignalScheduler]: [Scheduler] Winner: West   | Score: 15.00 | Green: 35s | Reason: NORMAL
[2026-07-24 21:29:08] [INFO] [TrafficSystem.FairnessManager]: [Fairness Updated] Green: 'West' (Reset to 0). Waiting cycles: {'North': 3, 'South': 2, 'East': 1, 'West': 0}
[2026-07-24 21:29:08] [INFO] [TrafficSystem.SignalController]: [ESP32 Hardware Command #56] GREEN -> 'West' (35s) | Reason: NORMAL
[2026-07-24 21:29:08] [INFO] [TrafficSystem.PriorityCalculator]: [Rank #1] Lane: North  | PCE: 0.00  | Queue: 0.00  | Congestion: 0.00  | Total: 0.00
[2026-07-24 21:29:08] [INFO] [TrafficSystem.PriorityCalculator]: [Rank #2] Lane: South  | PCE: 0.00  | Queue: 0.00  | Congestion: 0.00  | Total: 0.00
[2026-07-24 21:29:08] [INFO] [TrafficSystem.PriorityCalculator]: [Rank #3] Lane: East   | PCE: 0.00  | Queue: 0.00  | Congestion: 0.00  | Total: 0.00
[2026-07-24 21:29:08] [INFO] [TrafficSystem.PriorityCalculator]: [Rank #4] Lane: West   | PCE: 0.00  | Queue: 0.00  | Congestion: 0.00  | Total: 0.00
[2026-07-24 21:29:08] [INFO] [TrafficSystem.FairnessManager]: [Fairness] Lane: North  | Base Score: 0.00 | Wait Cycles: 3 | Bonus: +15.00 | Adjusted: 15.00
[2026-07-24 21:29:08] [INFO] [TrafficSystem.FairnessManager]: [Fairness] Lane: South  | Base Score: 0.00 | Wait Cycles: 2 | Bonus: +10.00 | Adjusted: 10.00
[2026-07-24 21:29:08] [INFO] [TrafficSystem.FairnessManager]: [Fairness] Lane: East   | Base Score: 0.00 | Wait Cycles: 1 | Bonus: +5.00 | Adjusted: 5.00
[2026-07-24 21:29:08] [INFO] [TrafficSystem.SignalScheduler]: [Scheduler] Winner: North  | Score: 15.00 | Green: 35s | Reason: NORMAL
[2026-07-24 21:29:08] [INFO] [TrafficSystem.FairnessManager]: [Fairness Updated] Green: 'North' (Reset to 0). Waiting cycles: {'North': 0, 'South': 3, 'East': 2, 'West': 1}
[2026-07-24 21:29:08] [INFO] [TrafficSystem.SignalController]: [ESP32 Hardware Command #57] GREEN -> 'North' (35s) | Reason: NORMAL
[2026-07-24 21:29:08] [INFO] [TrafficSystem.PriorityCalculator]: [Rank #1] Lane: North  | PCE: 0.00  | Queue: 0.00  | Congestion: 0.00  | Total: 0.00
[2026-07-24 21:29:08] [INFO] [TrafficSystem.PriorityCalculator]: [Rank #2] Lane: South  | PCE: 0.00  | Queue: 0.00  | Congestion: 0.00  | Total: 0.00
[2026-07-24 21:29:08] [INFO] [TrafficSystem.PriorityCalculator]: [Rank #3] Lane: East   | PCE: 0.00  | Queue: 0.00  | Congestion: 0.00  | Total: 0.00
[2026-07-24 21:29:08] [INFO] [TrafficSystem.PriorityCalculator]: [Rank #4] Lane: West   | PCE: 0.00  | Queue: 0.00  | Congestion: 0.00  | Total: 0.00
[2026-07-24 21:29:08] [INFO] [TrafficSystem.FairnessManager]: [Fairness] Lane: South  | Base Score: 0.00 | Wait Cycles: 3 | Bonus: +15.00 | Adjusted: 15.00
[2026-07-24 21:29:08] [INFO] [TrafficSystem.FairnessManager]: [Fairness] Lane: East   | Base Score: 0.00 | Wait Cycles: 2 | Bonus: +10.00 | Adjusted: 10.00
[2026-07-24 21:29:08] [INFO] [TrafficSystem.FairnessManager]: [Fairness] Lane: West   | Base Score: 0.00 | Wait Cycles: 1 | Bonus: +5.00 | Adjusted: 5.00
[2026-07-24 21:29:08] [INFO] [TrafficSystem.SignalScheduler]: [Scheduler] Winner: South  | Score: 15.00 | Green: 35s | Reason: NORMAL
[2026-07-24 21:29:08] [INFO] [TrafficSystem.FairnessManager]: [Fairness Updated] Green: 'South' (Reset to 0). Waiting cycles: {'North': 1, 'South': 0, 'East': 3, 'West': 2}
[2026-07-24 21:29:08] [INFO] [TrafficSystem.SignalController]: [ESP32 Hardware Command #58] GREEN -> 'South' (35s) | Reason: NORMAL
[2026-07-24 21:29:08] [INFO] [TrafficSystem.PriorityCalculator]: [Rank #1] Lane: North  | PCE: 0.00  | Queue: 0.00  | Congestion: 0.00  | Total: 0.00
[2026-07-24 21:29:08] [INFO] [TrafficSystem.PriorityCalculator]: [Rank #2] Lane: South  | PCE: 0.00  | Queue: 0.00  | Congestion: 0.00  | Total: 0.00
[2026-07-24 21:29:08] [INFO] [TrafficSystem.PriorityCalculator]: [Rank #3] Lane: East   | PCE: 0.00  | Queue: 0.00  | Congestion: 0.00  | Total: 0.00
[2026-07-24 21:29:08] [INFO] [TrafficSystem.PriorityCalculator]: [Rank #4] Lane: West   | PCE: 0.00  | Queue: 0.00  | Congestion: 0.00  | Total: 0.00
[2026-07-24 21:29:08] [INFO] [TrafficSystem.FairnessManager]: [Fairness] Lane: East   | Base Score: 0.00 | Wait Cycles: 3 | Bonus: +15.00 | Adjusted: 15.00
[2026-07-24 21:29:08] [INFO] [TrafficSystem.FairnessManager]: [Fairness] Lane: West   | Base Score: 0.00 | Wait Cycles: 2 | Bonus: +10.00 | Adjusted: 10.00
[2026-07-24 21:29:08] [INFO] [TrafficSystem.FairnessManager]: [Fairness] Lane: North  | Base Score: 0.00 | Wait Cycles: 1 | Bonus: +5.00 | Adjusted: 5.00
[2026-07-24 21:29:08] [INFO] [TrafficSystem.SignalScheduler]: [Scheduler] Winner: East   | Score: 15.00 | Green: 35s | Reason: NORMAL
[2026-07-24 21:29:08] [INFO] [TrafficSystem.FairnessManager]: [Fairness Updated] Green: 'East' (Reset to 0). Waiting cycles: {'North': 2, 'South': 1, 'East': 0, 'West': 3}
[2026-07-24 21:29:08] [INFO] [TrafficSystem.SignalController]: [ESP32 Hardware Command #59] GREEN -> 'East' (35s) | Reason: NORMAL
[2026-07-24 21:29:08] [INFO] [TrafficSystem.PriorityCalculator]: [Rank #1] Lane: North  | PCE: 0.00  | Queue: 0.00  | Congestion: 0.00  | Total: 0.00
[2026-07-24 21:29:08] [INFO] [TrafficSystem.PriorityCalculator]: [Rank #2] Lane: South  | PCE: 0.00  | Queue: 0.00  | Congestion: 0.00  | Total: 0.00
[2026-07-24 21:29:08] [INFO] [TrafficSystem.PriorityCalculator]: [Rank #3] Lane: East   | PCE: 0.00  | Queue: 0.00  | Congestion: 0.00  | Total: 0.00
[2026-07-24 21:29:08] [INFO] [TrafficSystem.PriorityCalculator]: [Rank #4] Lane: West   | PCE: 0.00  | Queue: 0.00  | Congestion: 0.00  | Total: 0.00
[2026-07-24 21:29:08] [INFO] [TrafficSystem.FairnessManager]: [Fairness] Lane: West   | Base Score: 0.00 | Wait Cycles: 3 | Bonus: +15.00 | Adjusted: 15.00
[2026-07-24 21:29:08] [INFO] [TrafficSystem.FairnessManager]: [Fairness] Lane: North  | Base Score: 0.00 | Wait Cycles: 2 | Bonus: +10.00 | Adjusted: 10.00
[2026-07-24 21:29:08] [INFO] [TrafficSystem.FairnessManager]: [Fairness] Lane: South  | Base Score: 0.00 | Wait Cycles: 1 | Bonus: +5.00 | Adjusted: 5.00
[2026-07-24 21:29:08] [INFO] [TrafficSystem.SignalScheduler]: [Scheduler] Winner: West   | Score: 15.00 | Green: 35s | Reason: NORMAL
[2026-07-24 21:29:08] [INFO] [TrafficSystem.FairnessManager]: [Fairness Updated] Green: 'West' (Reset to 0). Waiting cycles: {'North': 3, 'South': 2, 'East': 1, 'West': 0}
[2026-07-24 21:29:08] [INFO] [TrafficSystem.SignalController]: [ESP32 Hardware Command #60] GREEN -> 'West' (35s) | Reason: NORMAL
[2026-07-24 21:29:09] [INFO] [TrafficSystem.PriorityCalculator]: [Rank #1] Lane: North  | PCE: 0.00  | Queue: 0.00  | Congestion: 0.00  | Total: 0.00
[2026-07-24 21:29:09] [INFO] [TrafficSystem.PriorityCalculator]: [Rank #2] Lane: South  | PCE: 0.00  | Queue: 0.00  | Congestion: 0.00  | Total: 0.00
[2026-07-24 21:29:09] [INFO] [TrafficSystem.PriorityCalculator]: [Rank #3] Lane: East   | PCE: 0.00  | Queue: 0.00  | Congestion: 0.00  | Total: 0.00
[2026-07-24 21:29:09] [INFO] [TrafficSystem.PriorityCalculator]: [Rank #4] Lane: West   | PCE: 0.00  | Queue: 0.00  | Congestion: 0.00  | Total: 0.00
[2026-07-24 21:29:09] [INFO] [TrafficSystem.FairnessManager]: [Fairness] Lane: North  | Base Score: 0.00 | Wait Cycles: 3 | Bonus: +15.00 | Adjusted: 15.00
[2026-07-24 21:29:09] [INFO] [TrafficSystem.FairnessManager]: [Fairness] Lane: South  | Base Score: 0.00 | Wait Cycles: 2 | Bonus: +10.00 | Adjusted: 10.00
[2026-07-24 21:29:09] [INFO] [TrafficSystem.FairnessManager]: [Fairness] Lane: East   | Base Score: 0.00 | Wait Cycles: 1 | Bonus: +5.00 | Adjusted: 5.00
[2026-07-24 21:29:09] [INFO] [TrafficSystem.SignalScheduler]: [Scheduler] Winner: North  | Score: 15.00 | Green: 35s | Reason: NORMAL
[2026-07-24 21:29:09] [INFO] [TrafficSystem.FairnessManager]: [Fairness Updated] Green: 'North' (Reset to 0). Waiting cycles: {'North': 0, 'South': 3, 'East': 2, 'West': 1}
[2026-07-24 21:29:09] [INFO] [TrafficSystem.SignalController]: [ESP32 Hardware Command #61] GREEN -> 'North' (35s) | Reason: NORMAL
[2026-07-24 21:29:09] [INFO] [TrafficSystem.PriorityCalculator]: [Rank #1] Lane: North  | PCE: 0.00  | Queue: 0.00  | Congestion: 0.00  | Total: 0.00
[2026-07-24 21:29:09] [INFO] [TrafficSystem.PriorityCalculator]: [Rank #2] Lane: South  | PCE: 0.00  | Queue: 0.00  | Congestion: 0.00  | Total: 0.00
[2026-07-24 21:29:09] [INFO] [TrafficSystem.PriorityCalculator]: [Rank #3] Lane: East   | PCE: 0.00  | Queue: 0.00  | Congestion: 0.00  | Total: 0.00
[2026-07-24 21:29:09] [INFO] [TrafficSystem.PriorityCalculator]: [Rank #4] Lane: West   | PCE: 0.00  | Queue: 0.00  | Congestion: 0.00  | Total: 0.00
[2026-07-24 21:29:09] [INFO] [TrafficSystem.FairnessManager]: [Fairness] Lane: South  | Base Score: 0.00 | Wait Cycles: 3 | Bonus: +15.00 | Adjusted: 15.00
[2026-07-24 21:29:09] [INFO] [TrafficSystem.FairnessManager]: [Fairness] Lane: East   | Base Score: 0.00 | Wait Cycles: 2 | Bonus: +10.00 | Adjusted: 10.00
[2026-07-24 21:29:09] [INFO] [TrafficSystem.FairnessManager]: [Fairness] Lane: West   | Base Score: 0.00 | Wait Cycles: 1 | Bonus: +5.00 | Adjusted: 5.00
[2026-07-24 21:29:09] [INFO] [TrafficSystem.SignalScheduler]: [Scheduler] Winner: South  | Score: 15.00 | Green: 35s | Reason: NORMAL
[2026-07-24 21:29:09] [INFO] [TrafficSystem.FairnessManager]: [Fairness Updated] Green: 'South' (Reset to 0). Waiting cycles: {'North': 1, 'South': 0, 'East': 3, 'West': 2}
[2026-07-24 21:29:09] [INFO] [TrafficSystem.SignalController]: [ESP32 Hardware Command #62] GREEN -> 'South' (35s) | Reason: NORMAL
[2026-07-24 21:29:09] [INFO] [TrafficSystem.PriorityCalculator]: [Rank #1] Lane: North  | PCE: 0.00  | Queue: 0.00  | Congestion: 0.00  | Total: 0.00
[2026-07-24 21:29:09] [INFO] [TrafficSystem.PriorityCalculator]: [Rank #2] Lane: South  | PCE: 0.00  | Queue: 0.00  | Congestion: 0.00  | Total: 0.00
[2026-07-24 21:29:09] [INFO] [TrafficSystem.PriorityCalculator]: [Rank #3] Lane: East   | PCE: 0.00  | Queue: 0.00  | Congestion: 0.00  | Total: 0.00
[2026-07-24 21:29:09] [INFO] [TrafficSystem.PriorityCalculator]: [Rank #4] Lane: West   | PCE: 0.00  | Queue: 0.00  | Congestion: 0.00  | Total: 0.00
[2026-07-24 21:29:09] [INFO] [TrafficSystem.FairnessManager]: [Fairness] Lane: East   | Base Score: 0.00 | Wait Cycles: 3 | Bonus: +15.00 | Adjusted: 15.00
[2026-07-24 21:29:09] [INFO] [TrafficSystem.FairnessManager]: [Fairness] Lane: West   | Base Score: 0.00 | Wait Cycles: 2 | Bonus: +10.00 | Adjusted: 10.00
[2026-07-24 21:29:09] [INFO] [TrafficSystem.FairnessManager]: [Fairness] Lane: North  | Base Score: 0.00 | Wait Cycles: 1 | Bonus: +5.00 | Adjusted: 5.00
[2026-07-24 21:29:09] [INFO] [TrafficSystem.SignalScheduler]: [Scheduler] Winner: East   | Score: 15.00 | Green: 35s | Reason: NORMAL
[2026-07-24 21:29:09] [INFO] [TrafficSystem.FairnessManager]: [Fairness Updated] Green: 'East' (Reset to 0). Waiting cycles: {'North': 2, 'South': 1, 'East': 0, 'West': 3}
[2026-07-24 21:29:09] [INFO] [TrafficSystem.SignalController]: [ESP32 Hardware Command #63] GREEN -> 'East' (35s) | Reason: NORMAL
[2026-07-24 21:29:09] [INFO] [TrafficSystem.PriorityCalculator]: [Rank #1] Lane: North  | PCE: 0.00  | Queue: 0.00  | Congestion: 0.00  | Total: 0.00
[2026-07-24 21:29:09] [INFO] [TrafficSystem.PriorityCalculator]: [Rank #2] Lane: South  | PCE: 0.00  | Queue: 0.00  | Congestion: 0.00  | Total: 0.00
[2026-07-24 21:29:09] [INFO] [TrafficSystem.PriorityCalculator]: [Rank #3] Lane: East   | PCE: 0.00  | Queue: 0.00  | Congestion: 0.00  | Total: 0.00
[2026-07-24 21:29:09] [INFO] [TrafficSystem.PriorityCalculator]: [Rank #4] Lane: West   | PCE: 0.00  | Queue: 0.00  | Congestion: 0.00  | Total: 0.00
[2026-07-24 21:29:09] [INFO] [TrafficSystem.FairnessManager]: [Fairness] Lane: West   | Base Score: 0.00 | Wait Cycles: 3 | Bonus: +15.00 | Adjusted: 15.00
[2026-07-24 21:29:09] [INFO] [TrafficSystem.FairnessManager]: [Fairness] Lane: North  | Base Score: 0.00 | Wait Cycles: 2 | Bonus: +10.00 | Adjusted: 10.00
[2026-07-24 21:29:09] [INFO] [TrafficSystem.FairnessManager]: [Fairness] Lane: South  | Base Score: 0.00 | Wait Cycles: 1 | Bonus: +5.00 | Adjusted: 5.00
[2026-07-24 21:29:09] [INFO] [TrafficSystem.SignalScheduler]: [Scheduler] Winner: West   | Score: 15.00 | Green: 35s | Reason: NORMAL
[2026-07-24 21:29:09] [INFO] [TrafficSystem.FairnessManager]: [Fairness Updated] Green: 'West' (Reset to 0). Waiting cycles: {'North': 3, 'South': 2, 'East': 1, 'West': 0}
[2026-07-24 21:29:09] [INFO] [TrafficSystem.SignalController]: [ESP32 Hardware Command #64] GREEN -> 'West' (35s) | Reason: NORMAL
[2026-07-24 21:29:09] [INFO] [TrafficSystem.PriorityCalculator]: [Rank #1] Lane: North  | PCE: 0.00  | Queue: 0.00  | Congestion: 0.00  | Total: 0.00
[2026-07-24 21:29:09] [INFO] [TrafficSystem.PriorityCalculator]: [Rank #2] Lane: South  | PCE: 0.00  | Queue: 0.00  | Congestion: 0.00  | Total: 0.00
[2026-07-24 21:29:09] [INFO] [TrafficSystem.PriorityCalculator]: [Rank #3] Lane: East   | PCE: 0.00  | Queue: 0.00  | Congestion: 0.00  | Total: 0.00
[2026-07-24 21:29:09] [INFO] [TrafficSystem.PriorityCalculator]: [Rank #4] Lane: West   | PCE: 0.00  | Queue: 0.00  | Congestion: 0.00  | Total: 0.00
[2026-07-24 21:29:09] [INFO] [TrafficSystem.FairnessManager]: [Fairness] Lane: North  | Base Score: 0.00 | Wait Cycles: 3 | Bonus: +15.00 | Adjusted: 15.00
[2026-07-24 21:29:09] [INFO] [TrafficSystem.FairnessManager]: [Fairness] Lane: South  | Base Score: 0.00 | Wait Cycles: 2 | Bonus: +10.00 | Adjusted: 10.00
[2026-07-24 21:29:09] [INFO] [TrafficSystem.FairnessManager]: [Fairness] Lane: East   | Base Score: 0.00 | Wait Cycles: 1 | Bonus: +5.00 | Adjusted: 5.00
[2026-07-24 21:29:09] [INFO] [TrafficSystem.SignalScheduler]: [Scheduler] Winner: North  | Score: 15.00 | Green: 35s | Reason: NORMAL
[2026-07-24 21:29:09] [INFO] [TrafficSystem.FairnessManager]: [Fairness Updated] Green: 'North' (Reset to 0). Waiting cycles: {'North': 0, 'South': 3, 'East': 2, 'West': 1}
[2026-07-24 21:29:09] [INFO] [TrafficSystem.SignalController]: [ESP32 Hardware Command #65] GREEN -> 'North' (35s) | Reason: NORMAL
[2026-07-24 21:29:09] [INFO] [TrafficSystem.PriorityCalculator]: [Rank #1] Lane: North  | PCE: 0.00  | Queue: 0.00  | Congestion: 0.00  | Total: 0.00
[2026-07-24 21:29:09] [INFO] [TrafficSystem.PriorityCalculator]: [Rank #2] Lane: South  | PCE: 0.00  | Queue: 0.00  | Congestion: 0.00  | Total: 0.00
[2026-07-24 21:29:09] [INFO] [TrafficSystem.PriorityCalculator]: [Rank #3] Lane: East   | PCE: 0.00  | Queue: 0.00  | Congestion: 0.00  | Total: 0.00
[2026-07-24 21:29:09] [INFO] [TrafficSystem.PriorityCalculator]: [Rank #4] Lane: West   | PCE: 0.00  | Queue: 0.00  | Congestion: 0.00  | Total: 0.00
[2026-07-24 21:29:09] [INFO] [TrafficSystem.FairnessManager]: [Fairness] Lane: South  | Base Score: 0.00 | Wait Cycles: 3 | Bonus: +15.00 | Adjusted: 15.00
[2026-07-24 21:29:09] [INFO] [TrafficSystem.FairnessManager]: [Fairness] Lane: East   | Base Score: 0.00 | Wait Cycles: 2 | Bonus: +10.00 | Adjusted: 10.00
[2026-07-24 21:29:09] [INFO] [TrafficSystem.FairnessManager]: [Fairness] Lane: West   | Base Score: 0.00 | Wait Cycles: 1 | Bonus: +5.00 | Adjusted: 5.00
[2026-07-24 21:29:09] [INFO] [TrafficSystem.SignalScheduler]: [Scheduler] Winner: South  | Score: 15.00 | Green: 35s | Reason: NORMAL
[2026-07-24 21:29:09] [INFO] [TrafficSystem.FairnessManager]: [Fairness Updated] Green: 'South' (Reset to 0). Waiting cycles: {'North': 1, 'South': 0, 'East': 3, 'West': 2}
[2026-07-24 21:29:09] [INFO] [TrafficSystem.SignalController]: [ESP32 Hardware Command #66] GREEN -> 'South' (35s) | Reason: NORMAL
[2026-07-24 21:29:09] [INFO] [TrafficSystem.PriorityCalculator]: [Rank #1] Lane: North  | PCE: 0.00  | Queue: 0.00  | Congestion: 0.00  | Total: 0.00
[2026-07-24 21:29:09] [INFO] [TrafficSystem.PriorityCalculator]: [Rank #2] Lane: South  | PCE: 0.00  | Queue: 0.00  | Congestion: 0.00  | Total: 0.00
[2026-07-24 21:29:09] [INFO] [TrafficSystem.PriorityCalculator]: [Rank #3] Lane: East   | PCE: 0.00  | Queue: 0.00  | Congestion: 0.00  | Total: 0.00
[2026-07-24 21:29:09] [INFO] [TrafficSystem.PriorityCalculator]: [Rank #4] Lane: West   | PCE: 0.00  | Queue: 0.00  | Congestion: 0.00  | Total: 0.00
[2026-07-24 21:29:09] [INFO] [TrafficSystem.FairnessManager]: [Fairness] Lane: East   | Base Score: 0.00 | Wait Cycles: 3 | Bonus: +15.00 | Adjusted: 15.00
[2026-07-24 21:29:09] [INFO] [TrafficSystem.FairnessManager]: [Fairness] Lane: West   | Base Score: 0.00 | Wait Cycles: 2 | Bonus: +10.00 | Adjusted: 10.00
[2026-07-24 21:29:09] [INFO] [TrafficSystem.FairnessManager]: [Fairness] Lane: North  | Base Score: 0.00 | Wait Cycles: 1 | Bonus: +5.00 | Adjusted: 5.00
[2026-07-24 21:29:09] [INFO] [TrafficSystem.SignalScheduler]: [Scheduler] Winner: East   | Score: 15.00 | Green: 35s | Reason: NORMAL
[2026-07-24 21:29:09] [INFO] [TrafficSystem.FairnessManager]: [Fairness Updated] Green: 'East' (Reset to 0). Waiting cycles: {'North': 2, 'South': 1, 'East': 0, 'West': 3}
[2026-07-24 21:29:09] [INFO] [TrafficSystem.SignalController]: [ESP32 Hardware Command #67] GREEN -> 'East' (35s) | Reason: NORMAL
[2026-07-24 21:29:09] [INFO] [TrafficSystem.PriorityCalculator]: [Rank #1] Lane: North  | PCE: 0.00  | Queue: 0.00  | Congestion: 0.00  | Total: 0.00
[2026-07-24 21:29:09] [INFO] [TrafficSystem.PriorityCalculator]: [Rank #2] Lane: South  | PCE: 0.00  | Queue: 0.00  | Congestion: 0.00  | Total: 0.00
[2026-07-24 21:29:09] [INFO] [TrafficSystem.PriorityCalculator]: [Rank #3] Lane: East   | PCE: 0.00  | Queue: 0.00  | Congestion: 0.00  | Total: 0.00
[2026-07-24 21:29:09] [INFO] [TrafficSystem.PriorityCalculator]: [Rank #4] Lane: West   | PCE: 0.00  | Queue: 0.00  | Congestion: 0.00  | Total: 0.00
[2026-07-24 21:29:09] [INFO] [TrafficSystem.FairnessManager]: [Fairness] Lane: West   | Base Score: 0.00 | Wait Cycles: 3 | Bonus: +15.00 | Adjusted: 15.00
[2026-07-24 21:29:09] [INFO] [TrafficSystem.FairnessManager]: [Fairness] Lane: North  | Base Score: 0.00 | Wait Cycles: 2 | Bonus: +10.00 | Adjusted: 10.00
[2026-07-24 21:29:09] [INFO] [TrafficSystem.FairnessManager]: [Fairness] Lane: South  | Base Score: 0.00 | Wait Cycles: 1 | Bonus: +5.00 | Adjusted: 5.00
[2026-07-24 21:29:09] [INFO] [TrafficSystem.SignalScheduler]: [Scheduler] Winner: West   | Score: 15.00 | Green: 35s | Reason: NORMAL
[2026-07-24 21:29:09] [INFO] [TrafficSystem.FairnessManager]: [Fairness Updated] Green: 'West' (Reset to 0). Waiting cycles: {'North': 3, 'South': 2, 'East': 1, 'West': 0}
[2026-07-24 21:29:09] [INFO] [TrafficSystem.SignalController]: [ESP32 Hardware Command #68] GREEN -> 'West' (35s) | Reason: NORMAL
[2026-07-24 21:29:09] [INFO] [TrafficSystem.PriorityCalculator]: [Rank #1] Lane: North  | PCE: 0.00  | Queue: 0.00  | Congestion: 0.00  | Total: 0.00
[2026-07-24 21:29:09] [INFO] [TrafficSystem.PriorityCalculator]: [Rank #2] Lane: South  | PCE: 0.00  | Queue: 0.00  | Congestion: 0.00  | Total: 0.00
[2026-07-24 21:29:09] [INFO] [TrafficSystem.PriorityCalculator]: [Rank #3] Lane: East   | PCE: 0.00  | Queue: 0.00  | Congestion: 0.00  | Total: 0.00
[2026-07-24 21:29:09] [INFO] [TrafficSystem.PriorityCalculator]: [Rank #4] Lane: West   | PCE: 0.00  | Queue: 0.00  | Congestion: 0.00  | Total: 0.00
[2026-07-24 21:29:09] [INFO] [TrafficSystem.FairnessManager]: [Fairness] Lane: North  | Base Score: 0.00 | Wait Cycles: 3 | Bonus: +15.00 | Adjusted: 15.00
[2026-07-24 21:29:09] [INFO] [TrafficSystem.FairnessManager]: [Fairness] Lane: South  | Base Score: 0.00 | Wait Cycles: 2 | Bonus: +10.00 | Adjusted: 10.00
[2026-07-24 21:29:09] [INFO] [TrafficSystem.FairnessManager]: [Fairness] Lane: East   | Base Score: 0.00 | Wait Cycles: 1 | Bonus: +5.00 | Adjusted: 5.00
[2026-07-24 21:29:09] [INFO] [TrafficSystem.SignalScheduler]: [Scheduler] Winner: North  | Score: 15.00 | Green: 35s | Reason: NORMAL
[2026-07-24 21:29:09] [INFO] [TrafficSystem.FairnessManager]: [Fairness Updated] Green: 'North' (Reset to 0). Waiting cycles: {'North': 0, 'South': 3, 'East': 2, 'West': 1}
[2026-07-24 21:29:09] [INFO] [TrafficSystem.SignalController]: [ESP32 Hardware Command #69] GREEN -> 'North' (35s) | Reason: NORMAL
[2026-07-24 21:29:09] [INFO] [TrafficSystem.PriorityCalculator]: [Rank #1] Lane: North  | PCE: 0.00  | Queue: 0.00  | Congestion: 0.00  | Total: 0.00
[2026-07-24 21:29:09] [INFO] [TrafficSystem.PriorityCalculator]: [Rank #2] Lane: South  | PCE: 0.00  | Queue: 0.00  | Congestion: 0.00  | Total: 0.00
[2026-07-24 21:29:09] [INFO] [TrafficSystem.PriorityCalculator]: [Rank #3] Lane: East   | PCE: 0.00  | Queue: 0.00  | Congestion: 0.00  | Total: 0.00
[2026-07-24 21:29:09] [INFO] [TrafficSystem.PriorityCalculator]: [Rank #4] Lane: West   | PCE: 0.00  | Queue: 0.00  | Congestion: 0.00  | Total: 0.00
[2026-07-24 21:29:09] [INFO] [TrafficSystem.FairnessManager]: [Fairness] Lane: South  | Base Score: 0.00 | Wait Cycles: 3 | Bonus: +15.00 | Adjusted: 15.00
[2026-07-24 21:29:09] [INFO] [TrafficSystem.FairnessManager]: [Fairness] Lane: East   | Base Score: 0.00 | Wait Cycles: 2 | Bonus: +10.00 | Adjusted: 10.00
[2026-07-24 21:29:09] [INFO] [TrafficSystem.FairnessManager]: [Fairness] Lane: West   | Base Score: 0.00 | Wait Cycles: 1 | Bonus: +5.00 | Adjusted: 5.00
[2026-07-24 21:29:09] [INFO] [TrafficSystem.SignalScheduler]: [Scheduler] Winner: South  | Score: 15.00 | Green: 35s | Reason: NORMAL
[2026-07-24 21:29:09] [INFO] [TrafficSystem.FairnessManager]: [Fairness Updated] Green: 'South' (Reset to 0). Waiting cycles: {'North': 1, 'South': 0, 'East': 3, 'West': 2}
[2026-07-24 21:29:09] [INFO] [TrafficSystem.SignalController]: [ESP32 Hardware Command #70] GREEN -> 'South' (35s) | Reason: NORMAL
[2026-07-24 21:29:09] [INFO] [TrafficSystem.PriorityCalculator]: [Rank #1] Lane: North  | PCE: 0.00  | Queue: 0.00  | Congestion: 0.00  | Total: 0.00
[2026-07-24 21:29:09] [INFO] [TrafficSystem.PriorityCalculator]: [Rank #2] Lane: South  | PCE: 0.00  | Queue: 0.00  | Congestion: 0.00  | Total: 0.00
[2026-07-24 21:29:09] [INFO] [TrafficSystem.PriorityCalculator]: [Rank #3] Lane: East   | PCE: 0.00  | Queue: 0.00  | Congestion: 0.00  | Total: 0.00
[2026-07-24 21:29:09] [INFO] [TrafficSystem.PriorityCalculator]: [Rank #4] Lane: West   | PCE: 0.00  | Queue: 0.00  | Congestion: 0.00  | Total: 0.00
[2026-07-24 21:29:09] [INFO] [TrafficSystem.FairnessManager]: [Fairness] Lane: East   | Base Score: 0.00 | Wait Cycles: 3 | Bonus: +15.00 | Adjusted: 15.00
[2026-07-24 21:29:09] [INFO] [TrafficSystem.FairnessManager]: [Fairness] Lane: West   | Base Score: 0.00 | Wait Cycles: 2 | Bonus: +10.00 | Adjusted: 10.00
[2026-07-24 21:29:09] [INFO] [TrafficSystem.FairnessManager]: [Fairness] Lane: North  | Base Score: 0.00 | Wait Cycles: 1 | Bonus: +5.00 | Adjusted: 5.00
[2026-07-24 21:29:09] [INFO] [TrafficSystem.SignalScheduler]: [Scheduler] Winner: East   | Score: 15.00 | Green: 35s | Reason: NORMAL
[2026-07-24 21:29:09] [INFO] [TrafficSystem.FairnessManager]: [Fairness Updated] Green: 'East' (Reset to 0). Waiting cycles: {'North': 2, 'South': 1, 'East': 0, 'West': 3}
[2026-07-24 21:29:09] [INFO] [TrafficSystem.SignalController]: [ESP32 Hardware Command #71] GREEN -> 'East' (35s) | Reason: NORMAL
[2026-07-24 21:29:10] [INFO] [TrafficSystem.PriorityCalculator]: [Rank #1] Lane: North  | PCE: 0.00  | Queue: 0.00  | Congestion: 0.00  | Total: 0.00
[2026-07-24 21:29:10] [INFO] [TrafficSystem.PriorityCalculator]: [Rank #2] Lane: South  | PCE: 0.00  | Queue: 0.00  | Congestion: 0.00  | Total: 0.00
[2026-07-24 21:29:10] [INFO] [TrafficSystem.PriorityCalculator]: [Rank #3] Lane: East   | PCE: 0.00  | Queue: 0.00  | Congestion: 0.00  | Total: 0.00
[2026-07-24 21:29:10] [INFO] [TrafficSystem.PriorityCalculator]: [Rank #4] Lane: West   | PCE: 0.00  | Queue: 0.00  | Congestion: 0.00  | Total: 0.00
[2026-07-24 21:29:10] [INFO] [TrafficSystem.FairnessManager]: [Fairness] Lane: West   | Base Score: 0.00 | Wait Cycles: 3 | Bonus: +15.00 | Adjusted: 15.00
[2026-07-24 21:29:10] [INFO] [TrafficSystem.FairnessManager]: [Fairness] Lane: North  | Base Score: 0.00 | Wait Cycles: 2 | Bonus: +10.00 | Adjusted: 10.00
[2026-07-24 21:29:10] [INFO] [TrafficSystem.FairnessManager]: [Fairness] Lane: South  | Base Score: 0.00 | Wait Cycles: 1 | Bonus: +5.00 | Adjusted: 5.00
[2026-07-24 21:29:10] [INFO] [TrafficSystem.SignalScheduler]: [Scheduler] Winner: West   | Score: 15.00 | Green: 35s | Reason: NORMAL
[2026-07-24 21:29:10] [INFO] [TrafficSystem.FairnessManager]: [Fairness Updated] Green: 'West' (Reset to 0). Waiting cycles: {'North': 3, 'South': 2, 'East': 1, 'West': 0}
[2026-07-24 21:29:10] [INFO] [TrafficSystem.SignalController]: [ESP32 Hardware Command #72] GREEN -> 'West' (35s) | Reason: NORMAL
[2026-07-24 21:29:10] [INFO] [TrafficSystem.PriorityCalculator]: [Rank #1] Lane: North  | PCE: 0.00  | Queue: 0.00  | Congestion: 0.00  | Total: 0.00
[2026-07-24 21:29:10] [INFO] [TrafficSystem.PriorityCalculator]: [Rank #2] Lane: South  | PCE: 0.00  | Queue: 0.00  | Congestion: 0.00  | Total: 0.00
[2026-07-24 21:29:10] [INFO] [TrafficSystem.PriorityCalculator]: [Rank #3] Lane: East   | PCE: 0.00  | Queue: 0.00  | Congestion: 0.00  | Total: 0.00
[2026-07-24 21:29:10] [INFO] [TrafficSystem.PriorityCalculator]: [Rank #4] Lane: West   | PCE: 0.00  | Queue: 0.00  | Congestion: 0.00  | Total: 0.00
[2026-07-24 21:29:10] [INFO] [TrafficSystem.FairnessManager]: [Fairness] Lane: North  | Base Score: 0.00 | Wait Cycles: 3 | Bonus: +15.00 | Adjusted: 15.00
[2026-07-24 21:29:10] [INFO] [TrafficSystem.FairnessManager]: [Fairness] Lane: South  | Base Score: 0.00 | Wait Cycles: 2 | Bonus: +10.00 | Adjusted: 10.00
[2026-07-24 21:29:10] [INFO] [TrafficSystem.FairnessManager]: [Fairness] Lane: East   | Base Score: 0.00 | Wait Cycles: 1 | Bonus: +5.00 | Adjusted: 5.00
[2026-07-24 21:29:10] [INFO] [TrafficSystem.SignalScheduler]: [Scheduler] Winner: North  | Score: 15.00 | Green: 35s | Reason: NORMAL
[2026-07-24 21:29:10] [INFO] [TrafficSystem.FairnessManager]: [Fairness Updated] Green: 'North' (Reset to 0). Waiting cycles: {'North': 0, 'South': 3, 'East': 2, 'West': 1}
[2026-07-24 21:29:10] [INFO] [TrafficSystem.SignalController]: [ESP32 Hardware Command #73] GREEN -> 'North' (35s) | Reason: NORMAL
[2026-07-24 21:29:10] [INFO] [TrafficSystem.PriorityCalculator]: [Rank #1] Lane: North  | PCE: 0.00  | Queue: 0.00  | Congestion: 0.00  | Total: 0.00
[2026-07-24 21:29:10] [INFO] [TrafficSystem.PriorityCalculator]: [Rank #2] Lane: South  | PCE: 0.00  | Queue: 0.00  | Congestion: 0.00  | Total: 0.00
[2026-07-24 21:29:10] [INFO] [TrafficSystem.PriorityCalculator]: [Rank #3] Lane: East   | PCE: 0.00  | Queue: 0.00  | Congestion: 0.00  | Total: 0.00
[2026-07-24 21:29:10] [INFO] [TrafficSystem.PriorityCalculator]: [Rank #4] Lane: West   | PCE: 0.00  | Queue: 0.00  | Congestion: 0.00  | Total: 0.00
[2026-07-24 21:29:10] [INFO] [TrafficSystem.FairnessManager]: [Fairness] Lane: South  | Base Score: 0.00 | Wait Cycles: 3 | Bonus: +15.00 | Adjusted: 15.00
[2026-07-24 21:29:10] [INFO] [TrafficSystem.FairnessManager]: [Fairness] Lane: East   | Base Score: 0.00 | Wait Cycles: 2 | Bonus: +10.00 | Adjusted: 10.00
[2026-07-24 21:29:10] [INFO] [TrafficSystem.FairnessManager]: [Fairness] Lane: West   | Base Score: 0.00 | Wait Cycles: 1 | Bonus: +5.00 | Adjusted: 5.00
[2026-07-24 21:29:10] [INFO] [TrafficSystem.SignalScheduler]: [Scheduler] Winner: South  | Score: 15.00 | Green: 35s | Reason: NORMAL
[2026-07-24 21:29:10] [INFO] [TrafficSystem.FairnessManager]: [Fairness Updated] Green: 'South' (Reset to 0). Waiting cycles: {'North': 1, 'South': 0, 'East': 3, 'West': 2}
[2026-07-24 21:29:10] [INFO] [TrafficSystem.SignalController]: [ESP32 Hardware Command #74] GREEN -> 'South' (35s) | Reason: NORMAL
[2026-07-24 21:29:10] [INFO] [TrafficSystem.PriorityCalculator]: [Rank #1] Lane: North  | PCE: 0.00  | Queue: 0.00  | Congestion: 0.00  | Total: 0.00
[2026-07-24 21:29:10] [INFO] [TrafficSystem.PriorityCalculator]: [Rank #2] Lane: South  | PCE: 0.00  | Queue: 0.00  | Congestion: 0.00  | Total: 0.00
[2026-07-24 21:29:10] [INFO] [TrafficSystem.PriorityCalculator]: [Rank #3] Lane: East   | PCE: 0.00  | Queue: 0.00  | Congestion: 0.00  | Total: 0.00
[2026-07-24 21:29:10] [INFO] [TrafficSystem.PriorityCalculator]: [Rank #4] Lane: West   | PCE: 0.00  | Queue: 0.00  | Congestion: 0.00  | Total: 0.00
[2026-07-24 21:29:10] [INFO] [TrafficSystem.FairnessManager]: [Fairness] Lane: East   | Base Score: 0.00 | Wait Cycles: 3 | Bonus: +15.00 | Adjusted: 15.00
[2026-07-24 21:29:10] [INFO] [TrafficSystem.FairnessManager]: [Fairness] Lane: West   | Base Score: 0.00 | Wait Cycles: 2 | Bonus: +10.00 | Adjusted: 10.00
[2026-07-24 21:29:10] [INFO] [TrafficSystem.FairnessManager]: [Fairness] Lane: North  | Base Score: 0.00 | Wait Cycles: 1 | Bonus: +5.00 | Adjusted: 5.00
[2026-07-24 21:29:10] [INFO] [TrafficSystem.SignalScheduler]: [Scheduler] Winner: East   | Score: 15.00 | Green: 35s | Reason: NORMAL
[2026-07-24 21:29:10] [INFO] [TrafficSystem.FairnessManager]: [Fairness Updated] Green: 'East' (Reset to 0). Waiting cycles: {'North': 2, 'South': 1, 'East': 0, 'West': 3}
[2026-07-24 21:29:10] [INFO] [TrafficSystem.SignalController]: [ESP32 Hardware Command #75] GREEN -> 'East' (35s) | Reason: NORMAL
[2026-07-24 21:29:10] [INFO] [TrafficSystem.PriorityCalculator]: [Rank #1] Lane: North  | PCE: 0.00  | Queue: 0.00  | Congestion: 0.00  | Total: 0.00
[2026-07-24 21:29:10] [INFO] [TrafficSystem.PriorityCalculator]: [Rank #2] Lane: South  | PCE: 0.00  | Queue: 0.00  | Congestion: 0.00  | Total: 0.00
[2026-07-24 21:29:10] [INFO] [TrafficSystem.PriorityCalculator]: [Rank #3] Lane: East   | PCE: 0.00  | Queue: 0.00  | Congestion: 0.00  | Total: 0.00
[2026-07-24 21:29:10] [INFO] [TrafficSystem.PriorityCalculator]: [Rank #4] Lane: West   | PCE: 0.00  | Queue: 0.00  | Congestion: 0.00  | Total: 0.00
[2026-07-24 21:29:10] [INFO] [TrafficSystem.FairnessManager]: [Fairness] Lane: West   | Base Score: 0.00 | Wait Cycles: 3 | Bonus: +15.00 | Adjusted: 15.00
[2026-07-24 21:29:10] [INFO] [TrafficSystem.FairnessManager]: [Fairness] Lane: North  | Base Score: 0.00 | Wait Cycles: 2 | Bonus: +10.00 | Adjusted: 10.00
[2026-07-24 21:29:10] [INFO] [TrafficSystem.FairnessManager]: [Fairness] Lane: South  | Base Score: 0.00 | Wait Cycles: 1 | Bonus: +5.00 | Adjusted: 5.00
[2026-07-24 21:29:10] [INFO] [TrafficSystem.SignalScheduler]: [Scheduler] Winner: West   | Score: 15.00 | Green: 35s | Reason: NORMAL
[2026-07-24 21:29:10] [INFO] [TrafficSystem.FairnessManager]: [Fairness Updated] Green: 'West' (Reset to 0). Waiting cycles: {'North': 3, 'South': 2, 'East': 1, 'West': 0}
[2026-07-24 21:29:10] [INFO] [TrafficSystem.SignalController]: [ESP32 Hardware Command #76] GREEN -> 'West' (35s) | Reason: NORMAL
[2026-07-24 21:29:10] [INFO] [TrafficSystem.PriorityCalculator]: [Rank #1] Lane: North  | PCE: 0.00  | Queue: 0.00  | Congestion: 0.00  | Total: 0.00
[2026-07-24 21:29:10] [INFO] [TrafficSystem.PriorityCalculator]: [Rank #2] Lane: South  | PCE: 0.00  | Queue: 0.00  | Congestion: 0.00  | Total: 0.00
[2026-07-24 21:29:10] [INFO] [TrafficSystem.PriorityCalculator]: [Rank #3] Lane: East   | PCE: 0.00  | Queue: 0.00  | Congestion: 0.00  | Total: 0.00
[2026-07-24 21:29:10] [INFO] [TrafficSystem.PriorityCalculator]: [Rank #4] Lane: West   | PCE: 0.00  | Queue: 0.00  | Congestion: 0.00  | Total: 0.00
[2026-07-24 21:29:10] [INFO] [TrafficSystem.FairnessManager]: [Fairness] Lane: North  | Base Score: 0.00 | Wait Cycles: 3 | Bonus: +15.00 | Adjusted: 15.00
[2026-07-24 21:29:10] [INFO] [TrafficSystem.FairnessManager]: [Fairness] Lane: South  | Base Score: 0.00 | Wait Cycles: 2 | Bonus: +10.00 | Adjusted: 10.00
[2026-07-24 21:29:10] [INFO] [TrafficSystem.FairnessManager]: [Fairness] Lane: East   | Base Score: 0.00 | Wait Cycles: 1 | Bonus: +5.00 | Adjusted: 5.00
[2026-07-24 21:29:10] [INFO] [TrafficSystem.SignalScheduler]: [Scheduler] Winner: North  | Score: 15.00 | Green: 35s | Reason: NORMAL
[2026-07-24 21:29:10] [INFO] [TrafficSystem.FairnessManager]: [Fairness Updated] Green: 'North' (Reset to 0). Waiting cycles: {'North': 0, 'South': 3, 'East': 2, 'West': 1}
[2026-07-24 21:29:10] [INFO] [TrafficSystem.SignalController]: [ESP32 Hardware Command #77] GREEN -> 'North' (35s) | Reason: NORMAL
[2026-07-24 21:29:10] [INFO] [TrafficSystem.PriorityCalculator]: [Rank #1] Lane: North  | PCE: 0.00  | Queue: 0.00  | Congestion: 0.00  | Total: 0.00
[2026-07-24 21:29:10] [INFO] [TrafficSystem.PriorityCalculator]: [Rank #2] Lane: South  | PCE: 0.00  | Queue: 0.00  | Congestion: 0.00  | Total: 0.00
[2026-07-24 21:29:10] [INFO] [TrafficSystem.PriorityCalculator]: [Rank #3] Lane: East   | PCE: 0.00  | Queue: 0.00  | Congestion: 0.00  | Total: 0.00
[2026-07-24 21:29:10] [INFO] [TrafficSystem.PriorityCalculator]: [Rank #4] Lane: West   | PCE: 0.00  | Queue: 0.00  | Congestion: 0.00  | Total: 0.00
[2026-07-24 21:29:10] [INFO] [TrafficSystem.FairnessManager]: [Fairness] Lane: South  | Base Score: 0.00 | Wait Cycles: 3 | Bonus: +15.00 | Adjusted: 15.00
[2026-07-24 21:29:10] [INFO] [TrafficSystem.FairnessManager]: [Fairness] Lane: East   | Base Score: 0.00 | Wait Cycles: 2 | Bonus: +10.00 | Adjusted: 10.00
[2026-07-24 21:29:10] [INFO] [TrafficSystem.FairnessManager]: [Fairness] Lane: West   | Base Score: 0.00 | Wait Cycles: 1 | Bonus: +5.00 | Adjusted: 5.00
[2026-07-24 21:29:10] [INFO] [TrafficSystem.SignalScheduler]: [Scheduler] Winner: South  | Score: 15.00 | Green: 35s | Reason: NORMAL
[2026-07-24 21:29:10] [INFO] [TrafficSystem.FairnessManager]: [Fairness Updated] Green: 'South' (Reset to 0). Waiting cycles: {'North': 1, 'South': 0, 'East': 3, 'West': 2}
[2026-07-24 21:29:10] [INFO] [TrafficSystem.SignalController]: [ESP32 Hardware Command #78] GREEN -> 'South' (35s) | Reason: NORMAL
[2026-07-24 21:29:10] [INFO] [TrafficSystem.PriorityCalculator]: [Rank #1] Lane: North  | PCE: 0.00  | Queue: 0.00  | Congestion: 0.00  | Total: 0.00
[2026-07-24 21:29:10] [INFO] [TrafficSystem.PriorityCalculator]: [Rank #2] Lane: South  | PCE: 0.00  | Queue: 0.00  | Congestion: 0.00  | Total: 0.00
[2026-07-24 21:29:10] [INFO] [TrafficSystem.PriorityCalculator]: [Rank #3] Lane: East   | PCE: 0.00  | Queue: 0.00  | Congestion: 0.00  | Total: 0.00
[2026-07-24 21:29:10] [INFO] [TrafficSystem.PriorityCalculator]: [Rank #4] Lane: West   | PCE: 0.00  | Queue: 0.00  | Congestion: 0.00  | Total: 0.00
[2026-07-24 21:29:10] [INFO] [TrafficSystem.FairnessManager]: [Fairness] Lane: East   | Base Score: 0.00 | Wait Cycles: 3 | Bonus: +15.00 | Adjusted: 15.00
[2026-07-24 21:29:10] [INFO] [TrafficSystem.FairnessManager]: [Fairness] Lane: West   | Base Score: 0.00 | Wait Cycles: 2 | Bonus: +10.00 | Adjusted: 10.00
[2026-07-24 21:29:10] [INFO] [TrafficSystem.FairnessManager]: [Fairness] Lane: North  | Base Score: 0.00 | Wait Cycles: 1 | Bonus: +5.00 | Adjusted: 5.00
[2026-07-24 21:29:10] [INFO] [TrafficSystem.SignalScheduler]: [Scheduler] Winner: East   | Score: 15.00 | Green: 35s | Reason: NORMAL
[2026-07-24 21:29:10] [INFO] [TrafficSystem.FairnessManager]: [Fairness Updated] Green: 'East' (Reset to 0). Waiting cycles: {'North': 2, 'South': 1, 'East': 0, 'West': 3}
[2026-07-24 21:29:10] [INFO] [TrafficSystem.SignalController]: [ESP32 Hardware Command #79] GREEN -> 'East' (35s) | Reason: NORMAL
[2026-07-24 21:29:10] [INFO] [TrafficSystem.PriorityCalculator]: [Rank #1] Lane: North  | PCE: 0.00  | Queue: 0.00  | Congestion: 0.00  | Total: 0.00
[2026-07-24 21:29:10] [INFO] [TrafficSystem.PriorityCalculator]: [Rank #2] Lane: South  | PCE: 0.00  | Queue: 0.00  | Congestion: 0.00  | Total: 0.00
[2026-07-24 21:29:10] [INFO] [TrafficSystem.PriorityCalculator]: [Rank #3] Lane: East   | PCE: 0.00  | Queue: 0.00  | Congestion: 0.00  | Total: 0.00
[2026-07-24 21:29:10] [INFO] [TrafficSystem.PriorityCalculator]: [Rank #4] Lane: West   | PCE: 0.00  | Queue: 0.00  | Congestion: 0.00  | Total: 0.00
[2026-07-24 21:29:10] [INFO] [TrafficSystem.FairnessManager]: [Fairness] Lane: West   | Base Score: 0.00 | Wait Cycles: 3 | Bonus: +15.00 | Adjusted: 15.00
[2026-07-24 21:29:10] [INFO] [TrafficSystem.FairnessManager]: [Fairness] Lane: North  | Base Score: 0.00 | Wait Cycles: 2 | Bonus: +10.00 | Adjusted: 10.00
[2026-07-24 21:29:10] [INFO] [TrafficSystem.FairnessManager]: [Fairness] Lane: South  | Base Score: 0.00 | Wait Cycles: 1 | Bonus: +5.00 | Adjusted: 5.00
[2026-07-24 21:29:10] [INFO] [TrafficSystem.SignalScheduler]: [Scheduler] Winner: West   | Score: 15.00 | Green: 35s | Reason: NORMAL
[2026-07-24 21:29:10] [INFO] [TrafficSystem.FairnessManager]: [Fairness Updated] Green: 'West' (Reset to 0). Waiting cycles: {'North': 3, 'South': 2, 'East': 1, 'West': 0}
[2026-07-24 21:29:10] [INFO] [TrafficSystem.SignalController]: [ESP32 Hardware Command #80] GREEN -> 'West' (35s) | Reason: NORMAL
[2026-07-24 21:29:10] [INFO] [TrafficSystem.PriorityCalculator]: [Rank #1] Lane: North  | PCE: 0.00  | Queue: 0.00  | Congestion: 0.00  | Total: 0.00
[2026-07-24 21:29:10] [INFO] [TrafficSystem.PriorityCalculator]: [Rank #2] Lane: South  | PCE: 0.00  | Queue: 0.00  | Congestion: 0.00  | Total: 0.00
[2026-07-24 21:29:10] [INFO] [TrafficSystem.PriorityCalculator]: [Rank #3] Lane: East   | PCE: 0.00  | Queue: 0.00  | Congestion: 0.00  | Total: 0.00
[2026-07-24 21:29:10] [INFO] [TrafficSystem.PriorityCalculator]: [Rank #4] Lane: West   | PCE: 0.00  | Queue: 0.00  | Congestion: 0.00  | Total: 0.00
[2026-07-24 21:29:10] [INFO] [TrafficSystem.FairnessManager]: [Fairness] Lane: North  | Base Score: 0.00 | Wait Cycles: 3 | Bonus: +15.00 | Adjusted: 15.00
[2026-07-24 21:29:10] [INFO] [TrafficSystem.FairnessManager]: [Fairness] Lane: South  | Base Score: 0.00 | Wait Cycles: 2 | Bonus: +10.00 | Adjusted: 10.00
[2026-07-24 21:29:10] [INFO] [TrafficSystem.FairnessManager]: [Fairness] Lane: East   | Base Score: 0.00 | Wait Cycles: 1 | Bonus: +5.00 | Adjusted: 5.00
[2026-07-24 21:29:10] [INFO] [TrafficSystem.SignalScheduler]: [Scheduler] Winner: North  | Score: 15.00 | Green: 35s | Reason: NORMAL
[2026-07-24 21:29:10] [INFO] [TrafficSystem.FairnessManager]: [Fairness Updated] Green: 'North' (Reset to 0). Waiting cycles: {'North': 0, 'South': 3, 'East': 2, 'West': 1}
[2026-07-24 21:29:10] [INFO] [TrafficSystem.SignalController]: [ESP32 Hardware Command #81] GREEN -> 'North' (35s) | Reason: NORMAL
[2026-07-24 21:29:10] [INFO] [TrafficSystem.PriorityCalculator]: [Rank #1] Lane: North  | PCE: 0.00  | Queue: 0.00  | Congestion: 0.00  | Total: 0.00
[2026-07-24 21:29:10] [INFO] [TrafficSystem.PriorityCalculator]: [Rank #2] Lane: South  | PCE: 0.00  | Queue: 0.00  | Congestion: 0.00  | Total: 0.00
[2026-07-24 21:29:10] [INFO] [TrafficSystem.PriorityCalculator]: [Rank #3] Lane: East   | PCE: 0.00  | Queue: 0.00  | Congestion: 0.00  | Total: 0.00
[2026-07-24 21:29:10] [INFO] [TrafficSystem.PriorityCalculator]: [Rank #4] Lane: West   | PCE: 0.00  | Queue: 0.00  | Congestion: 0.00  | Total: 0.00
[2026-07-24 21:29:10] [INFO] [TrafficSystem.FairnessManager]: [Fairness] Lane: South  | Base Score: 0.00 | Wait Cycles: 3 | Bonus: +15.00 | Adjusted: 15.00
[2026-07-24 21:29:10] [INFO] [TrafficSystem.FairnessManager]: [Fairness] Lane: East   | Base Score: 0.00 | Wait Cycles: 2 | Bonus: +10.00 | Adjusted: 10.00
[2026-07-24 21:29:10] [INFO] [TrafficSystem.FairnessManager]: [Fairness] Lane: West   | Base Score: 0.00 | Wait Cycles: 1 | Bonus: +5.00 | Adjusted: 5.00
[2026-07-24 21:29:10] [INFO] [TrafficSystem.SignalScheduler]: [Scheduler] Winner: South  | Score: 15.00 | Green: 35s | Reason: NORMAL
[2026-07-24 21:29:10] [INFO] [TrafficSystem.FairnessManager]: [Fairness Updated] Green: 'South' (Reset to 0). Waiting cycles: {'North': 1, 'South': 0, 'East': 3, 'West': 2}
[2026-07-24 21:29:10] [INFO] [TrafficSystem.SignalController]: [ESP32 Hardware Command #82] GREEN -> 'South' (35s) | Reason: NORMAL
[2026-07-24 21:29:11] [INFO] [TrafficSystem.PriorityCalculator]: [Rank #1] Lane: North  | PCE: 0.00  | Queue: 0.00  | Congestion: 0.00  | Total: 0.00
[2026-07-24 21:29:11] [INFO] [TrafficSystem.PriorityCalculator]: [Rank #2] Lane: South  | PCE: 0.00  | Queue: 0.00  | Congestion: 0.00  | Total: 0.00
[2026-07-24 21:29:11] [INFO] [TrafficSystem.PriorityCalculator]: [Rank #3] Lane: East   | PCE: 0.00  | Queue: 0.00  | Congestion: 0.00  | Total: 0.00
[2026-07-24 21:29:11] [INFO] [TrafficSystem.PriorityCalculator]: [Rank #4] Lane: West   | PCE: 0.00  | Queue: 0.00  | Congestion: 0.00  | Total: 0.00
[2026-07-24 21:29:11] [INFO] [TrafficSystem.FairnessManager]: [Fairness] Lane: East   | Base Score: 0.00 | Wait Cycles: 3 | Bonus: +15.00 | Adjusted: 15.00
[2026-07-24 21:29:11] [INFO] [TrafficSystem.FairnessManager]: [Fairness] Lane: West   | Base Score: 0.00 | Wait Cycles: 2 | Bonus: +10.00 | Adjusted: 10.00
[2026-07-24 21:29:11] [INFO] [TrafficSystem.FairnessManager]: [Fairness] Lane: North  | Base Score: 0.00 | Wait Cycles: 1 | Bonus: +5.00 | Adjusted: 5.00
[2026-07-24 21:29:11] [INFO] [TrafficSystem.SignalScheduler]: [Scheduler] Winner: East   | Score: 15.00 | Green: 35s | Reason: NORMAL
[2026-07-24 21:29:11] [INFO] [TrafficSystem.FairnessManager]: [Fairness Updated] Green: 'East' (Reset to 0). Waiting cycles: {'North': 2, 'South': 1, 'East': 0, 'West': 3}
[2026-07-24 21:29:11] [INFO] [TrafficSystem.SignalController]: [ESP32 Hardware Command #83] GREEN -> 'East' (35s) | Reason: NORMAL
[2026-07-24 21:29:11] [INFO] [TrafficSystem.PriorityCalculator]: [Rank #1] Lane: North  | PCE: 0.00  | Queue: 0.00  | Congestion: 0.00  | Total: 0.00
[2026-07-24 21:29:11] [INFO] [TrafficSystem.PriorityCalculator]: [Rank #2] Lane: South  | PCE: 0.00  | Queue: 0.00  | Congestion: 0.00  | Total: 0.00
[2026-07-24 21:29:11] [INFO] [TrafficSystem.PriorityCalculator]: [Rank #3] Lane: East   | PCE: 0.00  | Queue: 0.00  | Congestion: 0.00  | Total: 0.00
[2026-07-24 21:29:11] [INFO] [TrafficSystem.PriorityCalculator]: [Rank #4] Lane: West   | PCE: 0.00  | Queue: 0.00  | Congestion: 0.00  | Total: 0.00
[2026-07-24 21:29:11] [INFO] [TrafficSystem.FairnessManager]: [Fairness] Lane: West   | Base Score: 0.00 | Wait Cycles: 3 | Bonus: +15.00 | Adjusted: 15.00
[2026-07-24 21:29:11] [INFO] [TrafficSystem.FairnessManager]: [Fairness] Lane: North  | Base Score: 0.00 | Wait Cycles: 2 | Bonus: +10.00 | Adjusted: 10.00
[2026-07-24 21:29:11] [INFO] [TrafficSystem.FairnessManager]: [Fairness] Lane: South  | Base Score: 0.00 | Wait Cycles: 1 | Bonus: +5.00 | Adjusted: 5.00
[2026-07-24 21:29:11] [INFO] [TrafficSystem.SignalScheduler]: [Scheduler] Winner: West   | Score: 15.00 | Green: 35s | Reason: NORMAL
[2026-07-24 21:29:11] [INFO] [TrafficSystem.FairnessManager]: [Fairness Updated] Green: 'West' (Reset to 0). Waiting cycles: {'North': 3, 'South': 2, 'East': 1, 'West': 0}
[2026-07-24 21:29:11] [INFO] [TrafficSystem.SignalController]: [ESP32 Hardware Command #84] GREEN -> 'West' (35s) | Reason: NORMAL
[2026-07-24 21:29:11] [INFO] [TrafficSystem.PriorityCalculator]: [Rank #1] Lane: North  | PCE: 0.00  | Queue: 0.00  | Congestion: 0.00  | Total: 0.00
[2026-07-24 21:29:11] [INFO] [TrafficSystem.PriorityCalculator]: [Rank #2] Lane: South  | PCE: 0.00  | Queue: 0.00  | Congestion: 0.00  | Total: 0.00
[2026-07-24 21:29:11] [INFO] [TrafficSystem.PriorityCalculator]: [Rank #3] Lane: East   | PCE: 0.00  | Queue: 0.00  | Congestion: 0.00  | Total: 0.00
[2026-07-24 21:29:11] [INFO] [TrafficSystem.PriorityCalculator]: [Rank #4] Lane: West   | PCE: 0.00  | Queue: 0.00  | Congestion: 0.00  | Total: 0.00
[2026-07-24 21:29:11] [INFO] [TrafficSystem.FairnessManager]: [Fairness] Lane: North  | Base Score: 0.00 | Wait Cycles: 3 | Bonus: +15.00 | Adjusted: 15.00
[2026-07-24 21:29:11] [INFO] [TrafficSystem.FairnessManager]: [Fairness] Lane: South  | Base Score: 0.00 | Wait Cycles: 2 | Bonus: +10.00 | Adjusted: 10.00
[2026-07-24 21:29:11] [INFO] [TrafficSystem.FairnessManager]: [Fairness] Lane: East   | Base Score: 0.00 | Wait Cycles: 1 | Bonus: +5.00 | Adjusted: 5.00
[2026-07-24 21:29:11] [INFO] [TrafficSystem.SignalScheduler]: [Scheduler] Winner: North  | Score: 15.00 | Green: 35s | Reason: NORMAL
[2026-07-24 21:29:11] [INFO] [TrafficSystem.FairnessManager]: [Fairness Updated] Green: 'North' (Reset to 0). Waiting cycles: {'North': 0, 'South': 3, 'East': 2, 'West': 1}
[2026-07-24 21:29:11] [INFO] [TrafficSystem.SignalController]: [ESP32 Hardware Command #85] GREEN -> 'North' (35s) | Reason: NORMAL
[2026-07-24 21:29:11] [INFO] [TrafficSystem.PriorityCalculator]: [Rank #1] Lane: North  | PCE: 0.00  | Queue: 0.00  | Congestion: 0.00  | Total: 0.00
[2026-07-24 21:29:11] [INFO] [TrafficSystem.PriorityCalculator]: [Rank #2] Lane: South  | PCE: 0.00  | Queue: 0.00  | Congestion: 0.00  | Total: 0.00
[2026-07-24 21:29:11] [INFO] [TrafficSystem.PriorityCalculator]: [Rank #3] Lane: East   | PCE: 0.00  | Queue: 0.00  | Congestion: 0.00  | Total: 0.00
[2026-07-24 21:29:11] [INFO] [TrafficSystem.PriorityCalculator]: [Rank #4] Lane: West   | PCE: 0.00  | Queue: 0.00  | Congestion: 0.00  | Total: 0.00
[2026-07-24 21:29:11] [INFO] [TrafficSystem.FairnessManager]: [Fairness] Lane: South  | Base Score: 0.00 | Wait Cycles: 3 | Bonus: +15.00 | Adjusted: 15.00
[2026-07-24 21:29:11] [INFO] [TrafficSystem.FairnessManager]: [Fairness] Lane: East   | Base Score: 0.00 | Wait Cycles: 2 | Bonus: +10.00 | Adjusted: 10.00
[2026-07-24 21:29:11] [INFO] [TrafficSystem.FairnessManager]: [Fairness] Lane: West   | Base Score: 0.00 | Wait Cycles: 1 | Bonus: +5.00 | Adjusted: 5.00
[2026-07-24 21:29:11] [INFO] [TrafficSystem.SignalScheduler]: [Scheduler] Winner: South  | Score: 15.00 | Green: 35s | Reason: NORMAL
[2026-07-24 21:29:11] [INFO] [TrafficSystem.FairnessManager]: [Fairness Updated] Green: 'South' (Reset to 0). Waiting cycles: {'North': 1, 'South': 0, 'East': 3, 'West': 2}
[2026-07-24 21:29:11] [INFO] [TrafficSystem.SignalController]: [ESP32 Hardware Command #86] GREEN -> 'South' (35s) | Reason: NORMAL
[2026-07-24 21:29:11] [INFO] [TrafficSystem.PriorityCalculator]: [Rank #1] Lane: North  | PCE: 0.00  | Queue: 0.00  | Congestion: 0.00  | Total: 0.00
[2026-07-24 21:29:11] [INFO] [TrafficSystem.PriorityCalculator]: [Rank #2] Lane: South  | PCE: 0.00  | Queue: 0.00  | Congestion: 0.00  | Total: 0.00
[2026-07-24 21:29:11] [INFO] [TrafficSystem.PriorityCalculator]: [Rank #3] Lane: East   | PCE: 0.00  | Queue: 0.00  | Congestion: 0.00  | Total: 0.00
[2026-07-24 21:29:11] [INFO] [TrafficSystem.PriorityCalculator]: [Rank #4] Lane: West   | PCE: 0.00  | Queue: 0.00  | Congestion: 0.00  | Total: 0.00
[2026-07-24 21:29:11] [INFO] [TrafficSystem.FairnessManager]: [Fairness] Lane: East   | Base Score: 0.00 | Wait Cycles: 3 | Bonus: +15.00 | Adjusted: 15.00
[2026-07-24 21:29:11] [INFO] [TrafficSystem.FairnessManager]: [Fairness] Lane: West   | Base Score: 0.00 | Wait Cycles: 2 | Bonus: +10.00 | Adjusted: 10.00
[2026-07-24 21:29:11] [INFO] [TrafficSystem.FairnessManager]: [Fairness] Lane: North  | Base Score: 0.00 | Wait Cycles: 1 | Bonus: +5.00 | Adjusted: 5.00
[2026-07-24 21:29:11] [INFO] [TrafficSystem.SignalScheduler]: [Scheduler] Winner: East   | Score: 15.00 | Green: 35s | Reason: NORMAL
[2026-07-24 21:29:11] [INFO] [TrafficSystem.FairnessManager]: [Fairness Updated] Green: 'East' (Reset to 0). Waiting cycles: {'North': 2, 'South': 1, 'East': 0, 'West': 3}
[2026-07-24 21:29:11] [INFO] [TrafficSystem.SignalController]: [ESP32 Hardware Command #87] GREEN -> 'East' (35s) | Reason: NORMAL
[2026-07-24 21:29:11] [INFO] [TrafficSystem.PriorityCalculator]: [Rank #1] Lane: North  | PCE: 0.00  | Queue: 0.00  | Congestion: 0.00  | Total: 0.00
[2026-07-24 21:29:11] [INFO] [TrafficSystem.PriorityCalculator]: [Rank #2] Lane: South  | PCE: 0.00  | Queue: 0.00  | Congestion: 0.00  | Total: 0.00
[2026-07-24 21:29:11] [INFO] [TrafficSystem.PriorityCalculator]: [Rank #3] Lane: East   | PCE: 0.00  | Queue: 0.00  | Congestion: 0.00  | Total: 0.00
[2026-07-24 21:29:11] [INFO] [TrafficSystem.PriorityCalculator]: [Rank #4] Lane: West   | PCE: 0.00  | Queue: 0.00  | Congestion: 0.00  | Total: 0.00
[2026-07-24 21:29:11] [INFO] [TrafficSystem.FairnessManager]: [Fairness] Lane: West   | Base Score: 0.00 | Wait Cycles: 3 | Bonus: +15.00 | Adjusted: 15.00
[2026-07-24 21:29:11] [INFO] [TrafficSystem.FairnessManager]: [Fairness] Lane: North  | Base Score: 0.00 | Wait Cycles: 2 | Bonus: +10.00 | Adjusted: 10.00
[2026-07-24 21:29:11] [INFO] [TrafficSystem.FairnessManager]: [Fairness] Lane: South  | Base Score: 0.00 | Wait Cycles: 1 | Bonus: +5.00 | Adjusted: 5.00
[2026-07-24 21:29:11] [INFO] [TrafficSystem.SignalScheduler]: [Scheduler] Winner: West   | Score: 15.00 | Green: 35s | Reason: NORMAL
[2026-07-24 21:29:11] [INFO] [TrafficSystem.FairnessManager]: [Fairness Updated] Green: 'West' (Reset to 0). Waiting cycles: {'North': 3, 'South': 2, 'East': 1, 'West': 0}
[2026-07-24 21:29:11] [INFO] [TrafficSystem.SignalController]: [ESP32 Hardware Command #88] GREEN -> 'West' (35s) | Reason: NORMAL
[2026-07-24 21:29:11] [INFO] [TrafficSystem.PriorityCalculator]: [Rank #1] Lane: North  | PCE: 0.00  | Queue: 0.00  | Congestion: 0.00  | Total: 0.00
[2026-07-24 21:29:11] [INFO] [TrafficSystem.PriorityCalculator]: [Rank #2] Lane: South  | PCE: 0.00  | Queue: 0.00  | Congestion: 0.00  | Total: 0.00
[2026-07-24 21:29:11] [INFO] [TrafficSystem.PriorityCalculator]: [Rank #3] Lane: East   | PCE: 0.00  | Queue: 0.00  | Congestion: 0.00  | Total: 0.00
[2026-07-24 21:29:11] [INFO] [TrafficSystem.PriorityCalculator]: [Rank #4] Lane: West   | PCE: 0.00  | Queue: 0.00  | Congestion: 0.00  | Total: 0.00
[2026-07-24 21:29:11] [INFO] [TrafficSystem.FairnessManager]: [Fairness] Lane: North  | Base Score: 0.00 | Wait Cycles: 3 | Bonus: +15.00 | Adjusted: 15.00
[2026-07-24 21:29:11] [INFO] [TrafficSystem.FairnessManager]: [Fairness] Lane: South  | Base Score: 0.00 | Wait Cycles: 2 | Bonus: +10.00 | Adjusted: 10.00
[2026-07-24 21:29:11] [INFO] [TrafficSystem.FairnessManager]: [Fairness] Lane: East   | Base Score: 0.00 | Wait Cycles: 1 | Bonus: +5.00 | Adjusted: 5.00
[2026-07-24 21:29:11] [INFO] [TrafficSystem.SignalScheduler]: [Scheduler] Winner: North  | Score: 15.00 | Green: 35s | Reason: NORMAL
[2026-07-24 21:29:11] [INFO] [TrafficSystem.FairnessManager]: [Fairness Updated] Green: 'North' (Reset to 0). Waiting cycles: {'North': 0, 'South': 3, 'East': 2, 'West': 1}
[2026-07-24 21:29:11] [INFO] [TrafficSystem.SignalController]: [ESP32 Hardware Command #89] GREEN -> 'North' (35s) | Reason: NORMAL
[2026-07-24 21:29:11] [INFO] [TrafficSystem.PriorityCalculator]: [Rank #1] Lane: North  | PCE: 0.00  | Queue: 0.00  | Congestion: 0.00  | Total: 0.00
[2026-07-24 21:29:11] [INFO] [TrafficSystem.PriorityCalculator]: [Rank #2] Lane: South  | PCE: 0.00  | Queue: 0.00  | Congestion: 0.00  | Total: 0.00
[2026-07-24 21:29:11] [INFO] [TrafficSystem.PriorityCalculator]: [Rank #3] Lane: East   | PCE: 0.00  | Queue: 0.00  | Congestion: 0.00  | Total: 0.00
[2026-07-24 21:29:11] [INFO] [TrafficSystem.PriorityCalculator]: [Rank #4] Lane: West   | PCE: 0.00  | Queue: 0.00  | Congestion: 0.00  | Total: 0.00
[2026-07-24 21:29:11] [INFO] [TrafficSystem.FairnessManager]: [Fairness] Lane: South  | Base Score: 0.00 | Wait Cycles: 3 | Bonus: +15.00 | Adjusted: 15.00
[2026-07-24 21:29:11] [INFO] [TrafficSystem.FairnessManager]: [Fairness] Lane: East   | Base Score: 0.00 | Wait Cycles: 2 | Bonus: +10.00 | Adjusted: 10.00
[2026-07-24 21:29:11] [INFO] [TrafficSystem.FairnessManager]: [Fairness] Lane: West   | Base Score: 0.00 | Wait Cycles: 1 | Bonus: +5.00 | Adjusted: 5.00
[2026-07-24 21:29:11] [INFO] [TrafficSystem.SignalScheduler]: [Scheduler] Winner: South  | Score: 15.00 | Green: 35s | Reason: NORMAL
[2026-07-24 21:29:11] [INFO] [TrafficSystem.FairnessManager]: [Fairness Updated] Green: 'South' (Reset to 0). Waiting cycles: {'North': 1, 'South': 0, 'East': 3, 'West': 2}
[2026-07-24 21:29:11] [INFO] [TrafficSystem.SignalController]: [ESP32 Hardware Command #90] GREEN -> 'South' (35s) | Reason: NORMAL
[2026-07-24 21:29:11] [INFO] [TrafficSystem.PriorityCalculator]: [Rank #1] Lane: North  | PCE: 0.00  | Queue: 0.00  | Congestion: 0.00  | Total: 0.00
[2026-07-24 21:29:11] [INFO] [TrafficSystem.PriorityCalculator]: [Rank #2] Lane: South  | PCE: 0.00  | Queue: 0.00  | Congestion: 0.00  | Total: 0.00
[2026-07-24 21:29:11] [INFO] [TrafficSystem.PriorityCalculator]: [Rank #3] Lane: East   | PCE: 0.00  | Queue: 0.00  | Congestion: 0.00  | Total: 0.00
[2026-07-24 21:29:11] [INFO] [TrafficSystem.PriorityCalculator]: [Rank #4] Lane: West   | PCE: 0.00  | Queue: 0.00  | Congestion: 0.00  | Total: 0.00
[2026-07-24 21:29:11] [INFO] [TrafficSystem.FairnessManager]: [Fairness] Lane: East   | Base Score: 0.00 | Wait Cycles: 3 | Bonus: +15.00 | Adjusted: 15.00
[2026-07-24 21:29:11] [INFO] [TrafficSystem.FairnessManager]: [Fairness] Lane: West   | Base Score: 0.00 | Wait Cycles: 2 | Bonus: +10.00 | Adjusted: 10.00
[2026-07-24 21:29:11] [INFO] [TrafficSystem.FairnessManager]: [Fairness] Lane: North  | Base Score: 0.00 | Wait Cycles: 1 | Bonus: +5.00 | Adjusted: 5.00
[2026-07-24 21:29:11] [INFO] [TrafficSystem.SignalScheduler]: [Scheduler] Winner: East   | Score: 15.00 | Green: 35s | Reason: NORMAL
[2026-07-24 21:29:11] [INFO] [TrafficSystem.FairnessManager]: [Fairness Updated] Green: 'East' (Reset to 0). Waiting cycles: {'North': 2, 'South': 1, 'East': 0, 'West': 3}
[2026-07-24 21:29:11] [INFO] [TrafficSystem.SignalController]: [ESP32 Hardware Command #91] GREEN -> 'East' (35s) | Reason: NORMAL
[2026-07-24 21:29:11] [INFO] [TrafficSystem.PriorityCalculator]: [Rank #1] Lane: North  | PCE: 0.00  | Queue: 0.00  | Congestion: 0.00  | Total: 0.00
[2026-07-24 21:29:11] [INFO] [TrafficSystem.PriorityCalculator]: [Rank #2] Lane: South  | PCE: 0.00  | Queue: 0.00  | Congestion: 0.00  | Total: 0.00
[2026-07-24 21:29:11] [INFO] [TrafficSystem.PriorityCalculator]: [Rank #3] Lane: East   | PCE: 0.00  | Queue: 0.00  | Congestion: 0.00  | Total: 0.00
[2026-07-24 21:29:11] [INFO] [TrafficSystem.PriorityCalculator]: [Rank #4] Lane: West   | PCE: 0.00  | Queue: 0.00  | Congestion: 0.00  | Total: 0.00
[2026-07-24 21:29:11] [INFO] [TrafficSystem.FairnessManager]: [Fairness] Lane: West   | Base Score: 0.00 | Wait Cycles: 3 | Bonus: +15.00 | Adjusted: 15.00
[2026-07-24 21:29:11] [INFO] [TrafficSystem.FairnessManager]: [Fairness] Lane: North  | Base Score: 0.00 | Wait Cycles: 2 | Bonus: +10.00 | Adjusted: 10.00
[2026-07-24 21:29:11] [INFO] [TrafficSystem.FairnessManager]: [Fairness] Lane: South  | Base Score: 0.00 | Wait Cycles: 1 | Bonus: +5.00 | Adjusted: 5.00
[2026-07-24 21:29:11] [INFO] [TrafficSystem.SignalScheduler]: [Scheduler] Winner: West   | Score: 15.00 | Green: 35s | Reason: NORMAL
[2026-07-24 21:29:11] [INFO] [TrafficSystem.FairnessManager]: [Fairness Updated] Green: 'West' (Reset to 0). Waiting cycles: {'North': 3, 'South': 2, 'East': 1, 'West': 0}
[2026-07-24 21:29:11] [INFO] [TrafficSystem.SignalController]: [ESP32 Hardware Command #92] GREEN -> 'West' (35s) | Reason: NORMAL
[2026-07-24 21:29:11] [INFO] [TrafficSystem.PriorityCalculator]: [Rank #1] Lane: North  | PCE: 0.00  | Queue: 0.00  | Congestion: 0.00  | Total: 0.00
[2026-07-24 21:29:11] [INFO] [TrafficSystem.PriorityCalculator]: [Rank #2] Lane: South  | PCE: 0.00  | Queue: 0.00  | Congestion: 0.00  | Total: 0.00
[2026-07-24 21:29:11] [INFO] [TrafficSystem.PriorityCalculator]: [Rank #3] Lane: East   | PCE: 0.00  | Queue: 0.00  | Congestion: 0.00  | Total: 0.00
[2026-07-24 21:29:11] [INFO] [TrafficSystem.PriorityCalculator]: [Rank #4] Lane: West   | PCE: 0.00  | Queue: 0.00  | Congestion: 0.00  | Total: 0.00
[2026-07-24 21:29:11] [INFO] [TrafficSystem.FairnessManager]: [Fairness] Lane: North  | Base Score: 0.00 | Wait Cycles: 3 | Bonus: +15.00 | Adjusted: 15.00
[2026-07-24 21:29:11] [INFO] [TrafficSystem.FairnessManager]: [Fairness] Lane: South  | Base Score: 0.00 | Wait Cycles: 2 | Bonus: +10.00 | Adjusted: 10.00
[2026-07-24 21:29:11] [INFO] [TrafficSystem.FairnessManager]: [Fairness] Lane: East   | Base Score: 0.00 | Wait Cycles: 1 | Bonus: +5.00 | Adjusted: 5.00
[2026-07-24 21:29:11] [INFO] [TrafficSystem.SignalScheduler]: [Scheduler] Winner: North  | Score: 15.00 | Green: 35s | Reason: NORMAL
[2026-07-24 21:29:11] [INFO] [TrafficSystem.FairnessManager]: [Fairness Updated] Green: 'North' (Reset to 0). Waiting cycles: {'North': 0, 'South': 3, 'East': 2, 'West': 1}
[2026-07-24 21:29:11] [INFO] [TrafficSystem.SignalController]: [ESP32 Hardware Command #93] GREEN -> 'North' (35s) | Reason: NORMAL
[2026-07-24 21:29:11] [INFO] [TrafficSystem.PriorityCalculator]: [Rank #1] Lane: North  | PCE: 0.00  | Queue: 0.00  | Congestion: 0.00  | Total: 0.00
[2026-07-24 21:29:11] [INFO] [TrafficSystem.PriorityCalculator]: [Rank #2] Lane: South  | PCE: 0.00  | Queue: 0.00  | Congestion: 0.00  | Total: 0.00
[2026-07-24 21:29:11] [INFO] [TrafficSystem.PriorityCalculator]: [Rank #3] Lane: East   | PCE: 0.00  | Queue: 0.00  | Congestion: 0.00  | Total: 0.00
[2026-07-24 21:29:11] [INFO] [TrafficSystem.PriorityCalculator]: [Rank #4] Lane: West   | PCE: 0.00  | Queue: 0.00  | Congestion: 0.00  | Total: 0.00
[2026-07-24 21:29:11] [INFO] [TrafficSystem.FairnessManager]: [Fairness] Lane: South  | Base Score: 0.00 | Wait Cycles: 3 | Bonus: +15.00 | Adjusted: 15.00
[2026-07-24 21:29:11] [INFO] [TrafficSystem.FairnessManager]: [Fairness] Lane: East   | Base Score: 0.00 | Wait Cycles: 2 | Bonus: +10.00 | Adjusted: 10.00
[2026-07-24 21:29:11] [INFO] [TrafficSystem.FairnessManager]: [Fairness] Lane: West   | Base Score: 0.00 | Wait Cycles: 1 | Bonus: +5.00 | Adjusted: 5.00
[2026-07-24 21:29:11] [INFO] [TrafficSystem.SignalScheduler]: [Scheduler] Winner: South  | Score: 15.00 | Green: 35s | Reason: NORMAL
[2026-07-24 21:29:11] [INFO] [TrafficSystem.FairnessManager]: [Fairness Updated] Green: 'South' (Reset to 0). Waiting cycles: {'North': 1, 'South': 0, 'East': 3, 'West': 2}
[2026-07-24 21:29:11] [INFO] [TrafficSystem.SignalController]: [ESP32 Hardware Command #94] GREEN -> 'South' (35s) | Reason: NORMAL
[2026-07-24 21:29:12] [INFO] [TrafficSystem.PriorityCalculator]: [Rank #1] Lane: North  | PCE: 0.00  | Queue: 0.00  | Congestion: 0.00  | Total: 0.00
[2026-07-24 21:29:12] [INFO] [TrafficSystem.PriorityCalculator]: [Rank #2] Lane: South  | PCE: 0.00  | Queue: 0.00  | Congestion: 0.00  | Total: 0.00
[2026-07-24 21:29:12] [INFO] [TrafficSystem.PriorityCalculator]: [Rank #3] Lane: East   | PCE: 0.00  | Queue: 0.00  | Congestion: 0.00  | Total: 0.00
[2026-07-24 21:29:12] [INFO] [TrafficSystem.PriorityCalculator]: [Rank #4] Lane: West   | PCE: 0.00  | Queue: 0.00  | Congestion: 0.00  | Total: 0.00
[2026-07-24 21:29:12] [INFO] [TrafficSystem.FairnessManager]: [Fairness] Lane: East   | Base Score: 0.00 | Wait Cycles: 3 | Bonus: +15.00 | Adjusted: 15.00
[2026-07-24 21:29:12] [INFO] [TrafficSystem.FairnessManager]: [Fairness] Lane: West   | Base Score: 0.00 | Wait Cycles: 2 | Bonus: +10.00 | Adjusted: 10.00
[2026-07-24 21:29:12] [INFO] [TrafficSystem.FairnessManager]: [Fairness] Lane: North  | Base Score: 0.00 | Wait Cycles: 1 | Bonus: +5.00 | Adjusted: 5.00
[2026-07-24 21:29:12] [INFO] [TrafficSystem.SignalScheduler]: [Scheduler] Winner: East   | Score: 15.00 | Green: 35s | Reason: NORMAL
[2026-07-24 21:29:12] [INFO] [TrafficSystem.FairnessManager]: [Fairness Updated] Green: 'East' (Reset to 0). Waiting cycles: {'North': 2, 'South': 1, 'East': 0, 'West': 3}
[2026-07-24 21:29:12] [INFO] [TrafficSystem.SignalController]: [ESP32 Hardware Command #95] GREEN -> 'East' (35s) | Reason: NORMAL
[2026-07-24 21:29:12] [INFO] [TrafficSystem.PriorityCalculator]: [Rank #1] Lane: North  | PCE: 0.00  | Queue: 0.00  | Congestion: 0.00  | Total: 0.00
[2026-07-24 21:29:12] [INFO] [TrafficSystem.PriorityCalculator]: [Rank #2] Lane: South  | PCE: 0.00  | Queue: 0.00  | Congestion: 0.00  | Total: 0.00
[2026-07-24 21:29:12] [INFO] [TrafficSystem.PriorityCalculator]: [Rank #3] Lane: East   | PCE: 0.00  | Queue: 0.00  | Congestion: 0.00  | Total: 0.00
[2026-07-24 21:29:12] [INFO] [TrafficSystem.PriorityCalculator]: [Rank #4] Lane: West   | PCE: 0.00  | Queue: 0.00  | Congestion: 0.00  | Total: 0.00
[2026-07-24 21:29:12] [INFO] [TrafficSystem.FairnessManager]: [Fairness] Lane: West   | Base Score: 0.00 | Wait Cycles: 3 | Bonus: +15.00 | Adjusted: 15.00
[2026-07-24 21:29:12] [INFO] [TrafficSystem.FairnessManager]: [Fairness] Lane: North  | Base Score: 0.00 | Wait Cycles: 2 | Bonus: +10.00 | Adjusted: 10.00
[2026-07-24 21:29:12] [INFO] [TrafficSystem.FairnessManager]: [Fairness] Lane: South  | Base Score: 0.00 | Wait Cycles: 1 | Bonus: +5.00 | Adjusted: 5.00
[2026-07-24 21:29:12] [INFO] [TrafficSystem.SignalScheduler]: [Scheduler] Winner: West   | Score: 15.00 | Green: 35s | Reason: NORMAL
[2026-07-24 21:29:12] [INFO] [TrafficSystem.FairnessManager]: [Fairness Updated] Green: 'West' (Reset to 0). Waiting cycles: {'North': 3, 'South': 2, 'East': 1, 'West': 0}
[2026-07-24 21:29:12] [INFO] [TrafficSystem.SignalController]: [ESP32 Hardware Command #96] GREEN -> 'West' (35s) | Reason: NORMAL
[2026-07-24 21:29:12] [INFO] [TrafficSystem.PriorityCalculator]: [Rank #1] Lane: North  | PCE: 0.00  | Queue: 0.00  | Congestion: 0.00  | Total: 0.00
[2026-07-24 21:29:12] [INFO] [TrafficSystem.PriorityCalculator]: [Rank #2] Lane: South  | PCE: 0.00  | Queue: 0.00  | Congestion: 0.00  | Total: 0.00
[2026-07-24 21:29:12] [INFO] [TrafficSystem.PriorityCalculator]: [Rank #3] Lane: East   | PCE: 0.00  | Queue: 0.00  | Congestion: 0.00  | Total: 0.00
[2026-07-24 21:29:12] [INFO] [TrafficSystem.PriorityCalculator]: [Rank #4] Lane: West   | PCE: 0.00  | Queue: 0.00  | Congestion: 0.00  | Total: 0.00
[2026-07-24 21:29:12] [INFO] [TrafficSystem.FairnessManager]: [Fairness] Lane: North  | Base Score: 0.00 | Wait Cycles: 3 | Bonus: +15.00 | Adjusted: 15.00
[2026-07-24 21:29:12] [INFO] [TrafficSystem.FairnessManager]: [Fairness] Lane: South  | Base Score: 0.00 | Wait Cycles: 2 | Bonus: +10.00 | Adjusted: 10.00
[2026-07-24 21:29:12] [INFO] [TrafficSystem.FairnessManager]: [Fairness] Lane: East   | Base Score: 0.00 | Wait Cycles: 1 | Bonus: +5.00 | Adjusted: 5.00
[2026-07-24 21:29:12] [INFO] [TrafficSystem.SignalScheduler]: [Scheduler] Winner: North  | Score: 15.00 | Green: 35s | Reason: NORMAL
[2026-07-24 21:29:12] [INFO] [TrafficSystem.FairnessManager]: [Fairness Updated] Green: 'North' (Reset to 0). Waiting cycles: {'North': 0, 'South': 3, 'East': 2, 'West': 1}
[2026-07-24 21:29:12] [INFO] [TrafficSystem.SignalController]: [ESP32 Hardware Command #97] GREEN -> 'North' (35s) | Reason: NORMAL
[2026-07-24 21:29:12] [INFO] [TrafficSystem.PriorityCalculator]: [Rank #1] Lane: North  | PCE: 0.00  | Queue: 0.00  | Congestion: 0.00  | Total: 0.00
[2026-07-24 21:29:12] [INFO] [TrafficSystem.PriorityCalculator]: [Rank #2] Lane: South  | PCE: 0.00  | Queue: 0.00  | Congestion: 0.00  | Total: 0.00
[2026-07-24 21:29:12] [INFO] [TrafficSystem.PriorityCalculator]: [Rank #3] Lane: East   | PCE: 0.00  | Queue: 0.00  | Congestion: 0.00  | Total: 0.00
[2026-07-24 21:29:12] [INFO] [TrafficSystem.PriorityCalculator]: [Rank #4] Lane: West   | PCE: 0.00  | Queue: 0.00  | Congestion: 0.00  | Total: 0.00
[2026-07-24 21:29:12] [INFO] [TrafficSystem.FairnessManager]: [Fairness] Lane: South  | Base Score: 0.00 | Wait Cycles: 3 | Bonus: +15.00 | Adjusted: 15.00
[2026-07-24 21:29:12] [INFO] [TrafficSystem.FairnessManager]: [Fairness] Lane: East   | Base Score: 0.00 | Wait Cycles: 2 | Bonus: +10.00 | Adjusted: 10.00
[2026-07-24 21:29:12] [INFO] [TrafficSystem.FairnessManager]: [Fairness] Lane: West   | Base Score: 0.00 | Wait Cycles: 1 | Bonus: +5.00 | Adjusted: 5.00
[2026-07-24 21:29:12] [INFO] [TrafficSystem.SignalScheduler]: [Scheduler] Winner: South  | Score: 15.00 | Green: 35s | Reason: NORMAL
[2026-07-24 21:29:12] [INFO] [TrafficSystem.FairnessManager]: [Fairness Updated] Green: 'South' (Reset to 0). Waiting cycles: {'North': 1, 'South': 0, 'East': 3, 'West': 2}
[2026-07-24 21:29:12] [INFO] [TrafficSystem.SignalController]: [ESP32 Hardware Command #98] GREEN -> 'South' (35s) | Reason: NORMAL
[2026-07-24 21:29:12] [INFO] [TrafficSystem.PriorityCalculator]: [Rank #1] Lane: North  | PCE: 0.00  | Queue: 0.00  | Congestion: 0.00  | Total: 0.00
[2026-07-24 21:29:12] [INFO] [TrafficSystem.PriorityCalculator]: [Rank #2] Lane: South  | PCE: 0.00  | Queue: 0.00  | Congestion: 0.00  | Total: 0.00
[2026-07-24 21:29:12] [INFO] [TrafficSystem.PriorityCalculator]: [Rank #3] Lane: East   | PCE: 0.00  | Queue: 0.00  | Congestion: 0.00  | Total: 0.00
[2026-07-24 21:29:12] [INFO] [TrafficSystem.PriorityCalculator]: [Rank #4] Lane: West   | PCE: 0.00  | Queue: 0.00  | Congestion: 0.00  | Total: 0.00
[2026-07-24 21:29:12] [INFO] [TrafficSystem.FairnessManager]: [Fairness] Lane: East   | Base Score: 0.00 | Wait Cycles: 3 | Bonus: +15.00 | Adjusted: 15.00
[2026-07-24 21:29:12] [INFO] [TrafficSystem.FairnessManager]: [Fairness] Lane: West   | Base Score: 0.00 | Wait Cycles: 2 | Bonus: +10.00 | Adjusted: 10.00
[2026-07-24 21:29:12] [INFO] [TrafficSystem.FairnessManager]: [Fairness] Lane: North  | Base Score: 0.00 | Wait Cycles: 1 | Bonus: +5.00 | Adjusted: 5.00
[2026-07-24 21:29:12] [INFO] [TrafficSystem.SignalScheduler]: [Scheduler] Winner: East   | Score: 15.00 | Green: 35s | Reason: NORMAL
[2026-07-24 21:29:12] [INFO] [TrafficSystem.FairnessManager]: [Fairness Updated] Green: 'East' (Reset to 0). Waiting cycles: {'North': 2, 'South': 1, 'East': 0, 'West': 3}
[2026-07-24 21:29:12] [INFO] [TrafficSystem.SignalController]: [ESP32 Hardware Command #99] GREEN -> 'East' (35s) | Reason: NORMAL
[2026-07-24 21:29:12] [INFO] [TrafficSystem.PriorityCalculator]: [Rank #1] Lane: North  | PCE: 0.00  | Queue: 0.00  | Congestion: 0.00  | Total: 0.00
[2026-07-24 21:29:12] [INFO] [TrafficSystem.PriorityCalculator]: [Rank #2] Lane: South  | PCE: 0.00  | Queue: 0.00  | Congestion: 0.00  | Total: 0.00
[2026-07-24 21:29:12] [INFO] [TrafficSystem.PriorityCalculator]: [Rank #3] Lane: East   | PCE: 0.00  | Queue: 0.00  | Congestion: 0.00  | Total: 0.00
[2026-07-24 21:29:12] [INFO] [TrafficSystem.PriorityCalculator]: [Rank #4] Lane: West   | PCE: 0.00  | Queue: 0.00  | Congestion: 0.00  | Total: 0.00
[2026-07-24 21:29:12] [INFO] [TrafficSystem.FairnessManager]: [Fairness] Lane: West   | Base Score: 0.00 | Wait Cycles: 3 | Bonus: +15.00 | Adjusted: 15.00
[2026-07-24 21:29:12] [INFO] [TrafficSystem.FairnessManager]: [Fairness] Lane: North  | Base Score: 0.00 | Wait Cycles: 2 | Bonus: +10.00 | Adjusted: 10.00
[2026-07-24 21:29:12] [INFO] [TrafficSystem.FairnessManager]: [Fairness] Lane: South  | Base Score: 0.00 | Wait Cycles: 1 | Bonus: +5.00 | Adjusted: 5.00
[2026-07-24 21:29:12] [INFO] [TrafficSystem.SignalScheduler]: [Scheduler] Winner: West   | Score: 15.00 | Green: 35s | Reason: NORMAL
[2026-07-24 21:29:12] [INFO] [TrafficSystem.FairnessManager]: [Fairness Updated] Green: 'West' (Reset to 0). Waiting cycles: {'North': 3, 'South': 2, 'East': 1, 'West': 0}
[2026-07-24 21:29:12] [INFO] [TrafficSystem.SignalController]: [ESP32 Hardware Command #100] GREEN -> 'West' (35s) | Reason: NORMAL
[2026-07-24 21:29:12] [INFO] [TrafficSystem.TrafficPipeline]: Frame #100 | Active Vehicles: 0 | Scheduled Green: 'LaneName.WEST' (35s) | FPS: 11.3 | Latency: 74.0ms
[2026-07-24 21:29:12] [INFO] [TrafficSystem.PriorityCalculator]: [Rank #1] Lane: North  | PCE: 0.00  | Queue: 0.00  | Congestion: 0.00  | Total: 0.00
[2026-07-24 21:29:12] [INFO] [TrafficSystem.PriorityCalculator]: [Rank #2] Lane: South  | PCE: 0.00  | Queue: 0.00  | Congestion: 0.00  | Total: 0.00
[2026-07-24 21:29:12] [INFO] [TrafficSystem.PriorityCalculator]: [Rank #3] Lane: East   | PCE: 0.00  | Queue: 0.00  | Congestion: 0.00  | Total: 0.00
[2026-07-24 21:29:12] [INFO] [TrafficSystem.PriorityCalculator]: [Rank #4] Lane: West   | PCE: 0.00  | Queue: 0.00  | Congestion: 0.00  | Total: 0.00
[2026-07-24 21:29:12] [INFO] [TrafficSystem.FairnessManager]: [Fairness] Lane: North  | Base Score: 0.00 | Wait Cycles: 3 | Bonus: +15.00 | Adjusted: 15.00
[2026-07-24 21:29:12] [INFO] [TrafficSystem.FairnessManager]: [Fairness] Lane: South  | Base Score: 0.00 | Wait Cycles: 2 | Bonus: +10.00 | Adjusted: 10.00
[2026-07-24 21:29:12] [INFO] [TrafficSystem.FairnessManager]: [Fairness] Lane: East   | Base Score: 0.00 | Wait Cycles: 1 | Bonus: +5.00 | Adjusted: 5.00
[2026-07-24 21:29:12] [INFO] [TrafficSystem.SignalScheduler]: [Scheduler] Winner: North  | Score: 15.00 | Green: 35s | Reason: NORMAL
[2026-07-24 21:29:12] [INFO] [TrafficSystem.FairnessManager]: [Fairness Updated] Green: 'North' (Reset to 0). Waiting cycles: {'North': 0, 'South': 3, 'East': 2, 'West': 1}
[2026-07-24 21:29:12] [INFO] [TrafficSystem.SignalController]: [ESP32 Hardware Command #101] GREEN -> 'North' (35s) | Reason: NORMAL
[2026-07-24 21:29:12] [INFO] [TrafficSystem.PriorityCalculator]: [Rank #1] Lane: North  | PCE: 0.00  | Queue: 0.00  | Congestion: 0.00  | Total: 0.00
[2026-07-24 21:29:12] [INFO] [TrafficSystem.PriorityCalculator]: [Rank #2] Lane: South  | PCE: 0.00  | Queue: 0.00  | Congestion: 0.00  | Total: 0.00
[2026-07-24 21:29:12] [INFO] [TrafficSystem.PriorityCalculator]: [Rank #3] Lane: East   | PCE: 0.00  | Queue: 0.00  | Congestion: 0.00  | Total: 0.00
[2026-07-24 21:29:12] [INFO] [TrafficSystem.PriorityCalculator]: [Rank #4] Lane: West   | PCE: 0.00  | Queue: 0.00  | Congestion: 0.00  | Total: 0.00
[2026-07-24 21:29:12] [INFO] [TrafficSystem.FairnessManager]: [Fairness] Lane: South  | Base Score: 0.00 | Wait Cycles: 3 | Bonus: +15.00 | Adjusted: 15.00
[2026-07-24 21:29:12] [INFO] [TrafficSystem.FairnessManager]: [Fairness] Lane: East   | Base Score: 0.00 | Wait Cycles: 2 | Bonus: +10.00 | Adjusted: 10.00
[2026-07-24 21:29:12] [INFO] [TrafficSystem.FairnessManager]: [Fairness] Lane: West   | Base Score: 0.00 | Wait Cycles: 1 | Bonus: +5.00 | Adjusted: 5.00
[2026-07-24 21:29:12] [INFO] [TrafficSystem.SignalScheduler]: [Scheduler] Winner: South  | Score: 15.00 | Green: 35s | Reason: NORMAL
[2026-07-24 21:29:12] [INFO] [TrafficSystem.FairnessManager]: [Fairness Updated] Green: 'South' (Reset to 0). Waiting cycles: {'North': 1, 'South': 0, 'East': 3, 'West': 2}
[2026-07-24 21:29:12] [INFO] [TrafficSystem.SignalController]: [ESP32 Hardware Command #102] GREEN -> 'South' (35s) | Reason: NORMAL
[2026-07-24 21:29:12] [INFO] [TrafficSystem.PriorityCalculator]: [Rank #1] Lane: North  | PCE: 0.00  | Queue: 0.00  | Congestion: 0.00  | Total: 0.00
[2026-07-24 21:29:12] [INFO] [TrafficSystem.PriorityCalculator]: [Rank #2] Lane: South  | PCE: 0.00  | Queue: 0.00  | Congestion: 0.00  | Total: 0.00
[2026-07-24 21:29:12] [INFO] [TrafficSystem.PriorityCalculator]: [Rank #3] Lane: East   | PCE: 0.00  | Queue: 0.00  | Congestion: 0.00  | Total: 0.00
[2026-07-24 21:29:12] [INFO] [TrafficSystem.PriorityCalculator]: [Rank #4] Lane: West   | PCE: 0.00  | Queue: 0.00  | Congestion: 0.00  | Total: 0.00
[2026-07-24 21:29:12] [INFO] [TrafficSystem.FairnessManager]: [Fairness] Lane: East   | Base Score: 0.00 | Wait Cycles: 3 | Bonus: +15.00 | Adjusted: 15.00
[2026-07-24 21:29:12] [INFO] [TrafficSystem.FairnessManager]: [Fairness] Lane: West   | Base Score: 0.00 | Wait Cycles: 2 | Bonus: +10.00 | Adjusted: 10.00
[2026-07-24 21:29:12] [INFO] [TrafficSystem.FairnessManager]: [Fairness] Lane: North  | Base Score: 0.00 | Wait Cycles: 1 | Bonus: +5.00 | Adjusted: 5.00
[2026-07-24 21:29:12] [INFO] [TrafficSystem.SignalScheduler]: [Scheduler] Winner: East   | Score: 15.00 | Green: 35s | Reason: NORMAL
[2026-07-24 21:29:12] [INFO] [TrafficSystem.FairnessManager]: [Fairness Updated] Green: 'East' (Reset to 0). Waiting cycles: {'North': 2, 'South': 1, 'East': 0, 'West': 3}
[2026-07-24 21:29:12] [INFO] [TrafficSystem.SignalController]: [ESP32 Hardware Command #103] GREEN -> 'East' (35s) | Reason: NORMAL
[2026-07-24 21:29:12] [INFO] [TrafficSystem.PriorityCalculator]: [Rank #1] Lane: North  | PCE: 0.00  | Queue: 0.00  | Congestion: 0.00  | Total: 0.00
[2026-07-24 21:29:12] [INFO] [TrafficSystem.PriorityCalculator]: [Rank #2] Lane: South  | PCE: 0.00  | Queue: 0.00  | Congestion: 0.00  | Total: 0.00
[2026-07-24 21:29:12] [INFO] [TrafficSystem.PriorityCalculator]: [Rank #3] Lane: East   | PCE: 0.00  | Queue: 0.00  | Congestion: 0.00  | Total: 0.00
[2026-07-24 21:29:12] [INFO] [TrafficSystem.PriorityCalculator]: [Rank #4] Lane: West   | PCE: 0.00  | Queue: 0.00  | Congestion: 0.00  | Total: 0.00
[2026-07-24 21:29:12] [INFO] [TrafficSystem.FairnessManager]: [Fairness] Lane: West   | Base Score: 0.00 | Wait Cycles: 3 | Bonus: +15.00 | Adjusted: 15.00
[2026-07-24 21:29:12] [INFO] [TrafficSystem.FairnessManager]: [Fairness] Lane: North  | Base Score: 0.00 | Wait Cycles: 2 | Bonus: +10.00 | Adjusted: 10.00
[2026-07-24 21:29:12] [INFO] [TrafficSystem.FairnessManager]: [Fairness] Lane: South  | Base Score: 0.00 | Wait Cycles: 1 | Bonus: +5.00 | Adjusted: 5.00
[2026-07-24 21:29:12] [INFO] [TrafficSystem.SignalScheduler]: [Scheduler] Winner: West   | Score: 15.00 | Green: 35s | Reason: NORMAL
[2026-07-24 21:29:12] [INFO] [TrafficSystem.FairnessManager]: [Fairness Updated] Green: 'West' (Reset to 0). Waiting cycles: {'North': 3, 'South': 2, 'East': 1, 'West': 0}
[2026-07-24 21:29:12] [INFO] [TrafficSystem.SignalController]: [ESP32 Hardware Command #104] GREEN -> 'West' (35s) | Reason: NORMAL
[2026-07-24 21:29:12] [INFO] [TrafficSystem.PriorityCalculator]: [Rank #1] Lane: North  | PCE: 0.00  | Queue: 0.00  | Congestion: 0.00  | Total: 0.00
[2026-07-24 21:29:12] [INFO] [TrafficSystem.PriorityCalculator]: [Rank #2] Lane: South  | PCE: 0.00  | Queue: 0.00  | Congestion: 0.00  | Total: 0.00
[2026-07-24 21:29:12] [INFO] [TrafficSystem.PriorityCalculator]: [Rank #3] Lane: East   | PCE: 0.00  | Queue: 0.00  | Congestion: 0.00  | Total: 0.00
[2026-07-24 21:29:12] [INFO] [TrafficSystem.PriorityCalculator]: [Rank #4] Lane: West   | PCE: 0.00  | Queue: 0.00  | Congestion: 0.00  | Total: 0.00
[2026-07-24 21:29:12] [INFO] [TrafficSystem.FairnessManager]: [Fairness] Lane: North  | Base Score: 0.00 | Wait Cycles: 3 | Bonus: +15.00 | Adjusted: 15.00
[2026-07-24 21:29:12] [INFO] [TrafficSystem.FairnessManager]: [Fairness] Lane: South  | Base Score: 0.00 | Wait Cycles: 2 | Bonus: +10.00 | Adjusted: 10.00
[2026-07-24 21:29:12] [INFO] [TrafficSystem.FairnessManager]: [Fairness] Lane: East   | Base Score: 0.00 | Wait Cycles: 1 | Bonus: +5.00 | Adjusted: 5.00
[2026-07-24 21:29:12] [INFO] [TrafficSystem.SignalScheduler]: [Scheduler] Winner: North  | Score: 15.00 | Green: 35s | Reason: NORMAL
[2026-07-24 21:29:12] [INFO] [TrafficSystem.FairnessManager]: [Fairness Updated] Green: 'North' (Reset to 0). Waiting cycles: {'North': 0, 'South': 3, 'East': 2, 'West': 1}
[2026-07-24 21:29:12] [INFO] [TrafficSystem.SignalController]: [ESP32 Hardware Command #105] GREEN -> 'North' (35s) | Reason: NORMAL
[2026-07-24 21:29:13] [INFO] [TrafficSystem.PriorityCalculator]: [Rank #1] Lane: North  | PCE: 0.00  | Queue: 0.00  | Congestion: 0.00  | Total: 0.00
[2026-07-24 21:29:13] [INFO] [TrafficSystem.PriorityCalculator]: [Rank #2] Lane: South  | PCE: 0.00  | Queue: 0.00  | Congestion: 0.00  | Total: 0.00
[2026-07-24 21:29:13] [INFO] [TrafficSystem.PriorityCalculator]: [Rank #3] Lane: East   | PCE: 0.00  | Queue: 0.00  | Congestion: 0.00  | Total: 0.00
[2026-07-24 21:29:13] [INFO] [TrafficSystem.PriorityCalculator]: [Rank #4] Lane: West   | PCE: 0.00  | Queue: 0.00  | Congestion: 0.00  | Total: 0.00
[2026-07-24 21:29:13] [INFO] [TrafficSystem.FairnessManager]: [Fairness] Lane: South  | Base Score: 0.00 | Wait Cycles: 3 | Bonus: +15.00 | Adjusted: 15.00
[2026-07-24 21:29:13] [INFO] [TrafficSystem.FairnessManager]: [Fairness] Lane: East   | Base Score: 0.00 | Wait Cycles: 2 | Bonus: +10.00 | Adjusted: 10.00
[2026-07-24 21:29:13] [INFO] [TrafficSystem.FairnessManager]: [Fairness] Lane: West   | Base Score: 0.00 | Wait Cycles: 1 | Bonus: +5.00 | Adjusted: 5.00
[2026-07-24 21:29:13] [INFO] [TrafficSystem.SignalScheduler]: [Scheduler] Winner: South  | Score: 15.00 | Green: 35s | Reason: NORMAL
[2026-07-24 21:29:13] [INFO] [TrafficSystem.FairnessManager]: [Fairness Updated] Green: 'South' (Reset to 0). Waiting cycles: {'North': 1, 'South': 0, 'East': 3, 'West': 2}
[2026-07-24 21:29:13] [INFO] [TrafficSystem.SignalController]: [ESP32 Hardware Command #106] GREEN -> 'South' (35s) | Reason: NORMAL
[2026-07-24 21:29:13] [INFO] [TrafficSystem.PriorityCalculator]: [Rank #1] Lane: North  | PCE: 0.00  | Queue: 0.00  | Congestion: 0.00  | Total: 0.00
[2026-07-24 21:29:13] [INFO] [TrafficSystem.PriorityCalculator]: [Rank #2] Lane: South  | PCE: 0.00  | Queue: 0.00  | Congestion: 0.00  | Total: 0.00
[2026-07-24 21:29:13] [INFO] [TrafficSystem.PriorityCalculator]: [Rank #3] Lane: East   | PCE: 0.00  | Queue: 0.00  | Congestion: 0.00  | Total: 0.00
[2026-07-24 21:29:13] [INFO] [TrafficSystem.PriorityCalculator]: [Rank #4] Lane: West   | PCE: 0.00  | Queue: 0.00  | Congestion: 0.00  | Total: 0.00
[2026-07-24 21:29:13] [INFO] [TrafficSystem.FairnessManager]: [Fairness] Lane: East   | Base Score: 0.00 | Wait Cycles: 3 | Bonus: +15.00 | Adjusted: 15.00
[2026-07-24 21:29:13] [INFO] [TrafficSystem.FairnessManager]: [Fairness] Lane: West   | Base Score: 0.00 | Wait Cycles: 2 | Bonus: +10.00 | Adjusted: 10.00
[2026-07-24 21:29:13] [INFO] [TrafficSystem.FairnessManager]: [Fairness] Lane: North  | Base Score: 0.00 | Wait Cycles: 1 | Bonus: +5.00 | Adjusted: 5.00
[2026-07-24 21:29:13] [INFO] [TrafficSystem.SignalScheduler]: [Scheduler] Winner: East   | Score: 15.00 | Green: 35s | Reason: NORMAL
[2026-07-24 21:29:13] [INFO] [TrafficSystem.FairnessManager]: [Fairness Updated] Green: 'East' (Reset to 0). Waiting cycles: {'North': 2, 'South': 1, 'East': 0, 'West': 3}
[2026-07-24 21:29:13] [INFO] [TrafficSystem.SignalController]: [ESP32 Hardware Command #107] GREEN -> 'East' (35s) | Reason: NORMAL
[2026-07-24 21:29:13] [INFO] [TrafficSystem.PriorityCalculator]: [Rank #1] Lane: North  | PCE: 0.00  | Queue: 0.00  | Congestion: 0.00  | Total: 0.00
[2026-07-24 21:29:13] [INFO] [TrafficSystem.PriorityCalculator]: [Rank #2] Lane: South  | PCE: 0.00  | Queue: 0.00  | Congestion: 0.00  | Total: 0.00
[2026-07-24 21:29:13] [INFO] [TrafficSystem.PriorityCalculator]: [Rank #3] Lane: East   | PCE: 0.00  | Queue: 0.00  | Congestion: 0.00  | Total: 0.00
[2026-07-24 21:29:13] [INFO] [TrafficSystem.PriorityCalculator]: [Rank #4] Lane: West   | PCE: 0.00  | Queue: 0.00  | Congestion: 0.00  | Total: 0.00
[2026-07-24 21:29:13] [INFO] [TrafficSystem.FairnessManager]: [Fairness] Lane: West   | Base Score: 0.00 | Wait Cycles: 3 | Bonus: +15.00 | Adjusted: 15.00
[2026-07-24 21:29:13] [INFO] [TrafficSystem.FairnessManager]: [Fairness] Lane: North  | Base Score: 0.00 | Wait Cycles: 2 | Bonus: +10.00 | Adjusted: 10.00
[2026-07-24 21:29:13] [INFO] [TrafficSystem.FairnessManager]: [Fairness] Lane: South  | Base Score: 0.00 | Wait Cycles: 1 | Bonus: +5.00 | Adjusted: 5.00
[2026-07-24 21:29:13] [INFO] [TrafficSystem.SignalScheduler]: [Scheduler] Winner: West   | Score: 15.00 | Green: 35s | Reason: NORMAL
[2026-07-24 21:29:13] [INFO] [TrafficSystem.FairnessManager]: [Fairness Updated] Green: 'West' (Reset to 0). Waiting cycles: {'North': 3, 'South': 2, 'East': 1, 'West': 0}
[2026-07-24 21:29:13] [INFO] [TrafficSystem.SignalController]: [ESP32 Hardware Command #108] GREEN -> 'West' (35s) | Reason: NORMAL
[2026-07-24 21:29:13] [INFO] [TrafficSystem.PriorityCalculator]: [Rank #1] Lane: North  | PCE: 0.00  | Queue: 0.00  | Congestion: 0.00  | Total: 0.00
[2026-07-24 21:29:13] [INFO] [TrafficSystem.PriorityCalculator]: [Rank #2] Lane: South  | PCE: 0.00  | Queue: 0.00  | Congestion: 0.00  | Total: 0.00
[2026-07-24 21:29:13] [INFO] [TrafficSystem.PriorityCalculator]: [Rank #3] Lane: East   | PCE: 0.00  | Queue: 0.00  | Congestion: 0.00  | Total: 0.00
[2026-07-24 21:29:13] [INFO] [TrafficSystem.PriorityCalculator]: [Rank #4] Lane: West   | PCE: 0.00  | Queue: 0.00  | Congestion: 0.00  | Total: 0.00
[2026-07-24 21:29:13] [INFO] [TrafficSystem.FairnessManager]: [Fairness] Lane: North  | Base Score: 0.00 | Wait Cycles: 3 | Bonus: +15.00 | Adjusted: 15.00
[2026-07-24 21:29:13] [INFO] [TrafficSystem.FairnessManager]: [Fairness] Lane: South  | Base Score: 0.00 | Wait Cycles: 2 | Bonus: +10.00 | Adjusted: 10.00
[2026-07-24 21:29:13] [INFO] [TrafficSystem.FairnessManager]: [Fairness] Lane: East   | Base Score: 0.00 | Wait Cycles: 1 | Bonus: +5.00 | Adjusted: 5.00
[2026-07-24 21:29:13] [INFO] [TrafficSystem.SignalScheduler]: [Scheduler] Winner: North  | Score: 15.00 | Green: 35s | Reason: NORMAL
[2026-07-24 21:29:13] [INFO] [TrafficSystem.FairnessManager]: [Fairness Updated] Green: 'North' (Reset to 0). Waiting cycles: {'North': 0, 'South': 3, 'East': 2, 'West': 1}
[2026-07-24 21:29:13] [INFO] [TrafficSystem.SignalController]: [ESP32 Hardware Command #109] GREEN -> 'North' (35s) | Reason: NORMAL
[2026-07-24 21:29:13] [INFO] [TrafficSystem.PriorityCalculator]: [Rank #1] Lane: North  | PCE: 0.00  | Queue: 0.00  | Congestion: 0.00  | Total: 0.00
[2026-07-24 21:29:13] [INFO] [TrafficSystem.PriorityCalculator]: [Rank #2] Lane: South  | PCE: 0.00  | Queue: 0.00  | Congestion: 0.00  | Total: 0.00
[2026-07-24 21:29:13] [INFO] [TrafficSystem.PriorityCalculator]: [Rank #3] Lane: East   | PCE: 0.00  | Queue: 0.00  | Congestion: 0.00  | Total: 0.00
[2026-07-24 21:29:13] [INFO] [TrafficSystem.PriorityCalculator]: [Rank #4] Lane: West   | PCE: 0.00  | Queue: 0.00  | Congestion: 0.00  | Total: 0.00
[2026-07-24 21:29:13] [INFO] [TrafficSystem.FairnessManager]: [Fairness] Lane: South  | Base Score: 0.00 | Wait Cycles: 3 | Bonus: +15.00 | Adjusted: 15.00
[2026-07-24 21:29:13] [INFO] [TrafficSystem.FairnessManager]: [Fairness] Lane: East   | Base Score: 0.00 | Wait Cycles: 2 | Bonus: +10.00 | Adjusted: 10.00
[2026-07-24 21:29:13] [INFO] [TrafficSystem.FairnessManager]: [Fairness] Lane: West   | Base Score: 0.00 | Wait Cycles: 1 | Bonus: +5.00 | Adjusted: 5.00
[2026-07-24 21:29:13] [INFO] [TrafficSystem.SignalScheduler]: [Scheduler] Winner: South  | Score: 15.00 | Green: 35s | Reason: NORMAL
[2026-07-24 21:29:13] [INFO] [TrafficSystem.FairnessManager]: [Fairness Updated] Green: 'South' (Reset to 0). Waiting cycles: {'North': 1, 'South': 0, 'East': 3, 'West': 2}
[2026-07-24 21:29:13] [INFO] [TrafficSystem.SignalController]: [ESP32 Hardware Command #110] GREEN -> 'South' (35s) | Reason: NORMAL
[2026-07-24 21:29:13] [INFO] [TrafficSystem.PriorityCalculator]: [Rank #1] Lane: North  | PCE: 0.00  | Queue: 0.00  | Congestion: 0.00  | Total: 0.00
[2026-07-24 21:29:13] [INFO] [TrafficSystem.PriorityCalculator]: [Rank #2] Lane: South  | PCE: 0.00  | Queue: 0.00  | Congestion: 0.00  | Total: 0.00
[2026-07-24 21:29:13] [INFO] [TrafficSystem.PriorityCalculator]: [Rank #3] Lane: East   | PCE: 0.00  | Queue: 0.00  | Congestion: 0.00  | Total: 0.00
[2026-07-24 21:29:13] [INFO] [TrafficSystem.PriorityCalculator]: [Rank #4] Lane: West   | PCE: 0.00  | Queue: 0.00  | Congestion: 0.00  | Total: 0.00
[2026-07-24 21:29:13] [INFO] [TrafficSystem.FairnessManager]: [Fairness] Lane: East   | Base Score: 0.00 | Wait Cycles: 3 | Bonus: +15.00 | Adjusted: 15.00
[2026-07-24 21:29:13] [INFO] [TrafficSystem.FairnessManager]: [Fairness] Lane: West   | Base Score: 0.00 | Wait Cycles: 2 | Bonus: +10.00 | Adjusted: 10.00
[2026-07-24 21:29:13] [INFO] [TrafficSystem.FairnessManager]: [Fairness] Lane: North  | Base Score: 0.00 | Wait Cycles: 1 | Bonus: +5.00 | Adjusted: 5.00
[2026-07-24 21:29:13] [INFO] [TrafficSystem.SignalScheduler]: [Scheduler] Winner: East   | Score: 15.00 | Green: 35s | Reason: NORMAL
[2026-07-24 21:29:13] [INFO] [TrafficSystem.FairnessManager]: [Fairness Updated] Green: 'East' (Reset to 0). Waiting cycles: {'North': 2, 'South': 1, 'East': 0, 'West': 3}
[2026-07-24 21:29:13] [INFO] [TrafficSystem.SignalController]: [ESP32 Hardware Command #111] GREEN -> 'East' (35s) | Reason: NORMAL
[2026-07-24 21:29:13] [INFO] [TrafficSystem.PriorityCalculator]: [Rank #1] Lane: North  | PCE: 0.00  | Queue: 0.00  | Congestion: 0.00  | Total: 0.00
[2026-07-24 21:29:13] [INFO] [TrafficSystem.PriorityCalculator]: [Rank #2] Lane: South  | PCE: 0.00  | Queue: 0.00  | Congestion: 0.00  | Total: 0.00
[2026-07-24 21:29:13] [INFO] [TrafficSystem.PriorityCalculator]: [Rank #3] Lane: East   | PCE: 0.00  | Queue: 0.00  | Congestion: 0.00  | Total: 0.00
[2026-07-24 21:29:13] [INFO] [TrafficSystem.PriorityCalculator]: [Rank #4] Lane: West   | PCE: 0.00  | Queue: 0.00  | Congestion: 0.00  | Total: 0.00
[2026-07-24 21:29:13] [INFO] [TrafficSystem.FairnessManager]: [Fairness] Lane: West   | Base Score: 0.00 | Wait Cycles: 3 | Bonus: +15.00 | Adjusted: 15.00
[2026-07-24 21:29:13] [INFO] [TrafficSystem.FairnessManager]: [Fairness] Lane: North  | Base Score: 0.00 | Wait Cycles: 2 | Bonus: +10.00 | Adjusted: 10.00
[2026-07-24 21:29:13] [INFO] [TrafficSystem.FairnessManager]: [Fairness] Lane: South  | Base Score: 0.00 | Wait Cycles: 1 | Bonus: +5.00 | Adjusted: 5.00
[2026-07-24 21:29:13] [INFO] [TrafficSystem.SignalScheduler]: [Scheduler] Winner: West   | Score: 15.00 | Green: 35s | Reason: NORMAL
[2026-07-24 21:29:13] [INFO] [TrafficSystem.FairnessManager]: [Fairness Updated] Green: 'West' (Reset to 0). Waiting cycles: {'North': 3, 'South': 2, 'East': 1, 'West': 0}
[2026-07-24 21:29:13] [INFO] [TrafficSystem.SignalController]: [ESP32 Hardware Command #112] GREEN -> 'West' (35s) | Reason: NORMAL
[2026-07-24 21:29:13] [INFO] [TrafficSystem.PriorityCalculator]: [Rank #1] Lane: North  | PCE: 0.00  | Queue: 0.00  | Congestion: 0.00  | Total: 0.00
[2026-07-24 21:29:13] [INFO] [TrafficSystem.PriorityCalculator]: [Rank #2] Lane: South  | PCE: 0.00  | Queue: 0.00  | Congestion: 0.00  | Total: 0.00
[2026-07-24 21:29:13] [INFO] [TrafficSystem.PriorityCalculator]: [Rank #3] Lane: East   | PCE: 0.00  | Queue: 0.00  | Congestion: 0.00  | Total: 0.00
[2026-07-24 21:29:13] [INFO] [TrafficSystem.PriorityCalculator]: [Rank #4] Lane: West   | PCE: 0.00  | Queue: 0.00  | Congestion: 0.00  | Total: 0.00
[2026-07-24 21:29:13] [INFO] [TrafficSystem.FairnessManager]: [Fairness] Lane: North  | Base Score: 0.00 | Wait Cycles: 3 | Bonus: +15.00 | Adjusted: 15.00
[2026-07-24 21:29:13] [INFO] [TrafficSystem.FairnessManager]: [Fairness] Lane: South  | Base Score: 0.00 | Wait Cycles: 2 | Bonus: +10.00 | Adjusted: 10.00
[2026-07-24 21:29:13] [INFO] [TrafficSystem.FairnessManager]: [Fairness] Lane: East   | Base Score: 0.00 | Wait Cycles: 1 | Bonus: +5.00 | Adjusted: 5.00
[2026-07-24 21:29:13] [INFO] [TrafficSystem.SignalScheduler]: [Scheduler] Winner: North  | Score: 15.00 | Green: 35s | Reason: NORMAL
[2026-07-24 21:29:13] [INFO] [TrafficSystem.FairnessManager]: [Fairness Updated] Green: 'North' (Reset to 0). Waiting cycles: {'North': 0, 'South': 3, 'East': 2, 'West': 1}
[2026-07-24 21:29:13] [INFO] [TrafficSystem.SignalController]: [ESP32 Hardware Command #113] GREEN -> 'North' (35s) | Reason: NORMAL
[2026-07-24 21:29:13] [INFO] [TrafficSystem.PriorityCalculator]: [Rank #1] Lane: North  | PCE: 0.00  | Queue: 0.00  | Congestion: 0.00  | Total: 0.00
[2026-07-24 21:29:13] [INFO] [TrafficSystem.PriorityCalculator]: [Rank #2] Lane: South  | PCE: 0.00  | Queue: 0.00  | Congestion: 0.00  | Total: 0.00
[2026-07-24 21:29:13] [INFO] [TrafficSystem.PriorityCalculator]: [Rank #3] Lane: East   | PCE: 0.00  | Queue: 0.00  | Congestion: 0.00  | Total: 0.00
[2026-07-24 21:29:13] [INFO] [TrafficSystem.PriorityCalculator]: [Rank #4] Lane: West   | PCE: 0.00  | Queue: 0.00  | Congestion: 0.00  | Total: 0.00
[2026-07-24 21:29:13] [INFO] [TrafficSystem.FairnessManager]: [Fairness] Lane: South  | Base Score: 0.00 | Wait Cycles: 3 | Bonus: +15.00 | Adjusted: 15.00
[2026-07-24 21:29:13] [INFO] [TrafficSystem.FairnessManager]: [Fairness] Lane: East   | Base Score: 0.00 | Wait Cycles: 2 | Bonus: +10.00 | Adjusted: 10.00
[2026-07-24 21:29:13] [INFO] [TrafficSystem.FairnessManager]: [Fairness] Lane: West   | Base Score: 0.00 | Wait Cycles: 1 | Bonus: +5.00 | Adjusted: 5.00
[2026-07-24 21:29:13] [INFO] [TrafficSystem.SignalScheduler]: [Scheduler] Winner: South  | Score: 15.00 | Green: 35s | Reason: NORMAL
[2026-07-24 21:29:13] [INFO] [TrafficSystem.FairnessManager]: [Fairness Updated] Green: 'South' (Reset to 0). Waiting cycles: {'North': 1, 'South': 0, 'East': 3, 'West': 2}
[2026-07-24 21:29:13] [INFO] [TrafficSystem.SignalController]: [ESP32 Hardware Command #114] GREEN -> 'South' (35s) | Reason: NORMAL
[2026-07-24 21:29:13] [INFO] [TrafficSystem.PriorityCalculator]: [Rank #1] Lane: North  | PCE: 0.00  | Queue: 0.00  | Congestion: 0.00  | Total: 0.00
[2026-07-24 21:29:13] [INFO] [TrafficSystem.PriorityCalculator]: [Rank #2] Lane: South  | PCE: 0.00  | Queue: 0.00  | Congestion: 0.00  | Total: 0.00
[2026-07-24 21:29:13] [INFO] [TrafficSystem.PriorityCalculator]: [Rank #3] Lane: East   | PCE: 0.00  | Queue: 0.00  | Congestion: 0.00  | Total: 0.00
[2026-07-24 21:29:13] [INFO] [TrafficSystem.PriorityCalculator]: [Rank #4] Lane: West   | PCE: 0.00  | Queue: 0.00  | Congestion: 0.00  | Total: 0.00
[2026-07-24 21:29:13] [INFO] [TrafficSystem.FairnessManager]: [Fairness] Lane: East   | Base Score: 0.00 | Wait Cycles: 3 | Bonus: +15.00 | Adjusted: 15.00
[2026-07-24 21:29:13] [INFO] [TrafficSystem.FairnessManager]: [Fairness] Lane: West   | Base Score: 0.00 | Wait Cycles: 2 | Bonus: +10.00 | Adjusted: 10.00
[2026-07-24 21:29:13] [INFO] [TrafficSystem.FairnessManager]: [Fairness] Lane: North  | Base Score: 0.00 | Wait Cycles: 1 | Bonus: +5.00 | Adjusted: 5.00
[2026-07-24 21:29:13] [INFO] [TrafficSystem.SignalScheduler]: [Scheduler] Winner: East   | Score: 15.00 | Green: 35s | Reason: NORMAL
[2026-07-24 21:29:13] [INFO] [TrafficSystem.FairnessManager]: [Fairness Updated] Green: 'East' (Reset to 0). Waiting cycles: {'North': 2, 'South': 1, 'East': 0, 'West': 3}
[2026-07-24 21:29:13] [INFO] [TrafficSystem.SignalController]: [ESP32 Hardware Command #115] GREEN -> 'East' (35s) | Reason: NORMAL
[2026-07-24 21:29:13] [INFO] [TrafficSystem.PriorityCalculator]: [Rank #1] Lane: North  | PCE: 0.00  | Queue: 0.00  | Congestion: 0.00  | Total: 0.00
[2026-07-24 21:29:13] [INFO] [TrafficSystem.PriorityCalculator]: [Rank #2] Lane: South  | PCE: 0.00  | Queue: 0.00  | Congestion: 0.00  | Total: 0.00
[2026-07-24 21:29:13] [INFO] [TrafficSystem.PriorityCalculator]: [Rank #3] Lane: East   | PCE: 0.00  | Queue: 0.00  | Congestion: 0.00  | Total: 0.00
[2026-07-24 21:29:13] [INFO] [TrafficSystem.PriorityCalculator]: [Rank #4] Lane: West   | PCE: 0.00  | Queue: 0.00  | Congestion: 0.00  | Total: 0.00
[2026-07-24 21:29:13] [INFO] [TrafficSystem.FairnessManager]: [Fairness] Lane: West   | Base Score: 0.00 | Wait Cycles: 3 | Bonus: +15.00 | Adjusted: 15.00
[2026-07-24 21:29:13] [INFO] [TrafficSystem.FairnessManager]: [Fairness] Lane: North  | Base Score: 0.00 | Wait Cycles: 2 | Bonus: +10.00 | Adjusted: 10.00
[2026-07-24 21:29:13] [INFO] [TrafficSystem.FairnessManager]: [Fairness] Lane: South  | Base Score: 0.00 | Wait Cycles: 1 | Bonus: +5.00 | Adjusted: 5.00
[2026-07-24 21:29:13] [INFO] [TrafficSystem.SignalScheduler]: [Scheduler] Winner: West   | Score: 15.00 | Green: 35s | Reason: NORMAL
[2026-07-24 21:29:13] [INFO] [TrafficSystem.FairnessManager]: [Fairness Updated] Green: 'West' (Reset to 0). Waiting cycles: {'North': 3, 'South': 2, 'East': 1, 'West': 0}
[2026-07-24 21:29:13] [INFO] [TrafficSystem.SignalController]: [ESP32 Hardware Command #116] GREEN -> 'West' (35s) | Reason: NORMAL
[2026-07-24 21:29:14] [INFO] [TrafficSystem.PriorityCalculator]: [Rank #1] Lane: North  | PCE: 0.00  | Queue: 0.00  | Congestion: 0.00  | Total: 0.00
[2026-07-24 21:29:14] [INFO] [TrafficSystem.PriorityCalculator]: [Rank #2] Lane: South  | PCE: 0.00  | Queue: 0.00  | Congestion: 0.00  | Total: 0.00
[2026-07-24 21:29:14] [INFO] [TrafficSystem.PriorityCalculator]: [Rank #3] Lane: East   | PCE: 0.00  | Queue: 0.00  | Congestion: 0.00  | Total: 0.00
[2026-07-24 21:29:14] [INFO] [TrafficSystem.PriorityCalculator]: [Rank #4] Lane: West   | PCE: 0.00  | Queue: 0.00  | Congestion: 0.00  | Total: 0.00
[2026-07-24 21:29:14] [INFO] [TrafficSystem.FairnessManager]: [Fairness] Lane: North  | Base Score: 0.00 | Wait Cycles: 3 | Bonus: +15.00 | Adjusted: 15.00
[2026-07-24 21:29:14] [INFO] [TrafficSystem.FairnessManager]: [Fairness] Lane: South  | Base Score: 0.00 | Wait Cycles: 2 | Bonus: +10.00 | Adjusted: 10.00
[2026-07-24 21:29:14] [INFO] [TrafficSystem.FairnessManager]: [Fairness] Lane: East   | Base Score: 0.00 | Wait Cycles: 1 | Bonus: +5.00 | Adjusted: 5.00
[2026-07-24 21:29:14] [INFO] [TrafficSystem.SignalScheduler]: [Scheduler] Winner: North  | Score: 15.00 | Green: 35s | Reason: NORMAL
[2026-07-24 21:29:14] [INFO] [TrafficSystem.FairnessManager]: [Fairness Updated] Green: 'North' (Reset to 0). Waiting cycles: {'North': 0, 'South': 3, 'East': 2, 'West': 1}
[2026-07-24 21:29:14] [INFO] [TrafficSystem.SignalController]: [ESP32 Hardware Command #117] GREEN -> 'North' (35s) | Reason: NORMAL
[2026-07-24 21:29:14] [INFO] [TrafficSystem.PriorityCalculator]: [Rank #1] Lane: North  | PCE: 0.00  | Queue: 0.00  | Congestion: 0.00  | Total: 0.00
[2026-07-24 21:29:14] [INFO] [TrafficSystem.PriorityCalculator]: [Rank #2] Lane: South  | PCE: 0.00  | Queue: 0.00  | Congestion: 0.00  | Total: 0.00
[2026-07-24 21:29:14] [INFO] [TrafficSystem.PriorityCalculator]: [Rank #3] Lane: East   | PCE: 0.00  | Queue: 0.00  | Congestion: 0.00  | Total: 0.00
[2026-07-24 21:29:14] [INFO] [TrafficSystem.PriorityCalculator]: [Rank #4] Lane: West   | PCE: 0.00  | Queue: 0.00  | Congestion: 0.00  | Total: 0.00
[2026-07-24 21:29:14] [INFO] [TrafficSystem.FairnessManager]: [Fairness] Lane: South  | Base Score: 0.00 | Wait Cycles: 3 | Bonus: +15.00 | Adjusted: 15.00
[2026-07-24 21:29:14] [INFO] [TrafficSystem.FairnessManager]: [Fairness] Lane: East   | Base Score: 0.00 | Wait Cycles: 2 | Bonus: +10.00 | Adjusted: 10.00
[2026-07-24 21:29:14] [INFO] [TrafficSystem.FairnessManager]: [Fairness] Lane: West   | Base Score: 0.00 | Wait Cycles: 1 | Bonus: +5.00 | Adjusted: 5.00
[2026-07-24 21:29:14] [INFO] [TrafficSystem.SignalScheduler]: [Scheduler] Winner: South  | Score: 15.00 | Green: 35s | Reason: NORMAL
[2026-07-24 21:29:14] [INFO] [TrafficSystem.FairnessManager]: [Fairness Updated] Green: 'South' (Reset to 0). Waiting cycles: {'North': 1, 'South': 0, 'East': 3, 'West': 2}
[2026-07-24 21:29:14] [INFO] [TrafficSystem.SignalController]: [ESP32 Hardware Command #118] GREEN -> 'South' (35s) | Reason: NORMAL
[2026-07-24 21:29:14] [INFO] [TrafficSystem.PriorityCalculator]: [Rank #1] Lane: North  | PCE: 0.00  | Queue: 0.00  | Congestion: 0.00  | Total: 0.00
[2026-07-24 21:29:14] [INFO] [TrafficSystem.PriorityCalculator]: [Rank #2] Lane: South  | PCE: 0.00  | Queue: 0.00  | Congestion: 0.00  | Total: 0.00
[2026-07-24 21:29:14] [INFO] [TrafficSystem.PriorityCalculator]: [Rank #3] Lane: East   | PCE: 0.00  | Queue: 0.00  | Congestion: 0.00  | Total: 0.00
[2026-07-24 21:29:14] [INFO] [TrafficSystem.PriorityCalculator]: [Rank #4] Lane: West   | PCE: 0.00  | Queue: 0.00  | Congestion: 0.00  | Total: 0.00
[2026-07-24 21:29:14] [INFO] [TrafficSystem.FairnessManager]: [Fairness] Lane: East   | Base Score: 0.00 | Wait Cycles: 3 | Bonus: +15.00 | Adjusted: 15.00
[2026-07-24 21:29:14] [INFO] [TrafficSystem.FairnessManager]: [Fairness] Lane: West   | Base Score: 0.00 | Wait Cycles: 2 | Bonus: +10.00 | Adjusted: 10.00
[2026-07-24 21:29:14] [INFO] [TrafficSystem.FairnessManager]: [Fairness] Lane: North  | Base Score: 0.00 | Wait Cycles: 1 | Bonus: +5.00 | Adjusted: 5.00
[2026-07-24 21:29:14] [INFO] [TrafficSystem.SignalScheduler]: [Scheduler] Winner: East   | Score: 15.00 | Green: 35s | Reason: NORMAL
[2026-07-24 21:29:14] [INFO] [TrafficSystem.FairnessManager]: [Fairness Updated] Green: 'East' (Reset to 0). Waiting cycles: {'North': 2, 'South': 1, 'East': 0, 'West': 3}
[2026-07-24 21:29:14] [INFO] [TrafficSystem.SignalController]: [ESP32 Hardware Command #119] GREEN -> 'East' (35s) | Reason: NORMAL
[2026-07-24 21:29:14] [INFO] [TrafficSystem.PriorityCalculator]: [Rank #1] Lane: North  | PCE: 0.00  | Queue: 0.00  | Congestion: 0.00  | Total: 0.00
[2026-07-24 21:29:14] [INFO] [TrafficSystem.PriorityCalculator]: [Rank #2] Lane: South  | PCE: 0.00  | Queue: 0.00  | Congestion: 0.00  | Total: 0.00
[2026-07-24 21:29:14] [INFO] [TrafficSystem.PriorityCalculator]: [Rank #3] Lane: East   | PCE: 0.00  | Queue: 0.00  | Congestion: 0.00  | Total: 0.00
[2026-07-24 21:29:14] [INFO] [TrafficSystem.PriorityCalculator]: [Rank #4] Lane: West   | PCE: 0.00  | Queue: 0.00  | Congestion: 0.00  | Total: 0.00
[2026-07-24 21:29:14] [INFO] [TrafficSystem.FairnessManager]: [Fairness] Lane: West   | Base Score: 0.00 | Wait Cycles: 3 | Bonus: +15.00 | Adjusted: 15.00
[2026-07-24 21:29:14] [INFO] [TrafficSystem.FairnessManager]: [Fairness] Lane: North  | Base Score: 0.00 | Wait Cycles: 2 | Bonus: +10.00 | Adjusted: 10.00
[2026-07-24 21:29:14] [INFO] [TrafficSystem.FairnessManager]: [Fairness] Lane: South  | Base Score: 0.00 | Wait Cycles: 1 | Bonus: +5.00 | Adjusted: 5.00
[2026-07-24 21:29:14] [INFO] [TrafficSystem.SignalScheduler]: [Scheduler] Winner: West   | Score: 15.00 | Green: 35s | Reason: NORMAL
[2026-07-24 21:29:14] [INFO] [TrafficSystem.FairnessManager]: [Fairness Updated] Green: 'West' (Reset to 0). Waiting cycles: {'North': 3, 'South': 2, 'East': 1, 'West': 0}
[2026-07-24 21:29:14] [INFO] [TrafficSystem.SignalController]: [ESP32 Hardware Command #120] GREEN -> 'West' (35s) | Reason: NORMAL
[2026-07-24 21:29:14] [INFO] [TrafficSystem.PriorityCalculator]: [Rank #1] Lane: North  | PCE: 0.00  | Queue: 0.00  | Congestion: 0.00  | Total: 0.00
[2026-07-24 21:29:14] [INFO] [TrafficSystem.PriorityCalculator]: [Rank #2] Lane: South  | PCE: 0.00  | Queue: 0.00  | Congestion: 0.00  | Total: 0.00
[2026-07-24 21:29:14] [INFO] [TrafficSystem.PriorityCalculator]: [Rank #3] Lane: East   | PCE: 0.00  | Queue: 0.00  | Congestion: 0.00  | Total: 0.00
[2026-07-24 21:29:14] [INFO] [TrafficSystem.PriorityCalculator]: [Rank #4] Lane: West   | PCE: 0.00  | Queue: 0.00  | Congestion: 0.00  | Total: 0.00
[2026-07-24 21:29:14] [INFO] [TrafficSystem.FairnessManager]: [Fairness] Lane: North  | Base Score: 0.00 | Wait Cycles: 3 | Bonus: +15.00 | Adjusted: 15.00
[2026-07-24 21:29:14] [INFO] [TrafficSystem.FairnessManager]: [Fairness] Lane: South  | Base Score: 0.00 | Wait Cycles: 2 | Bonus: +10.00 | Adjusted: 10.00
[2026-07-24 21:29:14] [INFO] [TrafficSystem.FairnessManager]: [Fairness] Lane: East   | Base Score: 0.00 | Wait Cycles: 1 | Bonus: +5.00 | Adjusted: 5.00
[2026-07-24 21:29:14] [INFO] [TrafficSystem.SignalScheduler]: [Scheduler] Winner: North  | Score: 15.00 | Green: 35s | Reason: NORMAL
[2026-07-24 21:29:14] [INFO] [TrafficSystem.FairnessManager]: [Fairness Updated] Green: 'North' (Reset to 0). Waiting cycles: {'North': 0, 'South': 3, 'East': 2, 'West': 1}
[2026-07-24 21:29:14] [INFO] [TrafficSystem.SignalController]: [ESP32 Hardware Command #121] GREEN -> 'North' (35s) | Reason: NORMAL
[2026-07-24 21:29:14] [INFO] [TrafficSystem.PriorityCalculator]: [Rank #1] Lane: North  | PCE: 0.00  | Queue: 0.00  | Congestion: 0.00  | Total: 0.00
[2026-07-24 21:29:14] [INFO] [TrafficSystem.PriorityCalculator]: [Rank #2] Lane: South  | PCE: 0.00  | Queue: 0.00  | Congestion: 0.00  | Total: 0.00
[2026-07-24 21:29:14] [INFO] [TrafficSystem.PriorityCalculator]: [Rank #3] Lane: East   | PCE: 0.00  | Queue: 0.00  | Congestion: 0.00  | Total: 0.00
[2026-07-24 21:29:14] [INFO] [TrafficSystem.PriorityCalculator]: [Rank #4] Lane: West   | PCE: 0.00  | Queue: 0.00  | Congestion: 0.00  | Total: 0.00
[2026-07-24 21:29:14] [INFO] [TrafficSystem.FairnessManager]: [Fairness] Lane: South  | Base Score: 0.00 | Wait Cycles: 3 | Bonus: +15.00 | Adjusted: 15.00
[2026-07-24 21:29:14] [INFO] [TrafficSystem.FairnessManager]: [Fairness] Lane: East   | Base Score: 0.00 | Wait Cycles: 2 | Bonus: +10.00 | Adjusted: 10.00
[2026-07-24 21:29:14] [INFO] [TrafficSystem.FairnessManager]: [Fairness] Lane: West   | Base Score: 0.00 | Wait Cycles: 1 | Bonus: +5.00 | Adjusted: 5.00
[2026-07-24 21:29:14] [INFO] [TrafficSystem.SignalScheduler]: [Scheduler] Winner: South  | Score: 15.00 | Green: 35s | Reason: NORMAL
[2026-07-24 21:29:14] [INFO] [TrafficSystem.FairnessManager]: [Fairness Updated] Green: 'South' (Reset to 0). Waiting cycles: {'North': 1, 'South': 0, 'East': 3, 'West': 2}
[2026-07-24 21:29:14] [INFO] [TrafficSystem.SignalController]: [ESP32 Hardware Command #122] GREEN -> 'South' (35s) | Reason: NORMAL
[2026-07-24 21:29:14] [INFO] [TrafficSystem.PriorityCalculator]: [Rank #1] Lane: North  | PCE: 0.00  | Queue: 0.00  | Congestion: 0.00  | Total: 0.00
[2026-07-24 21:29:14] [INFO] [TrafficSystem.PriorityCalculator]: [Rank #2] Lane: South  | PCE: 0.00  | Queue: 0.00  | Congestion: 0.00  | Total: 0.00
[2026-07-24 21:29:14] [INFO] [TrafficSystem.PriorityCalculator]: [Rank #3] Lane: East   | PCE: 0.00  | Queue: 0.00  | Congestion: 0.00  | Total: 0.00
[2026-07-24 21:29:14] [INFO] [TrafficSystem.PriorityCalculator]: [Rank #4] Lane: West   | PCE: 0.00  | Queue: 0.00  | Congestion: 0.00  | Total: 0.00
[2026-07-24 21:29:14] [INFO] [TrafficSystem.FairnessManager]: [Fairness] Lane: East   | Base Score: 0.00 | Wait Cycles: 3 | Bonus: +15.00 | Adjusted: 15.00
[2026-07-24 21:29:14] [INFO] [TrafficSystem.FairnessManager]: [Fairness] Lane: West   | Base Score: 0.00 | Wait Cycles: 2 | Bonus: +10.00 | Adjusted: 10.00
[2026-07-24 21:29:14] [INFO] [TrafficSystem.FairnessManager]: [Fairness] Lane: North  | Base Score: 0.00 | Wait Cycles: 1 | Bonus: +5.00 | Adjusted: 5.00
[2026-07-24 21:29:14] [INFO] [TrafficSystem.SignalScheduler]: [Scheduler] Winner: East   | Score: 15.00 | Green: 35s | Reason: NORMAL
[2026-07-24 21:29:14] [INFO] [TrafficSystem.FairnessManager]: [Fairness Updated] Green: 'East' (Reset to 0). Waiting cycles: {'North': 2, 'South': 1, 'East': 0, 'West': 3}
[2026-07-24 21:29:14] [INFO] [TrafficSystem.SignalController]: [ESP32 Hardware Command #123] GREEN -> 'East' (35s) | Reason: NORMAL
[2026-07-24 21:29:14] [INFO] [TrafficSystem.PriorityCalculator]: [Rank #1] Lane: North  | PCE: 0.00  | Queue: 0.00  | Congestion: 0.00  | Total: 0.00
[2026-07-24 21:29:14] [INFO] [TrafficSystem.PriorityCalculator]: [Rank #2] Lane: South  | PCE: 0.00  | Queue: 0.00  | Congestion: 0.00  | Total: 0.00
[2026-07-24 21:29:14] [INFO] [TrafficSystem.PriorityCalculator]: [Rank #3] Lane: East   | PCE: 0.00  | Queue: 0.00  | Congestion: 0.00  | Total: 0.00
[2026-07-24 21:29:14] [INFO] [TrafficSystem.PriorityCalculator]: [Rank #4] Lane: West   | PCE: 0.00  | Queue: 0.00  | Congestion: 0.00  | Total: 0.00
[2026-07-24 21:29:14] [INFO] [TrafficSystem.FairnessManager]: [Fairness] Lane: West   | Base Score: 0.00 | Wait Cycles: 3 | Bonus: +15.00 | Adjusted: 15.00
[2026-07-24 21:29:14] [INFO] [TrafficSystem.FairnessManager]: [Fairness] Lane: North  | Base Score: 0.00 | Wait Cycles: 2 | Bonus: +10.00 | Adjusted: 10.00
[2026-07-24 21:29:14] [INFO] [TrafficSystem.FairnessManager]: [Fairness] Lane: South  | Base Score: 0.00 | Wait Cycles: 1 | Bonus: +5.00 | Adjusted: 5.00
[2026-07-24 21:29:14] [INFO] [TrafficSystem.SignalScheduler]: [Scheduler] Winner: West   | Score: 15.00 | Green: 35s | Reason: NORMAL
[2026-07-24 21:29:14] [INFO] [TrafficSystem.FairnessManager]: [Fairness Updated] Green: 'West' (Reset to 0). Waiting cycles: {'North': 3, 'South': 2, 'East': 1, 'West': 0}
[2026-07-24 21:29:14] [INFO] [TrafficSystem.SignalController]: [ESP32 Hardware Command #124] GREEN -> 'West' (35s) | Reason: NORMAL
[2026-07-24 21:29:14] [INFO] [TrafficSystem.PriorityCalculator]: [Rank #1] Lane: North  | PCE: 0.00  | Queue: 0.00  | Congestion: 0.00  | Total: 0.00
[2026-07-24 21:29:14] [INFO] [TrafficSystem.PriorityCalculator]: [Rank #2] Lane: South  | PCE: 0.00  | Queue: 0.00  | Congestion: 0.00  | Total: 0.00
[2026-07-24 21:29:14] [INFO] [TrafficSystem.PriorityCalculator]: [Rank #3] Lane: East   | PCE: 0.00  | Queue: 0.00  | Congestion: 0.00  | Total: 0.00
[2026-07-24 21:29:14] [INFO] [TrafficSystem.PriorityCalculator]: [Rank #4] Lane: West   | PCE: 0.00  | Queue: 0.00  | Congestion: 0.00  | Total: 0.00
[2026-07-24 21:29:14] [INFO] [TrafficSystem.FairnessManager]: [Fairness] Lane: North  | Base Score: 0.00 | Wait Cycles: 3 | Bonus: +15.00 | Adjusted: 15.00
[2026-07-24 21:29:14] [INFO] [TrafficSystem.FairnessManager]: [Fairness] Lane: South  | Base Score: 0.00 | Wait Cycles: 2 | Bonus: +10.00 | Adjusted: 10.00
[2026-07-24 21:29:14] [INFO] [TrafficSystem.FairnessManager]: [Fairness] Lane: East   | Base Score: 0.00 | Wait Cycles: 1 | Bonus: +5.00 | Adjusted: 5.00
[2026-07-24 21:29:14] [INFO] [TrafficSystem.SignalScheduler]: [Scheduler] Winner: North  | Score: 15.00 | Green: 35s | Reason: NORMAL
[2026-07-24 21:29:14] [INFO] [TrafficSystem.FairnessManager]: [Fairness Updated] Green: 'North' (Reset to 0). Waiting cycles: {'North': 0, 'South': 3, 'East': 2, 'West': 1}
[2026-07-24 21:29:14] [INFO] [TrafficSystem.SignalController]: [ESP32 Hardware Command #125] GREEN -> 'North' (35s) | Reason: NORMAL
[2026-07-24 21:29:14] [INFO] [TrafficSystem.PriorityCalculator]: [Rank #1] Lane: North  | PCE: 0.00  | Queue: 0.00  | Congestion: 0.00  | Total: 0.00
[2026-07-24 21:29:14] [INFO] [TrafficSystem.PriorityCalculator]: [Rank #2] Lane: South  | PCE: 0.00  | Queue: 0.00  | Congestion: 0.00  | Total: 0.00
[2026-07-24 21:29:14] [INFO] [TrafficSystem.PriorityCalculator]: [Rank #3] Lane: East   | PCE: 0.00  | Queue: 0.00  | Congestion: 0.00  | Total: 0.00
[2026-07-24 21:29:14] [INFO] [TrafficSystem.PriorityCalculator]: [Rank #4] Lane: West   | PCE: 0.00  | Queue: 0.00  | Congestion: 0.00  | Total: 0.00
[2026-07-24 21:29:14] [INFO] [TrafficSystem.FairnessManager]: [Fairness] Lane: South  | Base Score: 0.00 | Wait Cycles: 3 | Bonus: +15.00 | Adjusted: 15.00
[2026-07-24 21:29:14] [INFO] [TrafficSystem.FairnessManager]: [Fairness] Lane: East   | Base Score: 0.00 | Wait Cycles: 2 | Bonus: +10.00 | Adjusted: 10.00
[2026-07-24 21:29:14] [INFO] [TrafficSystem.FairnessManager]: [Fairness] Lane: West   | Base Score: 0.00 | Wait Cycles: 1 | Bonus: +5.00 | Adjusted: 5.00
[2026-07-24 21:29:14] [INFO] [TrafficSystem.SignalScheduler]: [Scheduler] Winner: South  | Score: 15.00 | Green: 35s | Reason: NORMAL
[2026-07-24 21:29:14] [INFO] [TrafficSystem.FairnessManager]: [Fairness Updated] Green: 'South' (Reset to 0). Waiting cycles: {'North': 1, 'South': 0, 'East': 3, 'West': 2}
[2026-07-24 21:29:14] [INFO] [TrafficSystem.SignalController]: [ESP32 Hardware Command #126] GREEN -> 'South' (35s) | Reason: NORMAL
[2026-07-24 21:29:15] [INFO] [TrafficSystem.PriorityCalculator]: [Rank #1] Lane: North  | PCE: 0.00  | Queue: 0.00  | Congestion: 0.00  | Total: 0.00
[2026-07-24 21:29:15] [INFO] [TrafficSystem.PriorityCalculator]: [Rank #2] Lane: South  | PCE: 0.00  | Queue: 0.00  | Congestion: 0.00  | Total: 0.00
[2026-07-24 21:29:15] [INFO] [TrafficSystem.PriorityCalculator]: [Rank #3] Lane: East   | PCE: 0.00  | Queue: 0.00  | Congestion: 0.00  | Total: 0.00
[2026-07-24 21:29:15] [INFO] [TrafficSystem.PriorityCalculator]: [Rank #4] Lane: West   | PCE: 0.00  | Queue: 0.00  | Congestion: 0.00  | Total: 0.00
[2026-07-24 21:29:15] [INFO] [TrafficSystem.FairnessManager]: [Fairness] Lane: East   | Base Score: 0.00 | Wait Cycles: 3 | Bonus: +15.00 | Adjusted: 15.00
[2026-07-24 21:29:15] [INFO] [TrafficSystem.FairnessManager]: [Fairness] Lane: West   | Base Score: 0.00 | Wait Cycles: 2 | Bonus: +10.00 | Adjusted: 10.00
[2026-07-24 21:29:15] [INFO] [TrafficSystem.FairnessManager]: [Fairness] Lane: North  | Base Score: 0.00 | Wait Cycles: 1 | Bonus: +5.00 | Adjusted: 5.00
[2026-07-24 21:29:15] [INFO] [TrafficSystem.SignalScheduler]: [Scheduler] Winner: East   | Score: 15.00 | Green: 35s | Reason: NORMAL
[2026-07-24 21:29:15] [INFO] [TrafficSystem.FairnessManager]: [Fairness Updated] Green: 'East' (Reset to 0). Waiting cycles: {'North': 2, 'South': 1, 'East': 0, 'West': 3}
[2026-07-24 21:29:15] [INFO] [TrafficSystem.SignalController]: [ESP32 Hardware Command #127] GREEN -> 'East' (35s) | Reason: NORMAL
[2026-07-24 21:29:15] [INFO] [TrafficSystem.PriorityCalculator]: [Rank #1] Lane: North  | PCE: 0.00  | Queue: 0.00  | Congestion: 0.00  | Total: 0.00
[2026-07-24 21:29:15] [INFO] [TrafficSystem.PriorityCalculator]: [Rank #2] Lane: South  | PCE: 0.00  | Queue: 0.00  | Congestion: 0.00  | Total: 0.00
[2026-07-24 21:29:15] [INFO] [TrafficSystem.PriorityCalculator]: [Rank #3] Lane: East   | PCE: 0.00  | Queue: 0.00  | Congestion: 0.00  | Total: 0.00
[2026-07-24 21:29:15] [INFO] [TrafficSystem.PriorityCalculator]: [Rank #4] Lane: West   | PCE: 0.00  | Queue: 0.00  | Congestion: 0.00  | Total: 0.00
[2026-07-24 21:29:15] [INFO] [TrafficSystem.FairnessManager]: [Fairness] Lane: West   | Base Score: 0.00 | Wait Cycles: 3 | Bonus: +15.00 | Adjusted: 15.00
[2026-07-24 21:29:15] [INFO] [TrafficSystem.FairnessManager]: [Fairness] Lane: North  | Base Score: 0.00 | Wait Cycles: 2 | Bonus: +10.00 | Adjusted: 10.00
[2026-07-24 21:29:15] [INFO] [TrafficSystem.FairnessManager]: [Fairness] Lane: South  | Base Score: 0.00 | Wait Cycles: 1 | Bonus: +5.00 | Adjusted: 5.00
[2026-07-24 21:29:15] [INFO] [TrafficSystem.SignalScheduler]: [Scheduler] Winner: West   | Score: 15.00 | Green: 35s | Reason: NORMAL
[2026-07-24 21:29:15] [INFO] [TrafficSystem.FairnessManager]: [Fairness Updated] Green: 'West' (Reset to 0). Waiting cycles: {'North': 3, 'South': 2, 'East': 1, 'West': 0}
[2026-07-24 21:29:15] [INFO] [TrafficSystem.SignalController]: [ESP32 Hardware Command #128] GREEN -> 'West' (35s) | Reason: NORMAL
[2026-07-24 21:29:15] [INFO] [TrafficSystem.PriorityCalculator]: [Rank #1] Lane: North  | PCE: 0.00  | Queue: 0.00  | Congestion: 0.00  | Total: 0.00
[2026-07-24 21:29:15] [INFO] [TrafficSystem.PriorityCalculator]: [Rank #2] Lane: South  | PCE: 0.00  | Queue: 0.00  | Congestion: 0.00  | Total: 0.00
[2026-07-24 21:29:15] [INFO] [TrafficSystem.PriorityCalculator]: [Rank #3] Lane: East   | PCE: 0.00  | Queue: 0.00  | Congestion: 0.00  | Total: 0.00
[2026-07-24 21:29:15] [INFO] [TrafficSystem.PriorityCalculator]: [Rank #4] Lane: West   | PCE: 0.00  | Queue: 0.00  | Congestion: 0.00  | Total: 0.00
[2026-07-24 21:29:15] [INFO] [TrafficSystem.FairnessManager]: [Fairness] Lane: North  | Base Score: 0.00 | Wait Cycles: 3 | Bonus: +15.00 | Adjusted: 15.00
[2026-07-24 21:29:15] [INFO] [TrafficSystem.FairnessManager]: [Fairness] Lane: South  | Base Score: 0.00 | Wait Cycles: 2 | Bonus: +10.00 | Adjusted: 10.00
[2026-07-24 21:29:15] [INFO] [TrafficSystem.FairnessManager]: [Fairness] Lane: East   | Base Score: 0.00 | Wait Cycles: 1 | Bonus: +5.00 | Adjusted: 5.00
[2026-07-24 21:29:15] [INFO] [TrafficSystem.SignalScheduler]: [Scheduler] Winner: North  | Score: 15.00 | Green: 35s | Reason: NORMAL
[2026-07-24 21:29:15] [INFO] [TrafficSystem.FairnessManager]: [Fairness Updated] Green: 'North' (Reset to 0). Waiting cycles: {'North': 0, 'South': 3, 'East': 2, 'West': 1}
[2026-07-24 21:29:15] [INFO] [TrafficSystem.SignalController]: [ESP32 Hardware Command #129] GREEN -> 'North' (35s) | Reason: NORMAL
[2026-07-24 21:29:15] [INFO] [TrafficSystem.PriorityCalculator]: [Rank #1] Lane: North  | PCE: 0.00  | Queue: 0.00  | Congestion: 0.00  | Total: 0.00
[2026-07-24 21:29:15] [INFO] [TrafficSystem.PriorityCalculator]: [Rank #2] Lane: South  | PCE: 0.00  | Queue: 0.00  | Congestion: 0.00  | Total: 0.00
[2026-07-24 21:29:15] [INFO] [TrafficSystem.PriorityCalculator]: [Rank #3] Lane: East   | PCE: 0.00  | Queue: 0.00  | Congestion: 0.00  | Total: 0.00
[2026-07-24 21:29:15] [INFO] [TrafficSystem.PriorityCalculator]: [Rank #4] Lane: West   | PCE: 0.00  | Queue: 0.00  | Congestion: 0.00  | Total: 0.00
[2026-07-24 21:29:15] [INFO] [TrafficSystem.FairnessManager]: [Fairness] Lane: South  | Base Score: 0.00 | Wait Cycles: 3 | Bonus: +15.00 | Adjusted: 15.00
[2026-07-24 21:29:15] [INFO] [TrafficSystem.FairnessManager]: [Fairness] Lane: East   | Base Score: 0.00 | Wait Cycles: 2 | Bonus: +10.00 | Adjusted: 10.00
[2026-07-24 21:29:15] [INFO] [TrafficSystem.FairnessManager]: [Fairness] Lane: West   | Base Score: 0.00 | Wait Cycles: 1 | Bonus: +5.00 | Adjusted: 5.00
[2026-07-24 21:29:15] [INFO] [TrafficSystem.SignalScheduler]: [Scheduler] Winner: South  | Score: 15.00 | Green: 35s | Reason: NORMAL
[2026-07-24 21:29:15] [INFO] [TrafficSystem.FairnessManager]: [Fairness Updated] Green: 'South' (Reset to 0). Waiting cycles: {'North': 1, 'South': 0, 'East': 3, 'West': 2}
[2026-07-24 21:29:15] [INFO] [TrafficSystem.SignalController]: [ESP32 Hardware Command #130] GREEN -> 'South' (35s) | Reason: NORMAL
[2026-07-24 21:29:15] [INFO] [TrafficSystem.PriorityCalculator]: [Rank #1] Lane: North  | PCE: 0.00  | Queue: 0.00  | Congestion: 0.00  | Total: 0.00
[2026-07-24 21:29:15] [INFO] [TrafficSystem.PriorityCalculator]: [Rank #2] Lane: South  | PCE: 0.00  | Queue: 0.00  | Congestion: 0.00  | Total: 0.00
[2026-07-24 21:29:15] [INFO] [TrafficSystem.PriorityCalculator]: [Rank #3] Lane: East   | PCE: 0.00  | Queue: 0.00  | Congestion: 0.00  | Total: 0.00
[2026-07-24 21:29:15] [INFO] [TrafficSystem.PriorityCalculator]: [Rank #4] Lane: West   | PCE: 0.00  | Queue: 0.00  | Congestion: 0.00  | Total: 0.00
[2026-07-24 21:29:15] [INFO] [TrafficSystem.FairnessManager]: [Fairness] Lane: East   | Base Score: 0.00 | Wait Cycles: 3 | Bonus: +15.00 | Adjusted: 15.00
[2026-07-24 21:29:15] [INFO] [TrafficSystem.FairnessManager]: [Fairness] Lane: West   | Base Score: 0.00 | Wait Cycles: 2 | Bonus: +10.00 | Adjusted: 10.00
[2026-07-24 21:29:15] [INFO] [TrafficSystem.FairnessManager]: [Fairness] Lane: North  | Base Score: 0.00 | Wait Cycles: 1 | Bonus: +5.00 | Adjusted: 5.00
[2026-07-24 21:29:15] [INFO] [TrafficSystem.SignalScheduler]: [Scheduler] Winner: East   | Score: 15.00 | Green: 35s | Reason: NORMAL
[2026-07-24 21:29:15] [INFO] [TrafficSystem.FairnessManager]: [Fairness Updated] Green: 'East' (Reset to 0). Waiting cycles: {'North': 2, 'South': 1, 'East': 0, 'West': 3}
[2026-07-24 21:29:15] [INFO] [TrafficSystem.SignalController]: [ESP32 Hardware Command #131] GREEN -> 'East' (35s) | Reason: NORMAL
[2026-07-24 21:29:15] [INFO] [TrafficSystem.PriorityCalculator]: [Rank #1] Lane: North  | PCE: 0.00  | Queue: 0.00  | Congestion: 0.00  | Total: 0.00
[2026-07-24 21:29:15] [INFO] [TrafficSystem.PriorityCalculator]: [Rank #2] Lane: South  | PCE: 0.00  | Queue: 0.00  | Congestion: 0.00  | Total: 0.00
[2026-07-24 21:29:15] [INFO] [TrafficSystem.PriorityCalculator]: [Rank #3] Lane: East   | PCE: 0.00  | Queue: 0.00  | Congestion: 0.00  | Total: 0.00
[2026-07-24 21:29:15] [INFO] [TrafficSystem.PriorityCalculator]: [Rank #4] Lane: West   | PCE: 0.00  | Queue: 0.00  | Congestion: 0.00  | Total: 0.00
[2026-07-24 21:29:15] [INFO] [TrafficSystem.FairnessManager]: [Fairness] Lane: West   | Base Score: 0.00 | Wait Cycles: 3 | Bonus: +15.00 | Adjusted: 15.00
[2026-07-24 21:29:15] [INFO] [TrafficSystem.FairnessManager]: [Fairness] Lane: North  | Base Score: 0.00 | Wait Cycles: 2 | Bonus: +10.00 | Adjusted: 10.00
[2026-07-24 21:29:15] [INFO] [TrafficSystem.FairnessManager]: [Fairness] Lane: South  | Base Score: 0.00 | Wait Cycles: 1 | Bonus: +5.00 | Adjusted: 5.00
[2026-07-24 21:29:15] [INFO] [TrafficSystem.SignalScheduler]: [Scheduler] Winner: West   | Score: 15.00 | Green: 35s | Reason: NORMAL
[2026-07-24 21:29:15] [INFO] [TrafficSystem.FairnessManager]: [Fairness Updated] Green: 'West' (Reset to 0). Waiting cycles: {'North': 3, 'South': 2, 'East': 1, 'West': 0}
[2026-07-24 21:29:15] [INFO] [TrafficSystem.SignalController]: [ESP32 Hardware Command #132] GREEN -> 'West' (35s) | Reason: NORMAL
[2026-07-24 21:29:15] [INFO] [TrafficSystem.PriorityCalculator]: [Rank #1] Lane: North  | PCE: 0.00  | Queue: 0.00  | Congestion: 0.00  | Total: 0.00
[2026-07-24 21:29:15] [INFO] [TrafficSystem.PriorityCalculator]: [Rank #2] Lane: South  | PCE: 0.00  | Queue: 0.00  | Congestion: 0.00  | Total: 0.00
[2026-07-24 21:29:15] [INFO] [TrafficSystem.PriorityCalculator]: [Rank #3] Lane: East   | PCE: 0.00  | Queue: 0.00  | Congestion: 0.00  | Total: 0.00
[2026-07-24 21:29:15] [INFO] [TrafficSystem.PriorityCalculator]: [Rank #4] Lane: West   | PCE: 0.00  | Queue: 0.00  | Congestion: 0.00  | Total: 0.00
[2026-07-24 21:29:15] [INFO] [TrafficSystem.FairnessManager]: [Fairness] Lane: North  | Base Score: 0.00 | Wait Cycles: 3 | Bonus: +15.00 | Adjusted: 15.00
[2026-07-24 21:29:15] [INFO] [TrafficSystem.FairnessManager]: [Fairness] Lane: South  | Base Score: 0.00 | Wait Cycles: 2 | Bonus: +10.00 | Adjusted: 10.00
[2026-07-24 21:29:15] [INFO] [TrafficSystem.FairnessManager]: [Fairness] Lane: East   | Base Score: 0.00 | Wait Cycles: 1 | Bonus: +5.00 | Adjusted: 5.00
[2026-07-24 21:29:15] [INFO] [TrafficSystem.SignalScheduler]: [Scheduler] Winner: North  | Score: 15.00 | Green: 35s | Reason: NORMAL
[2026-07-24 21:29:15] [INFO] [TrafficSystem.FairnessManager]: [Fairness Updated] Green: 'North' (Reset to 0). Waiting cycles: {'North': 0, 'South': 3, 'East': 2, 'West': 1}
[2026-07-24 21:29:15] [INFO] [TrafficSystem.SignalController]: [ESP32 Hardware Command #133] GREEN -> 'North' (35s) | Reason: NORMAL
[2026-07-24 21:29:15] [INFO] [TrafficSystem.PriorityCalculator]: [Rank #1] Lane: North  | PCE: 0.00  | Queue: 0.00  | Congestion: 0.00  | Total: 0.00
[2026-07-24 21:29:15] [INFO] [TrafficSystem.PriorityCalculator]: [Rank #2] Lane: South  | PCE: 0.00  | Queue: 0.00  | Congestion: 0.00  | Total: 0.00
[2026-07-24 21:29:15] [INFO] [TrafficSystem.PriorityCalculator]: [Rank #3] Lane: East   | PCE: 0.00  | Queue: 0.00  | Congestion: 0.00  | Total: 0.00
[2026-07-24 21:29:15] [INFO] [TrafficSystem.PriorityCalculator]: [Rank #4] Lane: West   | PCE: 0.00  | Queue: 0.00  | Congestion: 0.00  | Total: 0.00
[2026-07-24 21:29:15] [INFO] [TrafficSystem.FairnessManager]: [Fairness] Lane: South  | Base Score: 0.00 | Wait Cycles: 3 | Bonus: +15.00 | Adjusted: 15.00
[2026-07-24 21:29:15] [INFO] [TrafficSystem.FairnessManager]: [Fairness] Lane: East   | Base Score: 0.00 | Wait Cycles: 2 | Bonus: +10.00 | Adjusted: 10.00
[2026-07-24 21:29:15] [INFO] [TrafficSystem.FairnessManager]: [Fairness] Lane: West   | Base Score: 0.00 | Wait Cycles: 1 | Bonus: +5.00 | Adjusted: 5.00
[2026-07-24 21:29:15] [INFO] [TrafficSystem.SignalScheduler]: [Scheduler] Winner: South  | Score: 15.00 | Green: 35s | Reason: NORMAL
[2026-07-24 21:29:15] [INFO] [TrafficSystem.FairnessManager]: [Fairness Updated] Green: 'South' (Reset to 0). Waiting cycles: {'North': 1, 'South': 0, 'East': 3, 'West': 2}
[2026-07-24 21:29:15] [INFO] [TrafficSystem.SignalController]: [ESP32 Hardware Command #134] GREEN -> 'South' (35s) | Reason: NORMAL
[2026-07-24 21:29:15] [INFO] [TrafficSystem.PriorityCalculator]: [Rank #1] Lane: North  | PCE: 0.00  | Queue: 0.00  | Congestion: 0.00  | Total: 0.00
[2026-07-24 21:29:15] [INFO] [TrafficSystem.PriorityCalculator]: [Rank #2] Lane: South  | PCE: 0.00  | Queue: 0.00  | Congestion: 0.00  | Total: 0.00
[2026-07-24 21:29:15] [INFO] [TrafficSystem.PriorityCalculator]: [Rank #3] Lane: East   | PCE: 0.00  | Queue: 0.00  | Congestion: 0.00  | Total: 0.00
[2026-07-24 21:29:15] [INFO] [TrafficSystem.PriorityCalculator]: [Rank #4] Lane: West   | PCE: 0.00  | Queue: 0.00  | Congestion: 0.00  | Total: 0.00
[2026-07-24 21:29:15] [INFO] [TrafficSystem.FairnessManager]: [Fairness] Lane: East   | Base Score: 0.00 | Wait Cycles: 3 | Bonus: +15.00 | Adjusted: 15.00
[2026-07-24 21:29:15] [INFO] [TrafficSystem.FairnessManager]: [Fairness] Lane: West   | Base Score: 0.00 | Wait Cycles: 2 | Bonus: +10.00 | Adjusted: 10.00
[2026-07-24 21:29:15] [INFO] [TrafficSystem.FairnessManager]: [Fairness] Lane: North  | Base Score: 0.00 | Wait Cycles: 1 | Bonus: +5.00 | Adjusted: 5.00
[2026-07-24 21:29:15] [INFO] [TrafficSystem.SignalScheduler]: [Scheduler] Winner: East   | Score: 15.00 | Green: 35s | Reason: NORMAL
[2026-07-24 21:29:15] [INFO] [TrafficSystem.FairnessManager]: [Fairness Updated] Green: 'East' (Reset to 0). Waiting cycles: {'North': 2, 'South': 1, 'East': 0, 'West': 3}
[2026-07-24 21:29:15] [INFO] [TrafficSystem.SignalController]: [ESP32 Hardware Command #135] GREEN -> 'East' (35s) | Reason: NORMAL
[2026-07-24 21:29:15] [INFO] [TrafficSystem.PriorityCalculator]: [Rank #1] Lane: North  | PCE: 0.00  | Queue: 0.00  | Congestion: 0.00  | Total: 0.00
[2026-07-24 21:29:15] [INFO] [TrafficSystem.PriorityCalculator]: [Rank #2] Lane: South  | PCE: 0.00  | Queue: 0.00  | Congestion: 0.00  | Total: 0.00
[2026-07-24 21:29:15] [INFO] [TrafficSystem.PriorityCalculator]: [Rank #3] Lane: East   | PCE: 0.00  | Queue: 0.00  | Congestion: 0.00  | Total: 0.00
[2026-07-24 21:29:15] [INFO] [TrafficSystem.PriorityCalculator]: [Rank #4] Lane: West   | PCE: 0.00  | Queue: 0.00  | Congestion: 0.00  | Total: 0.00
[2026-07-24 21:29:15] [INFO] [TrafficSystem.FairnessManager]: [Fairness] Lane: West   | Base Score: 0.00 | Wait Cycles: 3 | Bonus: +15.00 | Adjusted: 15.00
[2026-07-24 21:29:15] [INFO] [TrafficSystem.FairnessManager]: [Fairness] Lane: North  | Base Score: 0.00 | Wait Cycles: 2 | Bonus: +10.00 | Adjusted: 10.00
[2026-07-24 21:29:15] [INFO] [TrafficSystem.FairnessManager]: [Fairness] Lane: South  | Base Score: 0.00 | Wait Cycles: 1 | Bonus: +5.00 | Adjusted: 5.00
[2026-07-24 21:29:15] [INFO] [TrafficSystem.SignalScheduler]: [Scheduler] Winner: West   | Score: 15.00 | Green: 35s | Reason: NORMAL
[2026-07-24 21:29:15] [INFO] [TrafficSystem.FairnessManager]: [Fairness Updated] Green: 'West' (Reset to 0). Waiting cycles: {'North': 3, 'South': 2, 'East': 1, 'West': 0}
[2026-07-24 21:29:15] [INFO] [TrafficSystem.SignalController]: [ESP32 Hardware Command #136] GREEN -> 'West' (35s) | Reason: NORMAL
[2026-07-24 21:29:15] [INFO] [TrafficSystem.PriorityCalculator]: [Rank #1] Lane: North  | PCE: 0.00  | Queue: 0.00  | Congestion: 0.00  | Total: 0.00
[2026-07-24 21:29:15] [INFO] [TrafficSystem.PriorityCalculator]: [Rank #2] Lane: South  | PCE: 0.00  | Queue: 0.00  | Congestion: 0.00  | Total: 0.00
[2026-07-24 21:29:15] [INFO] [TrafficSystem.PriorityCalculator]: [Rank #3] Lane: East   | PCE: 0.00  | Queue: 0.00  | Congestion: 0.00  | Total: 0.00
[2026-07-24 21:29:15] [INFO] [TrafficSystem.PriorityCalculator]: [Rank #4] Lane: West   | PCE: 0.00  | Queue: 0.00  | Congestion: 0.00  | Total: 0.00
[2026-07-24 21:29:15] [INFO] [TrafficSystem.FairnessManager]: [Fairness] Lane: North  | Base Score: 0.00 | Wait Cycles: 3 | Bonus: +15.00 | Adjusted: 15.00
[2026-07-24 21:29:15] [INFO] [TrafficSystem.FairnessManager]: [Fairness] Lane: South  | Base Score: 0.00 | Wait Cycles: 2 | Bonus: +10.00 | Adjusted: 10.00
[2026-07-24 21:29:15] [INFO] [TrafficSystem.FairnessManager]: [Fairness] Lane: East   | Base Score: 0.00 | Wait Cycles: 1 | Bonus: +5.00 | Adjusted: 5.00
[2026-07-24 21:29:15] [INFO] [TrafficSystem.SignalScheduler]: [Scheduler] Winner: North  | Score: 15.00 | Green: 35s | Reason: NORMAL
[2026-07-24 21:29:15] [INFO] [TrafficSystem.FairnessManager]: [Fairness Updated] Green: 'North' (Reset to 0). Waiting cycles: {'North': 0, 'South': 3, 'East': 2, 'West': 1}
[2026-07-24 21:29:15] [INFO] [TrafficSystem.SignalController]: [ESP32 Hardware Command #137] GREEN -> 'North' (35s) | Reason: NORMAL
[2026-07-24 21:29:16] [INFO] [TrafficSystem.PriorityCalculator]: [Rank #1] Lane: North  | PCE: 0.00  | Queue: 0.00  | Congestion: 0.00  | Total: 0.00
[2026-07-24 21:29:16] [INFO] [TrafficSystem.PriorityCalculator]: [Rank #2] Lane: South  | PCE: 0.00  | Queue: 0.00  | Congestion: 0.00  | Total: 0.00
[2026-07-24 21:29:16] [INFO] [TrafficSystem.PriorityCalculator]: [Rank #3] Lane: East   | PCE: 0.00  | Queue: 0.00  | Congestion: 0.00  | Total: 0.00
[2026-07-24 21:29:16] [INFO] [TrafficSystem.PriorityCalculator]: [Rank #4] Lane: West   | PCE: 0.00  | Queue: 0.00  | Congestion: 0.00  | Total: 0.00
[2026-07-24 21:29:16] [INFO] [TrafficSystem.FairnessManager]: [Fairness] Lane: South  | Base Score: 0.00 | Wait Cycles: 3 | Bonus: +15.00 | Adjusted: 15.00
[2026-07-24 21:29:16] [INFO] [TrafficSystem.FairnessManager]: [Fairness] Lane: East   | Base Score: 0.00 | Wait Cycles: 2 | Bonus: +10.00 | Adjusted: 10.00
[2026-07-24 21:29:16] [INFO] [TrafficSystem.FairnessManager]: [Fairness] Lane: West   | Base Score: 0.00 | Wait Cycles: 1 | Bonus: +5.00 | Adjusted: 5.00
[2026-07-24 21:29:16] [INFO] [TrafficSystem.SignalScheduler]: [Scheduler] Winner: South  | Score: 15.00 | Green: 35s | Reason: NORMAL
[2026-07-24 21:29:16] [INFO] [TrafficSystem.FairnessManager]: [Fairness Updated] Green: 'South' (Reset to 0). Waiting cycles: {'North': 1, 'South': 0, 'East': 3, 'West': 2}
[2026-07-24 21:29:16] [INFO] [TrafficSystem.SignalController]: [ESP32 Hardware Command #138] GREEN -> 'South' (35s) | Reason: NORMAL
[2026-07-24 21:29:16] [INFO] [TrafficSystem.PriorityCalculator]: [Rank #1] Lane: North  | PCE: 0.00  | Queue: 0.00  | Congestion: 0.00  | Total: 0.00
[2026-07-24 21:29:16] [INFO] [TrafficSystem.PriorityCalculator]: [Rank #2] Lane: South  | PCE: 0.00  | Queue: 0.00  | Congestion: 0.00  | Total: 0.00
[2026-07-24 21:29:16] [INFO] [TrafficSystem.PriorityCalculator]: [Rank #3] Lane: East   | PCE: 0.00  | Queue: 0.00  | Congestion: 0.00  | Total: 0.00
[2026-07-24 21:29:16] [INFO] [TrafficSystem.PriorityCalculator]: [Rank #4] Lane: West   | PCE: 0.00  | Queue: 0.00  | Congestion: 0.00  | Total: 0.00
[2026-07-24 21:29:16] [INFO] [TrafficSystem.FairnessManager]: [Fairness] Lane: East   | Base Score: 0.00 | Wait Cycles: 3 | Bonus: +15.00 | Adjusted: 15.00
[2026-07-24 21:29:16] [INFO] [TrafficSystem.FairnessManager]: [Fairness] Lane: West   | Base Score: 0.00 | Wait Cycles: 2 | Bonus: +10.00 | Adjusted: 10.00
[2026-07-24 21:29:16] [INFO] [TrafficSystem.FairnessManager]: [Fairness] Lane: North  | Base Score: 0.00 | Wait Cycles: 1 | Bonus: +5.00 | Adjusted: 5.00
[2026-07-24 21:29:16] [INFO] [TrafficSystem.SignalScheduler]: [Scheduler] Winner: East   | Score: 15.00 | Green: 35s | Reason: NORMAL
[2026-07-24 21:29:16] [INFO] [TrafficSystem.FairnessManager]: [Fairness Updated] Green: 'East' (Reset to 0). Waiting cycles: {'North': 2, 'South': 1, 'East': 0, 'West': 3}
[2026-07-24 21:29:16] [INFO] [TrafficSystem.SignalController]: [ESP32 Hardware Command #139] GREEN -> 'East' (35s) | Reason: NORMAL
[2026-07-24 21:29:16] [INFO] [TrafficSystem.PriorityCalculator]: [Rank #1] Lane: North  | PCE: 0.00  | Queue: 0.00  | Congestion: 0.00  | Total: 0.00
[2026-07-24 21:29:16] [INFO] [TrafficSystem.PriorityCalculator]: [Rank #2] Lane: South  | PCE: 0.00  | Queue: 0.00  | Congestion: 0.00  | Total: 0.00
[2026-07-24 21:29:16] [INFO] [TrafficSystem.PriorityCalculator]: [Rank #3] Lane: East   | PCE: 0.00  | Queue: 0.00  | Congestion: 0.00  | Total: 0.00
[2026-07-24 21:29:16] [INFO] [TrafficSystem.PriorityCalculator]: [Rank #4] Lane: West   | PCE: 0.00  | Queue: 0.00  | Congestion: 0.00  | Total: 0.00
[2026-07-24 21:29:16] [INFO] [TrafficSystem.FairnessManager]: [Fairness] Lane: West   | Base Score: 0.00 | Wait Cycles: 3 | Bonus: +15.00 | Adjusted: 15.00
[2026-07-24 21:29:16] [INFO] [TrafficSystem.FairnessManager]: [Fairness] Lane: North  | Base Score: 0.00 | Wait Cycles: 2 | Bonus: +10.00 | Adjusted: 10.00
[2026-07-24 21:29:16] [INFO] [TrafficSystem.FairnessManager]: [Fairness] Lane: South  | Base Score: 0.00 | Wait Cycles: 1 | Bonus: +5.00 | Adjusted: 5.00
[2026-07-24 21:29:16] [INFO] [TrafficSystem.SignalScheduler]: [Scheduler] Winner: West   | Score: 15.00 | Green: 35s | Reason: NORMAL
[2026-07-24 21:29:16] [INFO] [TrafficSystem.FairnessManager]: [Fairness Updated] Green: 'West' (Reset to 0). Waiting cycles: {'North': 3, 'South': 2, 'East': 1, 'West': 0}
[2026-07-24 21:29:16] [INFO] [TrafficSystem.SignalController]: [ESP32 Hardware Command #140] GREEN -> 'West' (35s) | Reason: NORMAL
[2026-07-24 21:29:16] [INFO] [TrafficSystem.PriorityCalculator]: [Rank #1] Lane: North  | PCE: 0.00  | Queue: 0.00  | Congestion: 0.00  | Total: 0.00
[2026-07-24 21:29:16] [INFO] [TrafficSystem.PriorityCalculator]: [Rank #2] Lane: South  | PCE: 0.00  | Queue: 0.00  | Congestion: 0.00  | Total: 0.00
[2026-07-24 21:29:16] [INFO] [TrafficSystem.PriorityCalculator]: [Rank #3] Lane: East   | PCE: 0.00  | Queue: 0.00  | Congestion: 0.00  | Total: 0.00
[2026-07-24 21:29:16] [INFO] [TrafficSystem.PriorityCalculator]: [Rank #4] Lane: West   | PCE: 0.00  | Queue: 0.00  | Congestion: 0.00  | Total: 0.00
[2026-07-24 21:29:16] [INFO] [TrafficSystem.FairnessManager]: [Fairness] Lane: North  | Base Score: 0.00 | Wait Cycles: 3 | Bonus: +15.00 | Adjusted: 15.00
[2026-07-24 21:29:16] [INFO] [TrafficSystem.FairnessManager]: [Fairness] Lane: South  | Base Score: 0.00 | Wait Cycles: 2 | Bonus: +10.00 | Adjusted: 10.00
[2026-07-24 21:29:16] [INFO] [TrafficSystem.FairnessManager]: [Fairness] Lane: East   | Base Score: 0.00 | Wait Cycles: 1 | Bonus: +5.00 | Adjusted: 5.00
[2026-07-24 21:29:16] [INFO] [TrafficSystem.SignalScheduler]: [Scheduler] Winner: North  | Score: 15.00 | Green: 35s | Reason: NORMAL
[2026-07-24 21:29:16] [INFO] [TrafficSystem.FairnessManager]: [Fairness Updated] Green: 'North' (Reset to 0). Waiting cycles: {'North': 0, 'South': 3, 'East': 2, 'West': 1}
[2026-07-24 21:29:16] [INFO] [TrafficSystem.SignalController]: [ESP32 Hardware Command #141] GREEN -> 'North' (35s) | Reason: NORMAL
[2026-07-24 21:29:16] [INFO] [TrafficSystem.PriorityCalculator]: [Rank #1] Lane: North  | PCE: 0.00  | Queue: 0.00  | Congestion: 0.00  | Total: 0.00
[2026-07-24 21:29:16] [INFO] [TrafficSystem.PriorityCalculator]: [Rank #2] Lane: South  | PCE: 0.00  | Queue: 0.00  | Congestion: 0.00  | Total: 0.00
[2026-07-24 21:29:16] [INFO] [TrafficSystem.PriorityCalculator]: [Rank #3] Lane: East   | PCE: 0.00  | Queue: 0.00  | Congestion: 0.00  | Total: 0.00
[2026-07-24 21:29:16] [INFO] [TrafficSystem.PriorityCalculator]: [Rank #4] Lane: West   | PCE: 0.00  | Queue: 0.00  | Congestion: 0.00  | Total: 0.00
[2026-07-24 21:29:16] [INFO] [TrafficSystem.FairnessManager]: [Fairness] Lane: South  | Base Score: 0.00 | Wait Cycles: 3 | Bonus: +15.00 | Adjusted: 15.00
[2026-07-24 21:29:16] [INFO] [TrafficSystem.FairnessManager]: [Fairness] Lane: East   | Base Score: 0.00 | Wait Cycles: 2 | Bonus: +10.00 | Adjusted: 10.00
[2026-07-24 21:29:16] [INFO] [TrafficSystem.FairnessManager]: [Fairness] Lane: West   | Base Score: 0.00 | Wait Cycles: 1 | Bonus: +5.00 | Adjusted: 5.00
[2026-07-24 21:29:16] [INFO] [TrafficSystem.SignalScheduler]: [Scheduler] Winner: South  | Score: 15.00 | Green: 35s | Reason: NORMAL
[2026-07-24 21:29:16] [INFO] [TrafficSystem.FairnessManager]: [Fairness Updated] Green: 'South' (Reset to 0). Waiting cycles: {'North': 1, 'South': 0, 'East': 3, 'West': 2}
[2026-07-24 21:29:16] [INFO] [TrafficSystem.SignalController]: [ESP32 Hardware Command #142] GREEN -> 'South' (35s) | Reason: NORMAL
[2026-07-24 21:29:16] [INFO] [TrafficSystem.PriorityCalculator]: [Rank #1] Lane: North  | PCE: 0.00  | Queue: 0.00  | Congestion: 0.00  | Total: 0.00
[2026-07-24 21:29:16] [INFO] [TrafficSystem.PriorityCalculator]: [Rank #2] Lane: South  | PCE: 0.00  | Queue: 0.00  | Congestion: 0.00  | Total: 0.00
[2026-07-24 21:29:16] [INFO] [TrafficSystem.PriorityCalculator]: [Rank #3] Lane: East   | PCE: 0.00  | Queue: 0.00  | Congestion: 0.00  | Total: 0.00
[2026-07-24 21:29:16] [INFO] [TrafficSystem.PriorityCalculator]: [Rank #4] Lane: West   | PCE: 0.00  | Queue: 0.00  | Congestion: 0.00  | Total: 0.00
[2026-07-24 21:29:16] [INFO] [TrafficSystem.FairnessManager]: [Fairness] Lane: East   | Base Score: 0.00 | Wait Cycles: 3 | Bonus: +15.00 | Adjusted: 15.00
[2026-07-24 21:29:16] [INFO] [TrafficSystem.FairnessManager]: [Fairness] Lane: West   | Base Score: 0.00 | Wait Cycles: 2 | Bonus: +10.00 | Adjusted: 10.00
[2026-07-24 21:29:16] [INFO] [TrafficSystem.FairnessManager]: [Fairness] Lane: North  | Base Score: 0.00 | Wait Cycles: 1 | Bonus: +5.00 | Adjusted: 5.00
[2026-07-24 21:29:16] [INFO] [TrafficSystem.SignalScheduler]: [Scheduler] Winner: East   | Score: 15.00 | Green: 35s | Reason: NORMAL
[2026-07-24 21:29:16] [INFO] [TrafficSystem.FairnessManager]: [Fairness Updated] Green: 'East' (Reset to 0). Waiting cycles: {'North': 2, 'South': 1, 'East': 0, 'West': 3}
[2026-07-24 21:29:16] [INFO] [TrafficSystem.SignalController]: [ESP32 Hardware Command #143] GREEN -> 'East' (35s) | Reason: NORMAL
[2026-07-24 21:29:16] [INFO] [TrafficSystem.PriorityCalculator]: [Rank #1] Lane: North  | PCE: 0.00  | Queue: 0.00  | Congestion: 0.00  | Total: 0.00
[2026-07-24 21:29:16] [INFO] [TrafficSystem.PriorityCalculator]: [Rank #2] Lane: South  | PCE: 0.00  | Queue: 0.00  | Congestion: 0.00  | Total: 0.00
[2026-07-24 21:29:16] [INFO] [TrafficSystem.PriorityCalculator]: [Rank #3] Lane: East   | PCE: 0.00  | Queue: 0.00  | Congestion: 0.00  | Total: 0.00
[2026-07-24 21:29:16] [INFO] [TrafficSystem.PriorityCalculator]: [Rank #4] Lane: West   | PCE: 0.00  | Queue: 0.00  | Congestion: 0.00  | Total: 0.00
[2026-07-24 21:29:16] [INFO] [TrafficSystem.FairnessManager]: [Fairness] Lane: West   | Base Score: 0.00 | Wait Cycles: 3 | Bonus: +15.00 | Adjusted: 15.00
[2026-07-24 21:29:16] [INFO] [TrafficSystem.FairnessManager]: [Fairness] Lane: North  | Base Score: 0.00 | Wait Cycles: 2 | Bonus: +10.00 | Adjusted: 10.00
[2026-07-24 21:29:16] [INFO] [TrafficSystem.FairnessManager]: [Fairness] Lane: South  | Base Score: 0.00 | Wait Cycles: 1 | Bonus: +5.00 | Adjusted: 5.00
[2026-07-24 21:29:16] [INFO] [TrafficSystem.SignalScheduler]: [Scheduler] Winner: West   | Score: 15.00 | Green: 35s | Reason: NORMAL
[2026-07-24 21:29:16] [INFO] [TrafficSystem.FairnessManager]: [Fairness Updated] Green: 'West' (Reset to 0). Waiting cycles: {'North': 3, 'South': 2, 'East': 1, 'West': 0}
[2026-07-24 21:29:16] [INFO] [TrafficSystem.SignalController]: [ESP32 Hardware Command #144] GREEN -> 'West' (35s) | Reason: NORMAL
[2026-07-24 21:29:16] [INFO] [TrafficSystem.PriorityCalculator]: [Rank #1] Lane: North  | PCE: 0.00  | Queue: 0.00  | Congestion: 0.00  | Total: 0.00
[2026-07-24 21:29:16] [INFO] [TrafficSystem.PriorityCalculator]: [Rank #2] Lane: South  | PCE: 0.00  | Queue: 0.00  | Congestion: 0.00  | Total: 0.00
[2026-07-24 21:29:16] [INFO] [TrafficSystem.PriorityCalculator]: [Rank #3] Lane: East   | PCE: 0.00  | Queue: 0.00  | Congestion: 0.00  | Total: 0.00
[2026-07-24 21:29:16] [INFO] [TrafficSystem.PriorityCalculator]: [Rank #4] Lane: West   | PCE: 0.00  | Queue: 0.00  | Congestion: 0.00  | Total: 0.00
[2026-07-24 21:29:16] [INFO] [TrafficSystem.FairnessManager]: [Fairness] Lane: North  | Base Score: 0.00 | Wait Cycles: 3 | Bonus: +15.00 | Adjusted: 15.00
[2026-07-24 21:29:16] [INFO] [TrafficSystem.FairnessManager]: [Fairness] Lane: South  | Base Score: 0.00 | Wait Cycles: 2 | Bonus: +10.00 | Adjusted: 10.00
[2026-07-24 21:29:16] [INFO] [TrafficSystem.FairnessManager]: [Fairness] Lane: East   | Base Score: 0.00 | Wait Cycles: 1 | Bonus: +5.00 | Adjusted: 5.00
[2026-07-24 21:29:16] [INFO] [TrafficSystem.SignalScheduler]: [Scheduler] Winner: North  | Score: 15.00 | Green: 35s | Reason: NORMAL
[2026-07-24 21:29:16] [INFO] [TrafficSystem.FairnessManager]: [Fairness Updated] Green: 'North' (Reset to 0). Waiting cycles: {'North': 0, 'South': 3, 'East': 2, 'West': 1}
[2026-07-24 21:29:16] [INFO] [TrafficSystem.SignalController]: [ESP32 Hardware Command #145] GREEN -> 'North' (35s) | Reason: NORMAL
[2026-07-24 21:29:16] [INFO] [TrafficSystem.PriorityCalculator]: [Rank #1] Lane: North  | PCE: 0.00  | Queue: 0.00  | Congestion: 0.00  | Total: 0.00
[2026-07-24 21:29:16] [INFO] [TrafficSystem.PriorityCalculator]: [Rank #2] Lane: South  | PCE: 0.00  | Queue: 0.00  | Congestion: 0.00  | Total: 0.00
[2026-07-24 21:29:16] [INFO] [TrafficSystem.PriorityCalculator]: [Rank #3] Lane: East   | PCE: 0.00  | Queue: 0.00  | Congestion: 0.00  | Total: 0.00
[2026-07-24 21:29:16] [INFO] [TrafficSystem.PriorityCalculator]: [Rank #4] Lane: West   | PCE: 0.00  | Queue: 0.00  | Congestion: 0.00  | Total: 0.00
[2026-07-24 21:29:16] [INFO] [TrafficSystem.FairnessManager]: [Fairness] Lane: South  | Base Score: 0.00 | Wait Cycles: 3 | Bonus: +15.00 | Adjusted: 15.00
[2026-07-24 21:29:16] [INFO] [TrafficSystem.FairnessManager]: [Fairness] Lane: East   | Base Score: 0.00 | Wait Cycles: 2 | Bonus: +10.00 | Adjusted: 10.00
[2026-07-24 21:29:16] [INFO] [TrafficSystem.FairnessManager]: [Fairness] Lane: West   | Base Score: 0.00 | Wait Cycles: 1 | Bonus: +5.00 | Adjusted: 5.00
[2026-07-24 21:29:16] [INFO] [TrafficSystem.SignalScheduler]: [Scheduler] Winner: South  | Score: 15.00 | Green: 35s | Reason: NORMAL
[2026-07-24 21:29:16] [INFO] [TrafficSystem.FairnessManager]: [Fairness Updated] Green: 'South' (Reset to 0). Waiting cycles: {'North': 1, 'South': 0, 'East': 3, 'West': 2}
[2026-07-24 21:29:16] [INFO] [TrafficSystem.SignalController]: [ESP32 Hardware Command #146] GREEN -> 'South' (35s) | Reason: NORMAL
[2026-07-24 21:29:16] [INFO] [TrafficSystem.PriorityCalculator]: [Rank #1] Lane: North  | PCE: 0.00  | Queue: 0.00  | Congestion: 0.00  | Total: 0.00
[2026-07-24 21:29:16] [INFO] [TrafficSystem.PriorityCalculator]: [Rank #2] Lane: South  | PCE: 0.00  | Queue: 0.00  | Congestion: 0.00  | Total: 0.00
[2026-07-24 21:29:16] [INFO] [TrafficSystem.PriorityCalculator]: [Rank #3] Lane: East   | PCE: 0.00  | Queue: 0.00  | Congestion: 0.00  | Total: 0.00
[2026-07-24 21:29:16] [INFO] [TrafficSystem.PriorityCalculator]: [Rank #4] Lane: West   | PCE: 0.00  | Queue: 0.00  | Congestion: 0.00  | Total: 0.00
[2026-07-24 21:29:16] [INFO] [TrafficSystem.FairnessManager]: [Fairness] Lane: East   | Base Score: 0.00 | Wait Cycles: 3 | Bonus: +15.00 | Adjusted: 15.00
[2026-07-24 21:29:16] [INFO] [TrafficSystem.FairnessManager]: [Fairness] Lane: West   | Base Score: 0.00 | Wait Cycles: 2 | Bonus: +10.00 | Adjusted: 10.00
[2026-07-24 21:29:16] [INFO] [TrafficSystem.FairnessManager]: [Fairness] Lane: North  | Base Score: 0.00 | Wait Cycles: 1 | Bonus: +5.00 | Adjusted: 5.00
[2026-07-24 21:29:16] [INFO] [TrafficSystem.SignalScheduler]: [Scheduler] Winner: East   | Score: 15.00 | Green: 35s | Reason: NORMAL
[2026-07-24 21:29:16] [INFO] [TrafficSystem.FairnessManager]: [Fairness Updated] Green: 'East' (Reset to 0). Waiting cycles: {'North': 2, 'South': 1, 'East': 0, 'West': 3}
[2026-07-24 21:29:16] [INFO] [TrafficSystem.SignalController]: [ESP32 Hardware Command #147] GREEN -> 'East' (35s) | Reason: NORMAL
[2026-07-24 21:29:17] [INFO] [TrafficSystem.PriorityCalculator]: [Rank #1] Lane: North  | PCE: 0.00  | Queue: 0.00  | Congestion: 0.00  | Total: 0.00
[2026-07-24 21:29:17] [INFO] [TrafficSystem.PriorityCalculator]: [Rank #2] Lane: South  | PCE: 0.00  | Queue: 0.00  | Congestion: 0.00  | Total: 0.00
[2026-07-24 21:29:17] [INFO] [TrafficSystem.PriorityCalculator]: [Rank #3] Lane: East   | PCE: 0.00  | Queue: 0.00  | Congestion: 0.00  | Total: 0.00
[2026-07-24 21:29:17] [INFO] [TrafficSystem.PriorityCalculator]: [Rank #4] Lane: West   | PCE: 0.00  | Queue: 0.00  | Congestion: 0.00  | Total: 0.00
[2026-07-24 21:29:17] [INFO] [TrafficSystem.FairnessManager]: [Fairness] Lane: West   | Base Score: 0.00 | Wait Cycles: 3 | Bonus: +15.00 | Adjusted: 15.00
[2026-07-24 21:29:17] [INFO] [TrafficSystem.FairnessManager]: [Fairness] Lane: North  | Base Score: 0.00 | Wait Cycles: 2 | Bonus: +10.00 | Adjusted: 10.00
[2026-07-24 21:29:17] [INFO] [TrafficSystem.FairnessManager]: [Fairness] Lane: South  | Base Score: 0.00 | Wait Cycles: 1 | Bonus: +5.00 | Adjusted: 5.00
[2026-07-24 21:29:17] [INFO] [TrafficSystem.SignalScheduler]: [Scheduler] Winner: West   | Score: 15.00 | Green: 35s | Reason: NORMAL
[2026-07-24 21:29:17] [INFO] [TrafficSystem.FairnessManager]: [Fairness Updated] Green: 'West' (Reset to 0). Waiting cycles: {'North': 3, 'South': 2, 'East': 1, 'West': 0}
[2026-07-24 21:29:17] [INFO] [TrafficSystem.SignalController]: [ESP32 Hardware Command #148] GREEN -> 'West' (35s) | Reason: NORMAL
[2026-07-24 21:29:17] [INFO] [TrafficSystem.PriorityCalculator]: [Rank #1] Lane: North  | PCE: 0.00  | Queue: 0.00  | Congestion: 0.00  | Total: 0.00
[2026-07-24 21:29:17] [INFO] [TrafficSystem.PriorityCalculator]: [Rank #2] Lane: South  | PCE: 0.00  | Queue: 0.00  | Congestion: 0.00  | Total: 0.00
[2026-07-24 21:29:17] [INFO] [TrafficSystem.PriorityCalculator]: [Rank #3] Lane: East   | PCE: 0.00  | Queue: 0.00  | Congestion: 0.00  | Total: 0.00
[2026-07-24 21:29:17] [INFO] [TrafficSystem.PriorityCalculator]: [Rank #4] Lane: West   | PCE: 0.00  | Queue: 0.00  | Congestion: 0.00  | Total: 0.00
[2026-07-24 21:29:17] [INFO] [TrafficSystem.FairnessManager]: [Fairness] Lane: North  | Base Score: 0.00 | Wait Cycles: 3 | Bonus: +15.00 | Adjusted: 15.00
[2026-07-24 21:29:17] [INFO] [TrafficSystem.FairnessManager]: [Fairness] Lane: South  | Base Score: 0.00 | Wait Cycles: 2 | Bonus: +10.00 | Adjusted: 10.00
[2026-07-24 21:29:17] [INFO] [TrafficSystem.FairnessManager]: [Fairness] Lane: East   | Base Score: 0.00 | Wait Cycles: 1 | Bonus: +5.00 | Adjusted: 5.00
[2026-07-24 21:29:17] [INFO] [TrafficSystem.SignalScheduler]: [Scheduler] Winner: North  | Score: 15.00 | Green: 35s | Reason: NORMAL
[2026-07-24 21:29:17] [INFO] [TrafficSystem.FairnessManager]: [Fairness Updated] Green: 'North' (Reset to 0). Waiting cycles: {'North': 0, 'South': 3, 'East': 2, 'West': 1}
[2026-07-24 21:29:17] [INFO] [TrafficSystem.SignalController]: [ESP32 Hardware Command #149] GREEN -> 'North' (35s) | Reason: NORMAL
[2026-07-24 21:29:17] [INFO] [TrafficSystem.PriorityCalculator]: [Rank #1] Lane: North  | PCE: 0.00  | Queue: 0.00  | Congestion: 0.00  | Total: 0.00
[2026-07-24 21:29:17] [INFO] [TrafficSystem.PriorityCalculator]: [Rank #2] Lane: South  | PCE: 0.00  | Queue: 0.00  | Congestion: 0.00  | Total: 0.00
[2026-07-24 21:29:17] [INFO] [TrafficSystem.PriorityCalculator]: [Rank #3] Lane: East   | PCE: 0.00  | Queue: 0.00  | Congestion: 0.00  | Total: 0.00
[2026-07-24 21:29:17] [INFO] [TrafficSystem.PriorityCalculator]: [Rank #4] Lane: West   | PCE: 0.00  | Queue: 0.00  | Congestion: 0.00  | Total: 0.00
[2026-07-24 21:29:17] [INFO] [TrafficSystem.FairnessManager]: [Fairness] Lane: South  | Base Score: 0.00 | Wait Cycles: 3 | Bonus: +15.00 | Adjusted: 15.00
[2026-07-24 21:29:17] [INFO] [TrafficSystem.FairnessManager]: [Fairness] Lane: East   | Base Score: 0.00 | Wait Cycles: 2 | Bonus: +10.00 | Adjusted: 10.00
[2026-07-24 21:29:17] [INFO] [TrafficSystem.FairnessManager]: [Fairness] Lane: West   | Base Score: 0.00 | Wait Cycles: 1 | Bonus: +5.00 | Adjusted: 5.00
[2026-07-24 21:29:17] [INFO] [TrafficSystem.SignalScheduler]: [Scheduler] Winner: South  | Score: 15.00 | Green: 35s | Reason: NORMAL
[2026-07-24 21:29:17] [INFO] [TrafficSystem.FairnessManager]: [Fairness Updated] Green: 'South' (Reset to 0). Waiting cycles: {'North': 1, 'South': 0, 'East': 3, 'West': 2}
[2026-07-24 21:29:17] [INFO] [TrafficSystem.SignalController]: [ESP32 Hardware Command #150] GREEN -> 'South' (35s) | Reason: NORMAL
[2026-07-24 21:29:17] [INFO] [TrafficSystem.PriorityCalculator]: [Rank #1] Lane: North  | PCE: 0.00  | Queue: 0.00  | Congestion: 0.00  | Total: 0.00
[2026-07-24 21:29:17] [INFO] [TrafficSystem.PriorityCalculator]: [Rank #2] Lane: South  | PCE: 0.00  | Queue: 0.00  | Congestion: 0.00  | Total: 0.00
[2026-07-24 21:29:17] [INFO] [TrafficSystem.PriorityCalculator]: [Rank #3] Lane: East   | PCE: 0.00  | Queue: 0.00  | Congestion: 0.00  | Total: 0.00
[2026-07-24 21:29:17] [INFO] [TrafficSystem.PriorityCalculator]: [Rank #4] Lane: West   | PCE: 0.00  | Queue: 0.00  | Congestion: 0.00  | Total: 0.00
[2026-07-24 21:29:17] [INFO] [TrafficSystem.FairnessManager]: [Fairness] Lane: East   | Base Score: 0.00 | Wait Cycles: 3 | Bonus: +15.00 | Adjusted: 15.00
[2026-07-24 21:29:17] [INFO] [TrafficSystem.FairnessManager]: [Fairness] Lane: West   | Base Score: 0.00 | Wait Cycles: 2 | Bonus: +10.00 | Adjusted: 10.00
[2026-07-24 21:29:17] [INFO] [TrafficSystem.FairnessManager]: [Fairness] Lane: North  | Base Score: 0.00 | Wait Cycles: 1 | Bonus: +5.00 | Adjusted: 5.00
[2026-07-24 21:29:17] [INFO] [TrafficSystem.SignalScheduler]: [Scheduler] Winner: East   | Score: 15.00 | Green: 35s | Reason: NORMAL
[2026-07-24 21:29:17] [INFO] [TrafficSystem.FairnessManager]: [Fairness Updated] Green: 'East' (Reset to 0). Waiting cycles: {'North': 2, 'South': 1, 'East': 0, 'West': 3}
[2026-07-24 21:29:17] [INFO] [TrafficSystem.SignalController]: [ESP32 Hardware Command #151] GREEN -> 'East' (35s) | Reason: NORMAL
[2026-07-24 21:29:17] [INFO] [TrafficSystem.PriorityCalculator]: [Rank #1] Lane: North  | PCE: 0.00  | Queue: 0.00  | Congestion: 0.00  | Total: 0.00
[2026-07-24 21:29:17] [INFO] [TrafficSystem.PriorityCalculator]: [Rank #2] Lane: South  | PCE: 0.00  | Queue: 0.00  | Congestion: 0.00  | Total: 0.00
[2026-07-24 21:29:17] [INFO] [TrafficSystem.PriorityCalculator]: [Rank #3] Lane: East   | PCE: 0.00  | Queue: 0.00  | Congestion: 0.00  | Total: 0.00
[2026-07-24 21:29:17] [INFO] [TrafficSystem.PriorityCalculator]: [Rank #4] Lane: West   | PCE: 0.00  | Queue: 0.00  | Congestion: 0.00  | Total: 0.00
[2026-07-24 21:29:17] [INFO] [TrafficSystem.FairnessManager]: [Fairness] Lane: West   | Base Score: 0.00 | Wait Cycles: 3 | Bonus: +15.00 | Adjusted: 15.00
[2026-07-24 21:29:17] [INFO] [TrafficSystem.FairnessManager]: [Fairness] Lane: North  | Base Score: 0.00 | Wait Cycles: 2 | Bonus: +10.00 | Adjusted: 10.00
[2026-07-24 21:29:17] [INFO] [TrafficSystem.FairnessManager]: [Fairness] Lane: South  | Base Score: 0.00 | Wait Cycles: 1 | Bonus: +5.00 | Adjusted: 5.00
[2026-07-24 21:29:17] [INFO] [TrafficSystem.SignalScheduler]: [Scheduler] Winner: West   | Score: 15.00 | Green: 35s | Reason: NORMAL
[2026-07-24 21:29:17] [INFO] [TrafficSystem.FairnessManager]: [Fairness Updated] Green: 'West' (Reset to 0). Waiting cycles: {'North': 3, 'South': 2, 'East': 1, 'West': 0}
[2026-07-24 21:29:17] [INFO] [TrafficSystem.SignalController]: [ESP32 Hardware Command #152] GREEN -> 'West' (35s) | Reason: NORMAL
[2026-07-24 21:29:17] [INFO] [TrafficSystem.PriorityCalculator]: [Rank #1] Lane: North  | PCE: 0.00  | Queue: 0.00  | Congestion: 0.00  | Total: 0.00
[2026-07-24 21:29:17] [INFO] [TrafficSystem.PriorityCalculator]: [Rank #2] Lane: South  | PCE: 0.00  | Queue: 0.00  | Congestion: 0.00  | Total: 0.00
[2026-07-24 21:29:17] [INFO] [TrafficSystem.PriorityCalculator]: [Rank #3] Lane: East   | PCE: 0.00  | Queue: 0.00  | Congestion: 0.00  | Total: 0.00
[2026-07-24 21:29:17] [INFO] [TrafficSystem.PriorityCalculator]: [Rank #4] Lane: West   | PCE: 0.00  | Queue: 0.00  | Congestion: 0.00  | Total: 0.00
[2026-07-24 21:29:17] [INFO] [TrafficSystem.FairnessManager]: [Fairness] Lane: North  | Base Score: 0.00 | Wait Cycles: 3 | Bonus: +15.00 | Adjusted: 15.00
[2026-07-24 21:29:17] [INFO] [TrafficSystem.FairnessManager]: [Fairness] Lane: South  | Base Score: 0.00 | Wait Cycles: 2 | Bonus: +10.00 | Adjusted: 10.00
[2026-07-24 21:29:17] [INFO] [TrafficSystem.FairnessManager]: [Fairness] Lane: East   | Base Score: 0.00 | Wait Cycles: 1 | Bonus: +5.00 | Adjusted: 5.00
[2026-07-24 21:29:17] [INFO] [TrafficSystem.SignalScheduler]: [Scheduler] Winner: North  | Score: 15.00 | Green: 35s | Reason: NORMAL
[2026-07-24 21:29:17] [INFO] [TrafficSystem.FairnessManager]: [Fairness Updated] Green: 'North' (Reset to 0). Waiting cycles: {'North': 0, 'South': 3, 'East': 2, 'West': 1}
[2026-07-24 21:29:17] [INFO] [TrafficSystem.SignalController]: [ESP32 Hardware Command #153] GREEN -> 'North' (35s) | Reason: NORMAL
[2026-07-24 21:29:17] [INFO] [TrafficSystem.PriorityCalculator]: [Rank #1] Lane: North  | PCE: 0.00  | Queue: 0.00  | Congestion: 0.00  | Total: 0.00
[2026-07-24 21:29:17] [INFO] [TrafficSystem.PriorityCalculator]: [Rank #2] Lane: South  | PCE: 0.00  | Queue: 0.00  | Congestion: 0.00  | Total: 0.00
[2026-07-24 21:29:17] [INFO] [TrafficSystem.PriorityCalculator]: [Rank #3] Lane: East   | PCE: 0.00  | Queue: 0.00  | Congestion: 0.00  | Total: 0.00
[2026-07-24 21:29:17] [INFO] [TrafficSystem.PriorityCalculator]: [Rank #4] Lane: West   | PCE: 0.00  | Queue: 0.00  | Congestion: 0.00  | Total: 0.00
[2026-07-24 21:29:17] [INFO] [TrafficSystem.FairnessManager]: [Fairness] Lane: South  | Base Score: 0.00 | Wait Cycles: 3 | Bonus: +15.00 | Adjusted: 15.00
[2026-07-24 21:29:17] [INFO] [TrafficSystem.FairnessManager]: [Fairness] Lane: East   | Base Score: 0.00 | Wait Cycles: 2 | Bonus: +10.00 | Adjusted: 10.00
[2026-07-24 21:29:17] [INFO] [TrafficSystem.FairnessManager]: [Fairness] Lane: West   | Base Score: 0.00 | Wait Cycles: 1 | Bonus: +5.00 | Adjusted: 5.00
[2026-07-24 21:29:17] [INFO] [TrafficSystem.SignalScheduler]: [Scheduler] Winner: South  | Score: 15.00 | Green: 35s | Reason: NORMAL
[2026-07-24 21:29:17] [INFO] [TrafficSystem.FairnessManager]: [Fairness Updated] Green: 'South' (Reset to 0). Waiting cycles: {'North': 1, 'South': 0, 'East': 3, 'West': 2}
[2026-07-24 21:29:17] [INFO] [TrafficSystem.SignalController]: [ESP32 Hardware Command #154] GREEN -> 'South' (35s) | Reason: NORMAL
[2026-07-24 21:29:17] [INFO] [TrafficSystem.PriorityCalculator]: [Rank #1] Lane: North  | PCE: 0.00  | Queue: 0.00  | Congestion: 0.00  | Total: 0.00
[2026-07-24 21:29:17] [INFO] [TrafficSystem.PriorityCalculator]: [Rank #2] Lane: South  | PCE: 0.00  | Queue: 0.00  | Congestion: 0.00  | Total: 0.00
[2026-07-24 21:29:17] [INFO] [TrafficSystem.PriorityCalculator]: [Rank #3] Lane: East   | PCE: 0.00  | Queue: 0.00  | Congestion: 0.00  | Total: 0.00
[2026-07-24 21:29:17] [INFO] [TrafficSystem.PriorityCalculator]: [Rank #4] Lane: West   | PCE: 0.00  | Queue: 0.00  | Congestion: 0.00  | Total: 0.00
[2026-07-24 21:29:17] [INFO] [TrafficSystem.FairnessManager]: [Fairness] Lane: East   | Base Score: 0.00 | Wait Cycles: 3 | Bonus: +15.00 | Adjusted: 15.00
[2026-07-24 21:29:17] [INFO] [TrafficSystem.FairnessManager]: [Fairness] Lane: West   | Base Score: 0.00 | Wait Cycles: 2 | Bonus: +10.00 | Adjusted: 10.00
[2026-07-24 21:29:17] [INFO] [TrafficSystem.FairnessManager]: [Fairness] Lane: North  | Base Score: 0.00 | Wait Cycles: 1 | Bonus: +5.00 | Adjusted: 5.00
[2026-07-24 21:29:17] [INFO] [TrafficSystem.SignalScheduler]: [Scheduler] Winner: East   | Score: 15.00 | Green: 35s | Reason: NORMAL
[2026-07-24 21:29:17] [INFO] [TrafficSystem.FairnessManager]: [Fairness Updated] Green: 'East' (Reset to 0). Waiting cycles: {'North': 2, 'South': 1, 'East': 0, 'West': 3}
[2026-07-24 21:29:17] [INFO] [TrafficSystem.SignalController]: [ESP32 Hardware Command #155] GREEN -> 'East' (35s) | Reason: NORMAL
[2026-07-24 21:29:17] [INFO] [TrafficSystem.PriorityCalculator]: [Rank #1] Lane: North  | PCE: 0.00  | Queue: 0.00  | Congestion: 0.00  | Total: 0.00
[2026-07-24 21:29:17] [INFO] [TrafficSystem.PriorityCalculator]: [Rank #2] Lane: South  | PCE: 0.00  | Queue: 0.00  | Congestion: 0.00  | Total: 0.00
[2026-07-24 21:29:17] [INFO] [TrafficSystem.PriorityCalculator]: [Rank #3] Lane: East   | PCE: 0.00  | Queue: 0.00  | Congestion: 0.00  | Total: 0.00
[2026-07-24 21:29:17] [INFO] [TrafficSystem.PriorityCalculator]: [Rank #4] Lane: West   | PCE: 0.00  | Queue: 0.00  | Congestion: 0.00  | Total: 0.00
[2026-07-24 21:29:17] [INFO] [TrafficSystem.FairnessManager]: [Fairness] Lane: West   | Base Score: 0.00 | Wait Cycles: 3 | Bonus: +15.00 | Adjusted: 15.00
[2026-07-24 21:29:17] [INFO] [TrafficSystem.FairnessManager]: [Fairness] Lane: North  | Base Score: 0.00 | Wait Cycles: 2 | Bonus: +10.00 | Adjusted: 10.00
[2026-07-24 21:29:17] [INFO] [TrafficSystem.FairnessManager]: [Fairness] Lane: South  | Base Score: 0.00 | Wait Cycles: 1 | Bonus: +5.00 | Adjusted: 5.00
[2026-07-24 21:29:17] [INFO] [TrafficSystem.SignalScheduler]: [Scheduler] Winner: West   | Score: 15.00 | Green: 35s | Reason: NORMAL
[2026-07-24 21:29:17] [INFO] [TrafficSystem.FairnessManager]: [Fairness Updated] Green: 'West' (Reset to 0). Waiting cycles: {'North': 3, 'South': 2, 'East': 1, 'West': 0}
[2026-07-24 21:29:17] [INFO] [TrafficSystem.SignalController]: [ESP32 Hardware Command #156] GREEN -> 'West' (35s) | Reason: NORMAL
[2026-07-24 21:29:18] [INFO] [TrafficSystem.PriorityCalculator]: [Rank #1] Lane: North  | PCE: 0.00  | Queue: 0.00  | Congestion: 0.00  | Total: 0.00
[2026-07-24 21:29:18] [INFO] [TrafficSystem.PriorityCalculator]: [Rank #2] Lane: South  | PCE: 0.00  | Queue: 0.00  | Congestion: 0.00  | Total: 0.00
[2026-07-24 21:29:18] [INFO] [TrafficSystem.PriorityCalculator]: [Rank #3] Lane: East   | PCE: 0.00  | Queue: 0.00  | Congestion: 0.00  | Total: 0.00
[2026-07-24 21:29:18] [INFO] [TrafficSystem.PriorityCalculator]: [Rank #4] Lane: West   | PCE: 0.00  | Queue: 0.00  | Congestion: 0.00  | Total: 0.00
[2026-07-24 21:29:18] [INFO] [TrafficSystem.FairnessManager]: [Fairness] Lane: North  | Base Score: 0.00 | Wait Cycles: 3 | Bonus: +15.00 | Adjusted: 15.00
[2026-07-24 21:29:18] [INFO] [TrafficSystem.FairnessManager]: [Fairness] Lane: South  | Base Score: 0.00 | Wait Cycles: 2 | Bonus: +10.00 | Adjusted: 10.00
[2026-07-24 21:29:18] [INFO] [TrafficSystem.FairnessManager]: [Fairness] Lane: East   | Base Score: 0.00 | Wait Cycles: 1 | Bonus: +5.00 | Adjusted: 5.00
[2026-07-24 21:29:18] [INFO] [TrafficSystem.SignalScheduler]: [Scheduler] Winner: North  | Score: 15.00 | Green: 35s | Reason: NORMAL
[2026-07-24 21:29:18] [INFO] [TrafficSystem.FairnessManager]: [Fairness Updated] Green: 'North' (Reset to 0). Waiting cycles: {'North': 0, 'South': 3, 'East': 2, 'West': 1}
[2026-07-24 21:29:18] [INFO] [TrafficSystem.SignalController]: [ESP32 Hardware Command #157] GREEN -> 'North' (35s) | Reason: NORMAL
[2026-07-24 21:29:18] [INFO] [TrafficSystem.PriorityCalculator]: [Rank #1] Lane: North  | PCE: 0.00  | Queue: 0.00  | Congestion: 0.00  | Total: 0.00
[2026-07-24 21:29:18] [INFO] [TrafficSystem.PriorityCalculator]: [Rank #2] Lane: South  | PCE: 0.00  | Queue: 0.00  | Congestion: 0.00  | Total: 0.00
[2026-07-24 21:29:18] [INFO] [TrafficSystem.PriorityCalculator]: [Rank #3] Lane: East   | PCE: 0.00  | Queue: 0.00  | Congestion: 0.00  | Total: 0.00
[2026-07-24 21:29:18] [INFO] [TrafficSystem.PriorityCalculator]: [Rank #4] Lane: West   | PCE: 0.00  | Queue: 0.00  | Congestion: 0.00  | Total: 0.00
[2026-07-24 21:29:18] [INFO] [TrafficSystem.FairnessManager]: [Fairness] Lane: South  | Base Score: 0.00 | Wait Cycles: 3 | Bonus: +15.00 | Adjusted: 15.00
[2026-07-24 21:29:18] [INFO] [TrafficSystem.FairnessManager]: [Fairness] Lane: East   | Base Score: 0.00 | Wait Cycles: 2 | Bonus: +10.00 | Adjusted: 10.00
[2026-07-24 21:29:18] [INFO] [TrafficSystem.FairnessManager]: [Fairness] Lane: West   | Base Score: 0.00 | Wait Cycles: 1 | Bonus: +5.00 | Adjusted: 5.00
[2026-07-24 21:29:18] [INFO] [TrafficSystem.SignalScheduler]: [Scheduler] Winner: South  | Score: 15.00 | Green: 35s | Reason: NORMAL
[2026-07-24 21:29:18] [INFO] [TrafficSystem.FairnessManager]: [Fairness Updated] Green: 'South' (Reset to 0). Waiting cycles: {'North': 1, 'South': 0, 'East': 3, 'West': 2}
[2026-07-24 21:29:18] [INFO] [TrafficSystem.SignalController]: [ESP32 Hardware Command #158] GREEN -> 'South' (35s) | Reason: NORMAL
[2026-07-24 21:29:18] [INFO] [TrafficSystem.PriorityCalculator]: [Rank #1] Lane: North  | PCE: 0.00  | Queue: 0.00  | Congestion: 0.00  | Total: 0.00
[2026-07-24 21:29:18] [INFO] [TrafficSystem.PriorityCalculator]: [Rank #2] Lane: South  | PCE: 0.00  | Queue: 0.00  | Congestion: 0.00  | Total: 0.00
[2026-07-24 21:29:18] [INFO] [TrafficSystem.PriorityCalculator]: [Rank #3] Lane: East   | PCE: 0.00  | Queue: 0.00  | Congestion: 0.00  | Total: 0.00
[2026-07-24 21:29:18] [INFO] [TrafficSystem.PriorityCalculator]: [Rank #4] Lane: West   | PCE: 0.00  | Queue: 0.00  | Congestion: 0.00  | Total: 0.00
[2026-07-24 21:29:18] [INFO] [TrafficSystem.FairnessManager]: [Fairness] Lane: East   | Base Score: 0.00 | Wait Cycles: 3 | Bonus: +15.00 | Adjusted: 15.00
[2026-07-24 21:29:18] [INFO] [TrafficSystem.FairnessManager]: [Fairness] Lane: West   | Base Score: 0.00 | Wait Cycles: 2 | Bonus: +10.00 | Adjusted: 10.00
[2026-07-24 21:29:18] [INFO] [TrafficSystem.FairnessManager]: [Fairness] Lane: North  | Base Score: 0.00 | Wait Cycles: 1 | Bonus: +5.00 | Adjusted: 5.00
[2026-07-24 21:29:18] [INFO] [TrafficSystem.SignalScheduler]: [Scheduler] Winner: East   | Score: 15.00 | Green: 35s | Reason: NORMAL
[2026-07-24 21:29:18] [INFO] [TrafficSystem.FairnessManager]: [Fairness Updated] Green: 'East' (Reset to 0). Waiting cycles: {'North': 2, 'South': 1, 'East': 0, 'West': 3}
[2026-07-24 21:29:18] [INFO] [TrafficSystem.SignalController]: [ESP32 Hardware Command #159] GREEN -> 'East' (35s) | Reason: NORMAL
[2026-07-24 21:29:18] [INFO] [TrafficSystem.PriorityCalculator]: [Rank #1] Lane: North  | PCE: 0.00  | Queue: 0.00  | Congestion: 0.00  | Total: 0.00
[2026-07-24 21:29:18] [INFO] [TrafficSystem.PriorityCalculator]: [Rank #2] Lane: South  | PCE: 0.00  | Queue: 0.00  | Congestion: 0.00  | Total: 0.00
[2026-07-24 21:29:18] [INFO] [TrafficSystem.PriorityCalculator]: [Rank #3] Lane: East   | PCE: 0.00  | Queue: 0.00  | Congestion: 0.00  | Total: 0.00
[2026-07-24 21:29:18] [INFO] [TrafficSystem.PriorityCalculator]: [Rank #4] Lane: West   | PCE: 0.00  | Queue: 0.00  | Congestion: 0.00  | Total: 0.00
[2026-07-24 21:29:18] [INFO] [TrafficSystem.FairnessManager]: [Fairness] Lane: West   | Base Score: 0.00 | Wait Cycles: 3 | Bonus: +15.00 | Adjusted: 15.00
[2026-07-24 21:29:18] [INFO] [TrafficSystem.FairnessManager]: [Fairness] Lane: North  | Base Score: 0.00 | Wait Cycles: 2 | Bonus: +10.00 | Adjusted: 10.00
[2026-07-24 21:29:18] [INFO] [TrafficSystem.FairnessManager]: [Fairness] Lane: South  | Base Score: 0.00 | Wait Cycles: 1 | Bonus: +5.00 | Adjusted: 5.00
[2026-07-24 21:29:18] [INFO] [TrafficSystem.SignalScheduler]: [Scheduler] Winner: West   | Score: 15.00 | Green: 35s | Reason: NORMAL
[2026-07-24 21:29:18] [INFO] [TrafficSystem.FairnessManager]: [Fairness Updated] Green: 'West' (Reset to 0). Waiting cycles: {'North': 3, 'South': 2, 'East': 1, 'West': 0}
[2026-07-24 21:29:18] [INFO] [TrafficSystem.SignalController]: [ESP32 Hardware Command #160] GREEN -> 'West' (35s) | Reason: NORMAL
[2026-07-24 21:29:18] [INFO] [TrafficSystem.PriorityCalculator]: [Rank #1] Lane: North  | PCE: 0.00  | Queue: 0.00  | Congestion: 0.00  | Total: 0.00
[2026-07-24 21:29:18] [INFO] [TrafficSystem.PriorityCalculator]: [Rank #2] Lane: South  | PCE: 0.00  | Queue: 0.00  | Congestion: 0.00  | Total: 0.00
[2026-07-24 21:29:18] [INFO] [TrafficSystem.PriorityCalculator]: [Rank #3] Lane: East   | PCE: 0.00  | Queue: 0.00  | Congestion: 0.00  | Total: 0.00
[2026-07-24 21:29:18] [INFO] [TrafficSystem.PriorityCalculator]: [Rank #4] Lane: West   | PCE: 0.00  | Queue: 0.00  | Congestion: 0.00  | Total: 0.00
[2026-07-24 21:29:18] [INFO] [TrafficSystem.FairnessManager]: [Fairness] Lane: North  | Base Score: 0.00 | Wait Cycles: 3 | Bonus: +15.00 | Adjusted: 15.00
[2026-07-24 21:29:18] [INFO] [TrafficSystem.FairnessManager]: [Fairness] Lane: South  | Base Score: 0.00 | Wait Cycles: 2 | Bonus: +10.00 | Adjusted: 10.00
[2026-07-24 21:29:18] [INFO] [TrafficSystem.FairnessManager]: [Fairness] Lane: East   | Base Score: 0.00 | Wait Cycles: 1 | Bonus: +5.00 | Adjusted: 5.00
[2026-07-24 21:29:18] [INFO] [TrafficSystem.SignalScheduler]: [Scheduler] Winner: North  | Score: 15.00 | Green: 35s | Reason: NORMAL
[2026-07-24 21:29:18] [INFO] [TrafficSystem.FairnessManager]: [Fairness Updated] Green: 'North' (Reset to 0). Waiting cycles: {'North': 0, 'South': 3, 'East': 2, 'West': 1}
[2026-07-24 21:29:18] [INFO] [TrafficSystem.SignalController]: [ESP32 Hardware Command #161] GREEN -> 'North' (35s) | Reason: NORMAL
[2026-07-24 21:29:18] [INFO] [TrafficSystem.PriorityCalculator]: [Rank #1] Lane: North  | PCE: 0.00  | Queue: 0.00  | Congestion: 0.00  | Total: 0.00
[2026-07-24 21:29:18] [INFO] [TrafficSystem.PriorityCalculator]: [Rank #2] Lane: South  | PCE: 0.00  | Queue: 0.00  | Congestion: 0.00  | Total: 0.00
[2026-07-24 21:29:18] [INFO] [TrafficSystem.PriorityCalculator]: [Rank #3] Lane: East   | PCE: 0.00  | Queue: 0.00  | Congestion: 0.00  | Total: 0.00
[2026-07-24 21:29:18] [INFO] [TrafficSystem.PriorityCalculator]: [Rank #4] Lane: West   | PCE: 0.00  | Queue: 0.00  | Congestion: 0.00  | Total: 0.00
[2026-07-24 21:29:18] [INFO] [TrafficSystem.FairnessManager]: [Fairness] Lane: South  | Base Score: 0.00 | Wait Cycles: 3 | Bonus: +15.00 | Adjusted: 15.00
[2026-07-24 21:29:18] [INFO] [TrafficSystem.FairnessManager]: [Fairness] Lane: East   | Base Score: 0.00 | Wait Cycles: 2 | Bonus: +10.00 | Adjusted: 10.00
[2026-07-24 21:29:18] [INFO] [TrafficSystem.FairnessManager]: [Fairness] Lane: West   | Base Score: 0.00 | Wait Cycles: 1 | Bonus: +5.00 | Adjusted: 5.00
[2026-07-24 21:29:18] [INFO] [TrafficSystem.SignalScheduler]: [Scheduler] Winner: South  | Score: 15.00 | Green: 35s | Reason: NORMAL
[2026-07-24 21:29:18] [INFO] [TrafficSystem.FairnessManager]: [Fairness Updated] Green: 'South' (Reset to 0). Waiting cycles: {'North': 1, 'South': 0, 'East': 3, 'West': 2}
[2026-07-24 21:29:18] [INFO] [TrafficSystem.SignalController]: [ESP32 Hardware Command #162] GREEN -> 'South' (35s) | Reason: NORMAL
[2026-07-24 21:29:18] [INFO] [TrafficSystem.PriorityCalculator]: [Rank #1] Lane: North  | PCE: 0.00  | Queue: 0.00  | Congestion: 0.00  | Total: 0.00
[2026-07-24 21:29:18] [INFO] [TrafficSystem.PriorityCalculator]: [Rank #2] Lane: South  | PCE: 0.00  | Queue: 0.00  | Congestion: 0.00  | Total: 0.00
[2026-07-24 21:29:18] [INFO] [TrafficSystem.PriorityCalculator]: [Rank #3] Lane: East   | PCE: 0.00  | Queue: 0.00  | Congestion: 0.00  | Total: 0.00
[2026-07-24 21:29:18] [INFO] [TrafficSystem.PriorityCalculator]: [Rank #4] Lane: West   | PCE: 0.00  | Queue: 0.00  | Congestion: 0.00  | Total: 0.00
[2026-07-24 21:29:18] [INFO] [TrafficSystem.FairnessManager]: [Fairness] Lane: East   | Base Score: 0.00 | Wait Cycles: 3 | Bonus: +15.00 | Adjusted: 15.00
[2026-07-24 21:29:18] [INFO] [TrafficSystem.FairnessManager]: [Fairness] Lane: West   | Base Score: 0.00 | Wait Cycles: 2 | Bonus: +10.00 | Adjusted: 10.00
[2026-07-24 21:29:18] [INFO] [TrafficSystem.FairnessManager]: [Fairness] Lane: North  | Base Score: 0.00 | Wait Cycles: 1 | Bonus: +5.00 | Adjusted: 5.00
[2026-07-24 21:29:18] [INFO] [TrafficSystem.SignalScheduler]: [Scheduler] Winner: East   | Score: 15.00 | Green: 35s | Reason: NORMAL
[2026-07-24 21:29:18] [INFO] [TrafficSystem.FairnessManager]: [Fairness Updated] Green: 'East' (Reset to 0). Waiting cycles: {'North': 2, 'South': 1, 'East': 0, 'West': 3}
[2026-07-24 21:29:18] [INFO] [TrafficSystem.SignalController]: [ESP32 Hardware Command #163] GREEN -> 'East' (35s) | Reason: NORMAL
[2026-07-24 21:29:18] [INFO] [TrafficSystem.PriorityCalculator]: [Rank #1] Lane: North  | PCE: 0.00  | Queue: 0.00  | Congestion: 0.00  | Total: 0.00
[2026-07-24 21:29:18] [INFO] [TrafficSystem.PriorityCalculator]: [Rank #2] Lane: South  | PCE: 0.00  | Queue: 0.00  | Congestion: 0.00  | Total: 0.00
[2026-07-24 21:29:18] [INFO] [TrafficSystem.PriorityCalculator]: [Rank #3] Lane: East   | PCE: 0.00  | Queue: 0.00  | Congestion: 0.00  | Total: 0.00
[2026-07-24 21:29:18] [INFO] [TrafficSystem.PriorityCalculator]: [Rank #4] Lane: West   | PCE: 0.00  | Queue: 0.00  | Congestion: 0.00  | Total: 0.00
[2026-07-24 21:29:18] [INFO] [TrafficSystem.FairnessManager]: [Fairness] Lane: West   | Base Score: 0.00 | Wait Cycles: 3 | Bonus: +15.00 | Adjusted: 15.00
[2026-07-24 21:29:18] [INFO] [TrafficSystem.FairnessManager]: [Fairness] Lane: North  | Base Score: 0.00 | Wait Cycles: 2 | Bonus: +10.00 | Adjusted: 10.00
[2026-07-24 21:29:18] [INFO] [TrafficSystem.FairnessManager]: [Fairness] Lane: South  | Base Score: 0.00 | Wait Cycles: 1 | Bonus: +5.00 | Adjusted: 5.00
[2026-07-24 21:29:18] [INFO] [TrafficSystem.SignalScheduler]: [Scheduler] Winner: West   | Score: 15.00 | Green: 35s | Reason: NORMAL
[2026-07-24 21:29:18] [INFO] [TrafficSystem.FairnessManager]: [Fairness Updated] Green: 'West' (Reset to 0). Waiting cycles: {'North': 3, 'South': 2, 'East': 1, 'West': 0}
[2026-07-24 21:29:18] [INFO] [TrafficSystem.SignalController]: [ESP32 Hardware Command #164] GREEN -> 'West' (35s) | Reason: NORMAL
[2026-07-24 21:29:18] [INFO] [TrafficSystem.PriorityCalculator]: [Rank #1] Lane: North  | PCE: 0.00  | Queue: 0.00  | Congestion: 0.00  | Total: 0.00
[2026-07-24 21:29:18] [INFO] [TrafficSystem.PriorityCalculator]: [Rank #2] Lane: South  | PCE: 0.00  | Queue: 0.00  | Congestion: 0.00  | Total: 0.00
[2026-07-24 21:29:18] [INFO] [TrafficSystem.PriorityCalculator]: [Rank #3] Lane: East   | PCE: 0.00  | Queue: 0.00  | Congestion: 0.00  | Total: 0.00
[2026-07-24 21:29:18] [INFO] [TrafficSystem.PriorityCalculator]: [Rank #4] Lane: West   | PCE: 0.00  | Queue: 0.00  | Congestion: 0.00  | Total: 0.00
[2026-07-24 21:29:18] [INFO] [TrafficSystem.FairnessManager]: [Fairness] Lane: North  | Base Score: 0.00 | Wait Cycles: 3 | Bonus: +15.00 | Adjusted: 15.00
[2026-07-24 21:29:18] [INFO] [TrafficSystem.FairnessManager]: [Fairness] Lane: South  | Base Score: 0.00 | Wait Cycles: 2 | Bonus: +10.00 | Adjusted: 10.00
[2026-07-24 21:29:18] [INFO] [TrafficSystem.FairnessManager]: [Fairness] Lane: East   | Base Score: 0.00 | Wait Cycles: 1 | Bonus: +5.00 | Adjusted: 5.00
[2026-07-24 21:29:18] [INFO] [TrafficSystem.SignalScheduler]: [Scheduler] Winner: North  | Score: 15.00 | Green: 35s | Reason: NORMAL
[2026-07-24 21:29:18] [INFO] [TrafficSystem.FairnessManager]: [Fairness Updated] Green: 'North' (Reset to 0). Waiting cycles: {'North': 0, 'South': 3, 'East': 2, 'West': 1}
[2026-07-24 21:29:18] [INFO] [TrafficSystem.SignalController]: [ESP32 Hardware Command #165] GREEN -> 'North' (35s) | Reason: NORMAL
[2026-07-24 21:29:18] [INFO] [TrafficSystem.PriorityCalculator]: [Rank #1] Lane: North  | PCE: 0.00  | Queue: 0.00  | Congestion: 0.00  | Total: 0.00
[2026-07-24 21:29:18] [INFO] [TrafficSystem.PriorityCalculator]: [Rank #2] Lane: South  | PCE: 0.00  | Queue: 0.00  | Congestion: 0.00  | Total: 0.00
[2026-07-24 21:29:18] [INFO] [TrafficSystem.PriorityCalculator]: [Rank #3] Lane: East   | PCE: 0.00  | Queue: 0.00  | Congestion: 0.00  | Total: 0.00
[2026-07-24 21:29:18] [INFO] [TrafficSystem.PriorityCalculator]: [Rank #4] Lane: West   | PCE: 0.00  | Queue: 0.00  | Congestion: 0.00  | Total: 0.00
[2026-07-24 21:29:18] [INFO] [TrafficSystem.FairnessManager]: [Fairness] Lane: South  | Base Score: 0.00 | Wait Cycles: 3 | Bonus: +15.00 | Adjusted: 15.00
[2026-07-24 21:29:18] [INFO] [TrafficSystem.FairnessManager]: [Fairness] Lane: East   | Base Score: 0.00 | Wait Cycles: 2 | Bonus: +10.00 | Adjusted: 10.00
[2026-07-24 21:29:18] [INFO] [TrafficSystem.FairnessManager]: [Fairness] Lane: West   | Base Score: 0.00 | Wait Cycles: 1 | Bonus: +5.00 | Adjusted: 5.00
[2026-07-24 21:29:18] [INFO] [TrafficSystem.SignalScheduler]: [Scheduler] Winner: South  | Score: 15.00 | Green: 35s | Reason: NORMAL
[2026-07-24 21:29:18] [INFO] [TrafficSystem.FairnessManager]: [Fairness Updated] Green: 'South' (Reset to 0). Waiting cycles: {'North': 1, 'South': 0, 'East': 3, 'West': 2}
[2026-07-24 21:29:18] [INFO] [TrafficSystem.SignalController]: [ESP32 Hardware Command #166] GREEN -> 'South' (35s) | Reason: NORMAL
[2026-07-24 21:29:19] [INFO] [TrafficSystem.PriorityCalculator]: [Rank #1] Lane: North  | PCE: 0.00  | Queue: 0.00  | Congestion: 0.00  | Total: 0.00
[2026-07-24 21:29:19] [INFO] [TrafficSystem.PriorityCalculator]: [Rank #2] Lane: South  | PCE: 0.00  | Queue: 0.00  | Congestion: 0.00  | Total: 0.00
[2026-07-24 21:29:19] [INFO] [TrafficSystem.PriorityCalculator]: [Rank #3] Lane: East   | PCE: 0.00  | Queue: 0.00  | Congestion: 0.00  | Total: 0.00
[2026-07-24 21:29:19] [INFO] [TrafficSystem.PriorityCalculator]: [Rank #4] Lane: West   | PCE: 0.00  | Queue: 0.00  | Congestion: 0.00  | Total: 0.00
[2026-07-24 21:29:19] [INFO] [TrafficSystem.FairnessManager]: [Fairness] Lane: East   | Base Score: 0.00 | Wait Cycles: 3 | Bonus: +15.00 | Adjusted: 15.00
[2026-07-24 21:29:19] [INFO] [TrafficSystem.FairnessManager]: [Fairness] Lane: West   | Base Score: 0.00 | Wait Cycles: 2 | Bonus: +10.00 | Adjusted: 10.00
[2026-07-24 21:29:19] [INFO] [TrafficSystem.FairnessManager]: [Fairness] Lane: North  | Base Score: 0.00 | Wait Cycles: 1 | Bonus: +5.00 | Adjusted: 5.00
[2026-07-24 21:29:19] [INFO] [TrafficSystem.SignalScheduler]: [Scheduler] Winner: East   | Score: 15.00 | Green: 35s | Reason: NORMAL
[2026-07-24 21:29:19] [INFO] [TrafficSystem.FairnessManager]: [Fairness Updated] Green: 'East' (Reset to 0). Waiting cycles: {'North': 2, 'South': 1, 'East': 0, 'West': 3}
[2026-07-24 21:29:19] [INFO] [TrafficSystem.SignalController]: [ESP32 Hardware Command #167] GREEN -> 'East' (35s) | Reason: NORMAL
[2026-07-24 21:29:19] [INFO] [TrafficSystem.PriorityCalculator]: [Rank #1] Lane: North  | PCE: 0.00  | Queue: 0.00  | Congestion: 0.00  | Total: 0.00
[2026-07-24 21:29:19] [INFO] [TrafficSystem.PriorityCalculator]: [Rank #2] Lane: South  | PCE: 0.00  | Queue: 0.00  | Congestion: 0.00  | Total: 0.00
[2026-07-24 21:29:19] [INFO] [TrafficSystem.PriorityCalculator]: [Rank #3] Lane: East   | PCE: 0.00  | Queue: 0.00  | Congestion: 0.00  | Total: 0.00
[2026-07-24 21:29:19] [INFO] [TrafficSystem.PriorityCalculator]: [Rank #4] Lane: West   | PCE: 0.00  | Queue: 0.00  | Congestion: 0.00  | Total: 0.00
[2026-07-24 21:29:19] [INFO] [TrafficSystem.FairnessManager]: [Fairness] Lane: West   | Base Score: 0.00 | Wait Cycles: 3 | Bonus: +15.00 | Adjusted: 15.00
[2026-07-24 21:29:19] [INFO] [TrafficSystem.FairnessManager]: [Fairness] Lane: North  | Base Score: 0.00 | Wait Cycles: 2 | Bonus: +10.00 | Adjusted: 10.00
[2026-07-24 21:29:19] [INFO] [TrafficSystem.FairnessManager]: [Fairness] Lane: South  | Base Score: 0.00 | Wait Cycles: 1 | Bonus: +5.00 | Adjusted: 5.00
[2026-07-24 21:29:19] [INFO] [TrafficSystem.SignalScheduler]: [Scheduler] Winner: West   | Score: 15.00 | Green: 35s | Reason: NORMAL
[2026-07-24 21:29:19] [INFO] [TrafficSystem.FairnessManager]: [Fairness Updated] Green: 'West' (Reset to 0). Waiting cycles: {'North': 3, 'South': 2, 'East': 1, 'West': 0}
[2026-07-24 21:29:19] [INFO] [TrafficSystem.SignalController]: [ESP32 Hardware Command #168] GREEN -> 'West' (35s) | Reason: NORMAL
[2026-07-24 21:29:19] [INFO] [TrafficSystem.PriorityCalculator]: [Rank #1] Lane: North  | PCE: 0.00  | Queue: 0.00  | Congestion: 0.00  | Total: 0.00
[2026-07-24 21:29:19] [INFO] [TrafficSystem.PriorityCalculator]: [Rank #2] Lane: South  | PCE: 0.00  | Queue: 0.00  | Congestion: 0.00  | Total: 0.00
[2026-07-24 21:29:19] [INFO] [TrafficSystem.PriorityCalculator]: [Rank #3] Lane: East   | PCE: 0.00  | Queue: 0.00  | Congestion: 0.00  | Total: 0.00
[2026-07-24 21:29:19] [INFO] [TrafficSystem.PriorityCalculator]: [Rank #4] Lane: West   | PCE: 0.00  | Queue: 0.00  | Congestion: 0.00  | Total: 0.00
[2026-07-24 21:29:19] [INFO] [TrafficSystem.FairnessManager]: [Fairness] Lane: North  | Base Score: 0.00 | Wait Cycles: 3 | Bonus: +15.00 | Adjusted: 15.00
[2026-07-24 21:29:19] [INFO] [TrafficSystem.FairnessManager]: [Fairness] Lane: South  | Base Score: 0.00 | Wait Cycles: 2 | Bonus: +10.00 | Adjusted: 10.00
[2026-07-24 21:29:19] [INFO] [TrafficSystem.FairnessManager]: [Fairness] Lane: East   | Base Score: 0.00 | Wait Cycles: 1 | Bonus: +5.00 | Adjusted: 5.00
[2026-07-24 21:29:19] [INFO] [TrafficSystem.SignalScheduler]: [Scheduler] Winner: North  | Score: 15.00 | Green: 35s | Reason: NORMAL
[2026-07-24 21:29:19] [INFO] [TrafficSystem.FairnessManager]: [Fairness Updated] Green: 'North' (Reset to 0). Waiting cycles: {'North': 0, 'South': 3, 'East': 2, 'West': 1}
[2026-07-24 21:29:19] [INFO] [TrafficSystem.SignalController]: [ESP32 Hardware Command #169] GREEN -> 'North' (35s) | Reason: NORMAL
[2026-07-24 21:29:19] [INFO] [TrafficSystem.PriorityCalculator]: [Rank #1] Lane: North  | PCE: 0.00  | Queue: 0.00  | Congestion: 0.00  | Total: 0.00
[2026-07-24 21:29:19] [INFO] [TrafficSystem.PriorityCalculator]: [Rank #2] Lane: South  | PCE: 0.00  | Queue: 0.00  | Congestion: 0.00  | Total: 0.00
[2026-07-24 21:29:19] [INFO] [TrafficSystem.PriorityCalculator]: [Rank #3] Lane: East   | PCE: 0.00  | Queue: 0.00  | Congestion: 0.00  | Total: 0.00
[2026-07-24 21:29:19] [INFO] [TrafficSystem.PriorityCalculator]: [Rank #4] Lane: West   | PCE: 0.00  | Queue: 0.00  | Congestion: 0.00  | Total: 0.00
[2026-07-24 21:29:19] [INFO] [TrafficSystem.FairnessManager]: [Fairness] Lane: South  | Base Score: 0.00 | Wait Cycles: 3 | Bonus: +15.00 | Adjusted: 15.00
[2026-07-24 21:29:19] [INFO] [TrafficSystem.FairnessManager]: [Fairness] Lane: East   | Base Score: 0.00 | Wait Cycles: 2 | Bonus: +10.00 | Adjusted: 10.00
[2026-07-24 21:29:19] [INFO] [TrafficSystem.FairnessManager]: [Fairness] Lane: West   | Base Score: 0.00 | Wait Cycles: 1 | Bonus: +5.00 | Adjusted: 5.00
[2026-07-24 21:29:19] [INFO] [TrafficSystem.SignalScheduler]: [Scheduler] Winner: South  | Score: 15.00 | Green: 35s | Reason: NORMAL
[2026-07-24 21:29:19] [INFO] [TrafficSystem.FairnessManager]: [Fairness Updated] Green: 'South' (Reset to 0). Waiting cycles: {'North': 1, 'South': 0, 'East': 3, 'West': 2}
[2026-07-24 21:29:19] [INFO] [TrafficSystem.SignalController]: [ESP32 Hardware Command #170] GREEN -> 'South' (35s) | Reason: NORMAL
[2026-07-24 21:29:19] [INFO] [TrafficSystem.PriorityCalculator]: [Rank #1] Lane: North  | PCE: 0.00  | Queue: 0.00  | Congestion: 0.00  | Total: 0.00
[2026-07-24 21:29:19] [INFO] [TrafficSystem.PriorityCalculator]: [Rank #2] Lane: South  | PCE: 0.00  | Queue: 0.00  | Congestion: 0.00  | Total: 0.00
[2026-07-24 21:29:19] [INFO] [TrafficSystem.PriorityCalculator]: [Rank #3] Lane: East   | PCE: 0.00  | Queue: 0.00  | Congestion: 0.00  | Total: 0.00
[2026-07-24 21:29:19] [INFO] [TrafficSystem.PriorityCalculator]: [Rank #4] Lane: West   | PCE: 0.00  | Queue: 0.00  | Congestion: 0.00  | Total: 0.00
[2026-07-24 21:29:19] [INFO] [TrafficSystem.FairnessManager]: [Fairness] Lane: East   | Base Score: 0.00 | Wait Cycles: 3 | Bonus: +15.00 | Adjusted: 15.00
[2026-07-24 21:29:19] [INFO] [TrafficSystem.FairnessManager]: [Fairness] Lane: West   | Base Score: 0.00 | Wait Cycles: 2 | Bonus: +10.00 | Adjusted: 10.00
[2026-07-24 21:29:19] [INFO] [TrafficSystem.FairnessManager]: [Fairness] Lane: North  | Base Score: 0.00 | Wait Cycles: 1 | Bonus: +5.00 | Adjusted: 5.00
[2026-07-24 21:29:19] [INFO] [TrafficSystem.SignalScheduler]: [Scheduler] Winner: East   | Score: 15.00 | Green: 35s | Reason: NORMAL
[2026-07-24 21:29:19] [INFO] [TrafficSystem.FairnessManager]: [Fairness Updated] Green: 'East' (Reset to 0). Waiting cycles: {'North': 2, 'South': 1, 'East': 0, 'West': 3}
[2026-07-24 21:29:19] [INFO] [TrafficSystem.SignalController]: [ESP32 Hardware Command #171] GREEN -> 'East' (35s) | Reason: NORMAL
[2026-07-24 21:29:19] [INFO] [TrafficSystem.PriorityCalculator]: [Rank #1] Lane: North  | PCE: 0.00  | Queue: 0.00  | Congestion: 0.00  | Total: 0.00
[2026-07-24 21:29:19] [INFO] [TrafficSystem.PriorityCalculator]: [Rank #2] Lane: South  | PCE: 0.00  | Queue: 0.00  | Congestion: 0.00  | Total: 0.00
[2026-07-24 21:29:19] [INFO] [TrafficSystem.PriorityCalculator]: [Rank #3] Lane: East   | PCE: 0.00  | Queue: 0.00  | Congestion: 0.00  | Total: 0.00
[2026-07-24 21:29:19] [INFO] [TrafficSystem.PriorityCalculator]: [Rank #4] Lane: West   | PCE: 0.00  | Queue: 0.00  | Congestion: 0.00  | Total: 0.00
[2026-07-24 21:29:19] [INFO] [TrafficSystem.FairnessManager]: [Fairness] Lane: West   | Base Score: 0.00 | Wait Cycles: 3 | Bonus: +15.00 | Adjusted: 15.00
[2026-07-24 21:29:19] [INFO] [TrafficSystem.FairnessManager]: [Fairness] Lane: North  | Base Score: 0.00 | Wait Cycles: 2 | Bonus: +10.00 | Adjusted: 10.00
[2026-07-24 21:29:19] [INFO] [TrafficSystem.FairnessManager]: [Fairness] Lane: South  | Base Score: 0.00 | Wait Cycles: 1 | Bonus: +5.00 | Adjusted: 5.00
[2026-07-24 21:29:19] [INFO] [TrafficSystem.SignalScheduler]: [Scheduler] Winner: West   | Score: 15.00 | Green: 35s | Reason: NORMAL
[2026-07-24 21:29:19] [INFO] [TrafficSystem.FairnessManager]: [Fairness Updated] Green: 'West' (Reset to 0). Waiting cycles: {'North': 3, 'South': 2, 'East': 1, 'West': 0}
[2026-07-24 21:29:19] [INFO] [TrafficSystem.SignalController]: [ESP32 Hardware Command #172] GREEN -> 'West' (35s) | Reason: NORMAL
[2026-07-24 21:29:19] [INFO] [TrafficSystem.PriorityCalculator]: [Rank #1] Lane: North  | PCE: 0.00  | Queue: 0.00  | Congestion: 0.00  | Total: 0.00
[2026-07-24 21:29:19] [INFO] [TrafficSystem.PriorityCalculator]: [Rank #2] Lane: South  | PCE: 0.00  | Queue: 0.00  | Congestion: 0.00  | Total: 0.00
[2026-07-24 21:29:19] [INFO] [TrafficSystem.PriorityCalculator]: [Rank #3] Lane: East   | PCE: 0.00  | Queue: 0.00  | Congestion: 0.00  | Total: 0.00
[2026-07-24 21:29:19] [INFO] [TrafficSystem.PriorityCalculator]: [Rank #4] Lane: West   | PCE: 0.00  | Queue: 0.00  | Congestion: 0.00  | Total: 0.00
[2026-07-24 21:29:19] [INFO] [TrafficSystem.FairnessManager]: [Fairness] Lane: North  | Base Score: 0.00 | Wait Cycles: 3 | Bonus: +15.00 | Adjusted: 15.00
[2026-07-24 21:29:19] [INFO] [TrafficSystem.FairnessManager]: [Fairness] Lane: South  | Base Score: 0.00 | Wait Cycles: 2 | Bonus: +10.00 | Adjusted: 10.00
[2026-07-24 21:29:19] [INFO] [TrafficSystem.FairnessManager]: [Fairness] Lane: East   | Base Score: 0.00 | Wait Cycles: 1 | Bonus: +5.00 | Adjusted: 5.00
[2026-07-24 21:29:19] [INFO] [TrafficSystem.SignalScheduler]: [Scheduler] Winner: North  | Score: 15.00 | Green: 35s | Reason: NORMAL
[2026-07-24 21:29:19] [INFO] [TrafficSystem.FairnessManager]: [Fairness Updated] Green: 'North' (Reset to 0). Waiting cycles: {'North': 0, 'South': 3, 'East': 2, 'West': 1}
[2026-07-24 21:29:19] [INFO] [TrafficSystem.SignalController]: [ESP32 Hardware Command #173] GREEN -> 'North' (35s) | Reason: NORMAL
[2026-07-24 21:29:19] [INFO] [TrafficSystem.PriorityCalculator]: [Rank #1] Lane: North  | PCE: 0.00  | Queue: 0.00  | Congestion: 0.00  | Total: 0.00
[2026-07-24 21:29:19] [INFO] [TrafficSystem.PriorityCalculator]: [Rank #2] Lane: South  | PCE: 0.00  | Queue: 0.00  | Congestion: 0.00  | Total: 0.00
[2026-07-24 21:29:19] [INFO] [TrafficSystem.PriorityCalculator]: [Rank #3] Lane: East   | PCE: 0.00  | Queue: 0.00  | Congestion: 0.00  | Total: 0.00
[2026-07-24 21:29:19] [INFO] [TrafficSystem.PriorityCalculator]: [Rank #4] Lane: West   | PCE: 0.00  | Queue: 0.00  | Congestion: 0.00  | Total: 0.00
[2026-07-24 21:29:19] [INFO] [TrafficSystem.FairnessManager]: [Fairness] Lane: South  | Base Score: 0.00 | Wait Cycles: 3 | Bonus: +15.00 | Adjusted: 15.00
[2026-07-24 21:29:19] [INFO] [TrafficSystem.FairnessManager]: [Fairness] Lane: East   | Base Score: 0.00 | Wait Cycles: 2 | Bonus: +10.00 | Adjusted: 10.00
[2026-07-24 21:29:19] [INFO] [TrafficSystem.FairnessManager]: [Fairness] Lane: West   | Base Score: 0.00 | Wait Cycles: 1 | Bonus: +5.00 | Adjusted: 5.00
[2026-07-24 21:29:19] [INFO] [TrafficSystem.SignalScheduler]: [Scheduler] Winner: South  | Score: 15.00 | Green: 35s | Reason: NORMAL
[2026-07-24 21:29:19] [INFO] [TrafficSystem.FairnessManager]: [Fairness Updated] Green: 'South' (Reset to 0). Waiting cycles: {'North': 1, 'South': 0, 'East': 3, 'West': 2}
[2026-07-24 21:29:19] [INFO] [TrafficSystem.SignalController]: [ESP32 Hardware Command #174] GREEN -> 'South' (35s) | Reason: NORMAL
[2026-07-24 21:29:19] [INFO] [TrafficSystem.PriorityCalculator]: [Rank #1] Lane: North  | PCE: 0.00  | Queue: 0.00  | Congestion: 0.00  | Total: 0.00
[2026-07-24 21:29:19] [INFO] [TrafficSystem.PriorityCalculator]: [Rank #2] Lane: South  | PCE: 0.00  | Queue: 0.00  | Congestion: 0.00  | Total: 0.00
[2026-07-24 21:29:19] [INFO] [TrafficSystem.PriorityCalculator]: [Rank #3] Lane: East   | PCE: 0.00  | Queue: 0.00  | Congestion: 0.00  | Total: 0.00
[2026-07-24 21:29:19] [INFO] [TrafficSystem.PriorityCalculator]: [Rank #4] Lane: West   | PCE: 0.00  | Queue: 0.00  | Congestion: 0.00  | Total: 0.00
[2026-07-24 21:29:19] [INFO] [TrafficSystem.FairnessManager]: [Fairness] Lane: East   | Base Score: 0.00 | Wait Cycles: 3 | Bonus: +15.00 | Adjusted: 15.00
[2026-07-24 21:29:19] [INFO] [TrafficSystem.FairnessManager]: [Fairness] Lane: West   | Base Score: 0.00 | Wait Cycles: 2 | Bonus: +10.00 | Adjusted: 10.00
[2026-07-24 21:29:19] [INFO] [TrafficSystem.FairnessManager]: [Fairness] Lane: North  | Base Score: 0.00 | Wait Cycles: 1 | Bonus: +5.00 | Adjusted: 5.00
[2026-07-24 21:29:19] [INFO] [TrafficSystem.SignalScheduler]: [Scheduler] Winner: East   | Score: 15.00 | Green: 35s | Reason: NORMAL
[2026-07-24 21:29:19] [INFO] [TrafficSystem.FairnessManager]: [Fairness Updated] Green: 'East' (Reset to 0). Waiting cycles: {'North': 2, 'South': 1, 'East': 0, 'West': 3}
[2026-07-24 21:29:19] [INFO] [TrafficSystem.SignalController]: [ESP32 Hardware Command #175] GREEN -> 'East' (35s) | Reason: NORMAL
[2026-07-24 21:29:20] [INFO] [TrafficSystem.PriorityCalculator]: [Rank #1] Lane: North  | PCE: 0.00  | Queue: 0.00  | Congestion: 0.00  | Total: 0.00
[2026-07-24 21:29:20] [INFO] [TrafficSystem.PriorityCalculator]: [Rank #2] Lane: South  | PCE: 0.00  | Queue: 0.00  | Congestion: 0.00  | Total: 0.00
[2026-07-24 21:29:20] [INFO] [TrafficSystem.PriorityCalculator]: [Rank #3] Lane: East   | PCE: 0.00  | Queue: 0.00  | Congestion: 0.00  | Total: 0.00
[2026-07-24 21:29:20] [INFO] [TrafficSystem.PriorityCalculator]: [Rank #4] Lane: West   | PCE: 0.00  | Queue: 0.00  | Congestion: 0.00  | Total: 0.00
[2026-07-24 21:29:20] [INFO] [TrafficSystem.FairnessManager]: [Fairness] Lane: West   | Base Score: 0.00 | Wait Cycles: 3 | Bonus: +15.00 | Adjusted: 15.00
[2026-07-24 21:29:20] [INFO] [TrafficSystem.FairnessManager]: [Fairness] Lane: North  | Base Score: 0.00 | Wait Cycles: 2 | Bonus: +10.00 | Adjusted: 10.00
[2026-07-24 21:29:20] [INFO] [TrafficSystem.FairnessManager]: [Fairness] Lane: South  | Base Score: 0.00 | Wait Cycles: 1 | Bonus: +5.00 | Adjusted: 5.00
[2026-07-24 21:29:20] [INFO] [TrafficSystem.SignalScheduler]: [Scheduler] Winner: West   | Score: 15.00 | Green: 35s | Reason: NORMAL
[2026-07-24 21:29:20] [INFO] [TrafficSystem.FairnessManager]: [Fairness Updated] Green: 'West' (Reset to 0). Waiting cycles: {'North': 3, 'South': 2, 'East': 1, 'West': 0}
[2026-07-24 21:29:20] [INFO] [TrafficSystem.SignalController]: [ESP32 Hardware Command #176] GREEN -> 'West' (35s) | Reason: NORMAL
[2026-07-24 21:29:20] [INFO] [TrafficSystem.PriorityCalculator]: [Rank #1] Lane: North  | PCE: 0.00  | Queue: 0.00  | Congestion: 0.00  | Total: 0.00
[2026-07-24 21:29:20] [INFO] [TrafficSystem.PriorityCalculator]: [Rank #2] Lane: South  | PCE: 0.00  | Queue: 0.00  | Congestion: 0.00  | Total: 0.00
[2026-07-24 21:29:20] [INFO] [TrafficSystem.PriorityCalculator]: [Rank #3] Lane: East   | PCE: 0.00  | Queue: 0.00  | Congestion: 0.00  | Total: 0.00
[2026-07-24 21:29:20] [INFO] [TrafficSystem.PriorityCalculator]: [Rank #4] Lane: West   | PCE: 0.00  | Queue: 0.00  | Congestion: 0.00  | Total: 0.00
[2026-07-24 21:29:20] [INFO] [TrafficSystem.FairnessManager]: [Fairness] Lane: North  | Base Score: 0.00 | Wait Cycles: 3 | Bonus: +15.00 | Adjusted: 15.00
[2026-07-24 21:29:20] [INFO] [TrafficSystem.FairnessManager]: [Fairness] Lane: South  | Base Score: 0.00 | Wait Cycles: 2 | Bonus: +10.00 | Adjusted: 10.00
[2026-07-24 21:29:20] [INFO] [TrafficSystem.FairnessManager]: [Fairness] Lane: East   | Base Score: 0.00 | Wait Cycles: 1 | Bonus: +5.00 | Adjusted: 5.00
[2026-07-24 21:29:20] [INFO] [TrafficSystem.SignalScheduler]: [Scheduler] Winner: North  | Score: 15.00 | Green: 35s | Reason: NORMAL
[2026-07-24 21:29:20] [INFO] [TrafficSystem.FairnessManager]: [Fairness Updated] Green: 'North' (Reset to 0). Waiting cycles: {'North': 0, 'South': 3, 'East': 2, 'West': 1}
[2026-07-24 21:29:20] [INFO] [TrafficSystem.SignalController]: [ESP32 Hardware Command #177] GREEN -> 'North' (35s) | Reason: NORMAL
[2026-07-24 21:29:20] [INFO] [TrafficSystem.PriorityCalculator]: [Rank #1] Lane: North  | PCE: 0.00  | Queue: 0.00  | Congestion: 0.00  | Total: 0.00
[2026-07-24 21:29:20] [INFO] [TrafficSystem.PriorityCalculator]: [Rank #2] Lane: South  | PCE: 0.00  | Queue: 0.00  | Congestion: 0.00  | Total: 0.00
[2026-07-24 21:29:20] [INFO] [TrafficSystem.PriorityCalculator]: [Rank #3] Lane: East   | PCE: 0.00  | Queue: 0.00  | Congestion: 0.00  | Total: 0.00
[2026-07-24 21:29:20] [INFO] [TrafficSystem.PriorityCalculator]: [Rank #4] Lane: West   | PCE: 0.00  | Queue: 0.00  | Congestion: 0.00  | Total: 0.00
[2026-07-24 21:29:20] [INFO] [TrafficSystem.FairnessManager]: [Fairness] Lane: South  | Base Score: 0.00 | Wait Cycles: 3 | Bonus: +15.00 | Adjusted: 15.00
[2026-07-24 21:29:20] [INFO] [TrafficSystem.FairnessManager]: [Fairness] Lane: East   | Base Score: 0.00 | Wait Cycles: 2 | Bonus: +10.00 | Adjusted: 10.00
[2026-07-24 21:29:20] [INFO] [TrafficSystem.FairnessManager]: [Fairness] Lane: West   | Base Score: 0.00 | Wait Cycles: 1 | Bonus: +5.00 | Adjusted: 5.00
[2026-07-24 21:29:20] [INFO] [TrafficSystem.SignalScheduler]: [Scheduler] Winner: South  | Score: 15.00 | Green: 35s | Reason: NORMAL
[2026-07-24 21:29:20] [INFO] [TrafficSystem.FairnessManager]: [Fairness Updated] Green: 'South' (Reset to 0). Waiting cycles: {'North': 1, 'South': 0, 'East': 3, 'West': 2}
[2026-07-24 21:29:20] [INFO] [TrafficSystem.SignalController]: [ESP32 Hardware Command #178] GREEN -> 'South' (35s) | Reason: NORMAL
[2026-07-24 21:29:20] [INFO] [TrafficSystem.PriorityCalculator]: [Rank #1] Lane: North  | PCE: 0.00  | Queue: 0.00  | Congestion: 0.00  | Total: 0.00
[2026-07-24 21:29:20] [INFO] [TrafficSystem.PriorityCalculator]: [Rank #2] Lane: South  | PCE: 0.00  | Queue: 0.00  | Congestion: 0.00  | Total: 0.00
[2026-07-24 21:29:20] [INFO] [TrafficSystem.PriorityCalculator]: [Rank #3] Lane: East   | PCE: 0.00  | Queue: 0.00  | Congestion: 0.00  | Total: 0.00
[2026-07-24 21:29:20] [INFO] [TrafficSystem.PriorityCalculator]: [Rank #4] Lane: West   | PCE: 0.00  | Queue: 0.00  | Congestion: 0.00  | Total: 0.00
[2026-07-24 21:29:20] [INFO] [TrafficSystem.FairnessManager]: [Fairness] Lane: East   | Base Score: 0.00 | Wait Cycles: 3 | Bonus: +15.00 | Adjusted: 15.00
[2026-07-24 21:29:20] [INFO] [TrafficSystem.FairnessManager]: [Fairness] Lane: West   | Base Score: 0.00 | Wait Cycles: 2 | Bonus: +10.00 | Adjusted: 10.00
[2026-07-24 21:29:20] [INFO] [TrafficSystem.FairnessManager]: [Fairness] Lane: North  | Base Score: 0.00 | Wait Cycles: 1 | Bonus: +5.00 | Adjusted: 5.00
[2026-07-24 21:29:20] [INFO] [TrafficSystem.SignalScheduler]: [Scheduler] Winner: East   | Score: 15.00 | Green: 35s | Reason: NORMAL
[2026-07-24 21:29:20] [INFO] [TrafficSystem.FairnessManager]: [Fairness Updated] Green: 'East' (Reset to 0). Waiting cycles: {'North': 2, 'South': 1, 'East': 0, 'West': 3}
[2026-07-24 21:29:20] [INFO] [TrafficSystem.SignalController]: [ESP32 Hardware Command #179] GREEN -> 'East' (35s) | Reason: NORMAL
[2026-07-24 21:29:20] [INFO] [TrafficSystem.PriorityCalculator]: [Rank #1] Lane: North  | PCE: 0.00  | Queue: 0.00  | Congestion: 0.00  | Total: 0.00
[2026-07-24 21:29:20] [INFO] [TrafficSystem.PriorityCalculator]: [Rank #2] Lane: South  | PCE: 0.00  | Queue: 0.00  | Congestion: 0.00  | Total: 0.00
[2026-07-24 21:29:20] [INFO] [TrafficSystem.PriorityCalculator]: [Rank #3] Lane: East   | PCE: 0.00  | Queue: 0.00  | Congestion: 0.00  | Total: 0.00
[2026-07-24 21:29:20] [INFO] [TrafficSystem.PriorityCalculator]: [Rank #4] Lane: West   | PCE: 0.00  | Queue: 0.00  | Congestion: 0.00  | Total: 0.00
[2026-07-24 21:29:20] [INFO] [TrafficSystem.FairnessManager]: [Fairness] Lane: West   | Base Score: 0.00 | Wait Cycles: 3 | Bonus: +15.00 | Adjusted: 15.00
[2026-07-24 21:29:20] [INFO] [TrafficSystem.FairnessManager]: [Fairness] Lane: North  | Base Score: 0.00 | Wait Cycles: 2 | Bonus: +10.00 | Adjusted: 10.00
[2026-07-24 21:29:20] [INFO] [TrafficSystem.FairnessManager]: [Fairness] Lane: South  | Base Score: 0.00 | Wait Cycles: 1 | Bonus: +5.00 | Adjusted: 5.00
[2026-07-24 21:29:20] [INFO] [TrafficSystem.SignalScheduler]: [Scheduler] Winner: West   | Score: 15.00 | Green: 35s | Reason: NORMAL
[2026-07-24 21:29:20] [INFO] [TrafficSystem.FairnessManager]: [Fairness Updated] Green: 'West' (Reset to 0). Waiting cycles: {'North': 3, 'South': 2, 'East': 1, 'West': 0}
[2026-07-24 21:29:20] [INFO] [TrafficSystem.SignalController]: [ESP32 Hardware Command #180] GREEN -> 'West' (35s) | Reason: NORMAL
[2026-07-24 21:29:20] [INFO] [TrafficSystem.PriorityCalculator]: [Rank #1] Lane: North  | PCE: 0.00  | Queue: 0.00  | Congestion: 0.00  | Total: 0.00
[2026-07-24 21:29:20] [INFO] [TrafficSystem.PriorityCalculator]: [Rank #2] Lane: South  | PCE: 0.00  | Queue: 0.00  | Congestion: 0.00  | Total: 0.00
[2026-07-24 21:29:20] [INFO] [TrafficSystem.PriorityCalculator]: [Rank #3] Lane: East   | PCE: 0.00  | Queue: 0.00  | Congestion: 0.00  | Total: 0.00
[2026-07-24 21:29:20] [INFO] [TrafficSystem.PriorityCalculator]: [Rank #4] Lane: West   | PCE: 0.00  | Queue: 0.00  | Congestion: 0.00  | Total: 0.00
[2026-07-24 21:29:20] [INFO] [TrafficSystem.FairnessManager]: [Fairness] Lane: North  | Base Score: 0.00 | Wait Cycles: 3 | Bonus: +15.00 | Adjusted: 15.00
[2026-07-24 21:29:20] [INFO] [TrafficSystem.FairnessManager]: [Fairness] Lane: South  | Base Score: 0.00 | Wait Cycles: 2 | Bonus: +10.00 | Adjusted: 10.00
[2026-07-24 21:29:20] [INFO] [TrafficSystem.FairnessManager]: [Fairness] Lane: East   | Base Score: 0.00 | Wait Cycles: 1 | Bonus: +5.00 | Adjusted: 5.00
[2026-07-24 21:29:20] [INFO] [TrafficSystem.SignalScheduler]: [Scheduler] Winner: North  | Score: 15.00 | Green: 35s | Reason: NORMAL
[2026-07-24 21:29:20] [INFO] [TrafficSystem.FairnessManager]: [Fairness Updated] Green: 'North' (Reset to 0). Waiting cycles: {'North': 0, 'South': 3, 'East': 2, 'West': 1}
[2026-07-24 21:29:20] [INFO] [TrafficSystem.SignalController]: [ESP32 Hardware Command #181] GREEN -> 'North' (35s) | Reason: NORMAL
[2026-07-24 21:29:20] [INFO] [TrafficSystem.PriorityCalculator]: [Rank #1] Lane: North  | PCE: 0.00  | Queue: 0.00  | Congestion: 0.00  | Total: 0.00
[2026-07-24 21:29:20] [INFO] [TrafficSystem.PriorityCalculator]: [Rank #2] Lane: South  | PCE: 0.00  | Queue: 0.00  | Congestion: 0.00  | Total: 0.00
[2026-07-24 21:29:20] [INFO] [TrafficSystem.PriorityCalculator]: [Rank #3] Lane: East   | PCE: 0.00  | Queue: 0.00  | Congestion: 0.00  | Total: 0.00
[2026-07-24 21:29:20] [INFO] [TrafficSystem.PriorityCalculator]: [Rank #4] Lane: West   | PCE: 0.00  | Queue: 0.00  | Congestion: 0.00  | Total: 0.00
[2026-07-24 21:29:20] [INFO] [TrafficSystem.FairnessManager]: [Fairness] Lane: South  | Base Score: 0.00 | Wait Cycles: 3 | Bonus: +15.00 | Adjusted: 15.00
[2026-07-24 21:29:20] [INFO] [TrafficSystem.FairnessManager]: [Fairness] Lane: East   | Base Score: 0.00 | Wait Cycles: 2 | Bonus: +10.00 | Adjusted: 10.00
[2026-07-24 21:29:20] [INFO] [TrafficSystem.FairnessManager]: [Fairness] Lane: West   | Base Score: 0.00 | Wait Cycles: 1 | Bonus: +5.00 | Adjusted: 5.00
[2026-07-24 21:29:20] [INFO] [TrafficSystem.SignalScheduler]: [Scheduler] Winner: South  | Score: 15.00 | Green: 35s | Reason: NORMAL
[2026-07-24 21:29:20] [INFO] [TrafficSystem.FairnessManager]: [Fairness Updated] Green: 'South' (Reset to 0). Waiting cycles: {'North': 1, 'South': 0, 'East': 3, 'West': 2}
[2026-07-24 21:29:20] [INFO] [TrafficSystem.SignalController]: [ESP32 Hardware Command #182] GREEN -> 'South' (35s) | Reason: NORMAL
[2026-07-24 21:29:20] [INFO] [TrafficSystem.PriorityCalculator]: [Rank #1] Lane: North  | PCE: 0.00  | Queue: 0.00  | Congestion: 0.00  | Total: 0.00
[2026-07-24 21:29:20] [INFO] [TrafficSystem.PriorityCalculator]: [Rank #2] Lane: South  | PCE: 0.00  | Queue: 0.00  | Congestion: 0.00  | Total: 0.00
[2026-07-24 21:29:20] [INFO] [TrafficSystem.PriorityCalculator]: [Rank #3] Lane: East   | PCE: 0.00  | Queue: 0.00  | Congestion: 0.00  | Total: 0.00
[2026-07-24 21:29:20] [INFO] [TrafficSystem.PriorityCalculator]: [Rank #4] Lane: West   | PCE: 0.00  | Queue: 0.00  | Congestion: 0.00  | Total: 0.00
[2026-07-24 21:29:20] [INFO] [TrafficSystem.FairnessManager]: [Fairness] Lane: East   | Base Score: 0.00 | Wait Cycles: 3 | Bonus: +15.00 | Adjusted: 15.00
[2026-07-24 21:29:20] [INFO] [TrafficSystem.FairnessManager]: [Fairness] Lane: West   | Base Score: 0.00 | Wait Cycles: 2 | Bonus: +10.00 | Adjusted: 10.00
[2026-07-24 21:29:20] [INFO] [TrafficSystem.FairnessManager]: [Fairness] Lane: North  | Base Score: 0.00 | Wait Cycles: 1 | Bonus: +5.00 | Adjusted: 5.00
[2026-07-24 21:29:20] [INFO] [TrafficSystem.SignalScheduler]: [Scheduler] Winner: East   | Score: 15.00 | Green: 35s | Reason: NORMAL
[2026-07-24 21:29:20] [INFO] [TrafficSystem.FairnessManager]: [Fairness Updated] Green: 'East' (Reset to 0). Waiting cycles: {'North': 2, 'South': 1, 'East': 0, 'West': 3}
[2026-07-24 21:29:20] [INFO] [TrafficSystem.SignalController]: [ESP32 Hardware Command #183] GREEN -> 'East' (35s) | Reason: NORMAL
[2026-07-24 21:29:20] [INFO] [TrafficSystem.PriorityCalculator]: [Rank #1] Lane: North  | PCE: 0.00  | Queue: 0.00  | Congestion: 0.00  | Total: 0.00
[2026-07-24 21:29:20] [INFO] [TrafficSystem.PriorityCalculator]: [Rank #2] Lane: South  | PCE: 0.00  | Queue: 0.00  | Congestion: 0.00  | Total: 0.00
[2026-07-24 21:29:20] [INFO] [TrafficSystem.PriorityCalculator]: [Rank #3] Lane: East   | PCE: 0.00  | Queue: 0.00  | Congestion: 0.00  | Total: 0.00
[2026-07-24 21:29:20] [INFO] [TrafficSystem.PriorityCalculator]: [Rank #4] Lane: West   | PCE: 0.00  | Queue: 0.00  | Congestion: 0.00  | Total: 0.00
[2026-07-24 21:29:20] [INFO] [TrafficSystem.FairnessManager]: [Fairness] Lane: West   | Base Score: 0.00 | Wait Cycles: 3 | Bonus: +15.00 | Adjusted: 15.00
[2026-07-24 21:29:20] [INFO] [TrafficSystem.FairnessManager]: [Fairness] Lane: North  | Base Score: 0.00 | Wait Cycles: 2 | Bonus: +10.00 | Adjusted: 10.00
[2026-07-24 21:29:20] [INFO] [TrafficSystem.FairnessManager]: [Fairness] Lane: South  | Base Score: 0.00 | Wait Cycles: 1 | Bonus: +5.00 | Adjusted: 5.00
[2026-07-24 21:29:20] [INFO] [TrafficSystem.SignalScheduler]: [Scheduler] Winner: West   | Score: 15.00 | Green: 35s | Reason: NORMAL
[2026-07-24 21:29:20] [INFO] [TrafficSystem.FairnessManager]: [Fairness Updated] Green: 'West' (Reset to 0). Waiting cycles: {'North': 3, 'South': 2, 'East': 1, 'West': 0}
[2026-07-24 21:29:20] [INFO] [TrafficSystem.SignalController]: [ESP32 Hardware Command #184] GREEN -> 'West' (35s) | Reason: NORMAL
[2026-07-24 21:29:21] [INFO] [TrafficSystem.PriorityCalculator]: [Rank #1] Lane: North  | PCE: 0.00  | Queue: 0.00  | Congestion: 0.00  | Total: 0.00
[2026-07-24 21:29:21] [INFO] [TrafficSystem.PriorityCalculator]: [Rank #2] Lane: South  | PCE: 0.00  | Queue: 0.00  | Congestion: 0.00  | Total: 0.00
[2026-07-24 21:29:21] [INFO] [TrafficSystem.PriorityCalculator]: [Rank #3] Lane: East   | PCE: 0.00  | Queue: 0.00  | Congestion: 0.00  | Total: 0.00
[2026-07-24 21:29:21] [INFO] [TrafficSystem.PriorityCalculator]: [Rank #4] Lane: West   | PCE: 0.00  | Queue: 0.00  | Congestion: 0.00  | Total: 0.00
[2026-07-24 21:29:21] [INFO] [TrafficSystem.FairnessManager]: [Fairness] Lane: North  | Base Score: 0.00 | Wait Cycles: 3 | Bonus: +15.00 | Adjusted: 15.00
[2026-07-24 21:29:21] [INFO] [TrafficSystem.FairnessManager]: [Fairness] Lane: South  | Base Score: 0.00 | Wait Cycles: 2 | Bonus: +10.00 | Adjusted: 10.00
[2026-07-24 21:29:21] [INFO] [TrafficSystem.FairnessManager]: [Fairness] Lane: East   | Base Score: 0.00 | Wait Cycles: 1 | Bonus: +5.00 | Adjusted: 5.00
[2026-07-24 21:29:21] [INFO] [TrafficSystem.SignalScheduler]: [Scheduler] Winner: North  | Score: 15.00 | Green: 35s | Reason: NORMAL
[2026-07-24 21:29:21] [INFO] [TrafficSystem.FairnessManager]: [Fairness Updated] Green: 'North' (Reset to 0). Waiting cycles: {'North': 0, 'South': 3, 'East': 2, 'West': 1}
[2026-07-24 21:29:21] [INFO] [TrafficSystem.SignalController]: [ESP32 Hardware Command #185] GREEN -> 'North' (35s) | Reason: NORMAL
[2026-07-24 21:29:21] [INFO] [TrafficSystem.PriorityCalculator]: [Rank #1] Lane: North  | PCE: 0.00  | Queue: 0.00  | Congestion: 0.00  | Total: 0.00
[2026-07-24 21:29:21] [INFO] [TrafficSystem.PriorityCalculator]: [Rank #2] Lane: South  | PCE: 0.00  | Queue: 0.00  | Congestion: 0.00  | Total: 0.00
[2026-07-24 21:29:21] [INFO] [TrafficSystem.PriorityCalculator]: [Rank #3] Lane: East   | PCE: 0.00  | Queue: 0.00  | Congestion: 0.00  | Total: 0.00
[2026-07-24 21:29:21] [INFO] [TrafficSystem.PriorityCalculator]: [Rank #4] Lane: West   | PCE: 0.00  | Queue: 0.00  | Congestion: 0.00  | Total: 0.00
[2026-07-24 21:29:21] [INFO] [TrafficSystem.FairnessManager]: [Fairness] Lane: South  | Base Score: 0.00 | Wait Cycles: 3 | Bonus: +15.00 | Adjusted: 15.00
[2026-07-24 21:29:21] [INFO] [TrafficSystem.FairnessManager]: [Fairness] Lane: East   | Base Score: 0.00 | Wait Cycles: 2 | Bonus: +10.00 | Adjusted: 10.00
[2026-07-24 21:29:21] [INFO] [TrafficSystem.FairnessManager]: [Fairness] Lane: West   | Base Score: 0.00 | Wait Cycles: 1 | Bonus: +5.00 | Adjusted: 5.00
[2026-07-24 21:29:21] [INFO] [TrafficSystem.SignalScheduler]: [Scheduler] Winner: South  | Score: 15.00 | Green: 35s | Reason: NORMAL
[2026-07-24 21:29:21] [INFO] [TrafficSystem.FairnessManager]: [Fairness Updated] Green: 'South' (Reset to 0). Waiting cycles: {'North': 1, 'South': 0, 'East': 3, 'West': 2}
[2026-07-24 21:29:21] [INFO] [TrafficSystem.SignalController]: [ESP32 Hardware Command #186] GREEN -> 'South' (35s) | Reason: NORMAL
[2026-07-24 21:29:21] [INFO] [TrafficSystem.PriorityCalculator]: [Rank #1] Lane: North  | PCE: 0.00  | Queue: 0.00  | Congestion: 0.00  | Total: 0.00
[2026-07-24 21:29:21] [INFO] [TrafficSystem.PriorityCalculator]: [Rank #2] Lane: South  | PCE: 0.00  | Queue: 0.00  | Congestion: 0.00  | Total: 0.00
[2026-07-24 21:29:21] [INFO] [TrafficSystem.PriorityCalculator]: [Rank #3] Lane: East   | PCE: 0.00  | Queue: 0.00  | Congestion: 0.00  | Total: 0.00
[2026-07-24 21:29:21] [INFO] [TrafficSystem.PriorityCalculator]: [Rank #4] Lane: West   | PCE: 0.00  | Queue: 0.00  | Congestion: 0.00  | Total: 0.00
[2026-07-24 21:29:21] [INFO] [TrafficSystem.FairnessManager]: [Fairness] Lane: East   | Base Score: 0.00 | Wait Cycles: 3 | Bonus: +15.00 | Adjusted: 15.00
[2026-07-24 21:29:21] [INFO] [TrafficSystem.FairnessManager]: [Fairness] Lane: West   | Base Score: 0.00 | Wait Cycles: 2 | Bonus: +10.00 | Adjusted: 10.00
[2026-07-24 21:29:21] [INFO] [TrafficSystem.FairnessManager]: [Fairness] Lane: North  | Base Score: 0.00 | Wait Cycles: 1 | Bonus: +5.00 | Adjusted: 5.00
[2026-07-24 21:29:21] [INFO] [TrafficSystem.SignalScheduler]: [Scheduler] Winner: East   | Score: 15.00 | Green: 35s | Reason: NORMAL
[2026-07-24 21:29:21] [INFO] [TrafficSystem.FairnessManager]: [Fairness Updated] Green: 'East' (Reset to 0). Waiting cycles: {'North': 2, 'South': 1, 'East': 0, 'West': 3}
[2026-07-24 21:29:21] [INFO] [TrafficSystem.SignalController]: [ESP32 Hardware Command #187] GREEN -> 'East' (35s) | Reason: NORMAL
[2026-07-24 21:29:21] [INFO] [TrafficSystem.PriorityCalculator]: [Rank #1] Lane: North  | PCE: 0.00  | Queue: 0.00  | Congestion: 0.00  | Total: 0.00
[2026-07-24 21:29:21] [INFO] [TrafficSystem.PriorityCalculator]: [Rank #2] Lane: South  | PCE: 0.00  | Queue: 0.00  | Congestion: 0.00  | Total: 0.00
[2026-07-24 21:29:21] [INFO] [TrafficSystem.PriorityCalculator]: [Rank #3] Lane: East   | PCE: 0.00  | Queue: 0.00  | Congestion: 0.00  | Total: 0.00
[2026-07-24 21:29:21] [INFO] [TrafficSystem.PriorityCalculator]: [Rank #4] Lane: West   | PCE: 0.00  | Queue: 0.00  | Congestion: 0.00  | Total: 0.00
[2026-07-24 21:29:21] [INFO] [TrafficSystem.FairnessManager]: [Fairness] Lane: West   | Base Score: 0.00 | Wait Cycles: 3 | Bonus: +15.00 | Adjusted: 15.00
[2026-07-24 21:29:21] [INFO] [TrafficSystem.FairnessManager]: [Fairness] Lane: North  | Base Score: 0.00 | Wait Cycles: 2 | Bonus: +10.00 | Adjusted: 10.00
[2026-07-24 21:29:21] [INFO] [TrafficSystem.FairnessManager]: [Fairness] Lane: South  | Base Score: 0.00 | Wait Cycles: 1 | Bonus: +5.00 | Adjusted: 5.00
[2026-07-24 21:29:21] [INFO] [TrafficSystem.SignalScheduler]: [Scheduler] Winner: West   | Score: 15.00 | Green: 35s | Reason: NORMAL
[2026-07-24 21:29:21] [INFO] [TrafficSystem.FairnessManager]: [Fairness Updated] Green: 'West' (Reset to 0). Waiting cycles: {'North': 3, 'South': 2, 'East': 1, 'West': 0}
[2026-07-24 21:29:21] [INFO] [TrafficSystem.SignalController]: [ESP32 Hardware Command #188] GREEN -> 'West' (35s) | Reason: NORMAL
[2026-07-24 21:29:21] [INFO] [TrafficSystem.PriorityCalculator]: [Rank #1] Lane: North  | PCE: 0.00  | Queue: 0.00  | Congestion: 0.00  | Total: 0.00
[2026-07-24 21:29:21] [INFO] [TrafficSystem.PriorityCalculator]: [Rank #2] Lane: South  | PCE: 0.00  | Queue: 0.00  | Congestion: 0.00  | Total: 0.00
[2026-07-24 21:29:21] [INFO] [TrafficSystem.PriorityCalculator]: [Rank #3] Lane: East   | PCE: 0.00  | Queue: 0.00  | Congestion: 0.00  | Total: 0.00
[2026-07-24 21:29:21] [INFO] [TrafficSystem.PriorityCalculator]: [Rank #4] Lane: West   | PCE: 0.00  | Queue: 0.00  | Congestion: 0.00  | Total: 0.00
[2026-07-24 21:29:21] [INFO] [TrafficSystem.FairnessManager]: [Fairness] Lane: North  | Base Score: 0.00 | Wait Cycles: 3 | Bonus: +15.00 | Adjusted: 15.00
[2026-07-24 21:29:21] [INFO] [TrafficSystem.FairnessManager]: [Fairness] Lane: South  | Base Score: 0.00 | Wait Cycles: 2 | Bonus: +10.00 | Adjusted: 10.00
[2026-07-24 21:29:21] [INFO] [TrafficSystem.FairnessManager]: [Fairness] Lane: East   | Base Score: 0.00 | Wait Cycles: 1 | Bonus: +5.00 | Adjusted: 5.00
[2026-07-24 21:29:21] [INFO] [TrafficSystem.SignalScheduler]: [Scheduler] Winner: North  | Score: 15.00 | Green: 35s | Reason: NORMAL
[2026-07-24 21:29:21] [INFO] [TrafficSystem.FairnessManager]: [Fairness Updated] Green: 'North' (Reset to 0). Waiting cycles: {'North': 0, 'South': 3, 'East': 2, 'West': 1}
[2026-07-24 21:29:21] [INFO] [TrafficSystem.SignalController]: [ESP32 Hardware Command #189] GREEN -> 'North' (35s) | Reason: NORMAL
[2026-07-24 21:29:21] [INFO] [TrafficSystem.PriorityCalculator]: [Rank #1] Lane: North  | PCE: 0.00  | Queue: 0.00  | Congestion: 0.00  | Total: 0.00
[2026-07-24 21:29:21] [INFO] [TrafficSystem.PriorityCalculator]: [Rank #2] Lane: South  | PCE: 0.00  | Queue: 0.00  | Congestion: 0.00  | Total: 0.00
[2026-07-24 21:29:21] [INFO] [TrafficSystem.PriorityCalculator]: [Rank #3] Lane: East   | PCE: 0.00  | Queue: 0.00  | Congestion: 0.00  | Total: 0.00
[2026-07-24 21:29:21] [INFO] [TrafficSystem.PriorityCalculator]: [Rank #4] Lane: West   | PCE: 0.00  | Queue: 0.00  | Congestion: 0.00  | Total: 0.00
[2026-07-24 21:29:21] [INFO] [TrafficSystem.FairnessManager]: [Fairness] Lane: South  | Base Score: 0.00 | Wait Cycles: 3 | Bonus: +15.00 | Adjusted: 15.00
[2026-07-24 21:29:21] [INFO] [TrafficSystem.FairnessManager]: [Fairness] Lane: East   | Base Score: 0.00 | Wait Cycles: 2 | Bonus: +10.00 | Adjusted: 10.00
[2026-07-24 21:29:21] [INFO] [TrafficSystem.FairnessManager]: [Fairness] Lane: West   | Base Score: 0.00 | Wait Cycles: 1 | Bonus: +5.00 | Adjusted: 5.00
[2026-07-24 21:29:21] [INFO] [TrafficSystem.SignalScheduler]: [Scheduler] Winner: South  | Score: 15.00 | Green: 35s | Reason: NORMAL
[2026-07-24 21:29:21] [INFO] [TrafficSystem.FairnessManager]: [Fairness Updated] Green: 'South' (Reset to 0). Waiting cycles: {'North': 1, 'South': 0, 'East': 3, 'West': 2}
[2026-07-24 21:29:21] [INFO] [TrafficSystem.SignalController]: [ESP32 Hardware Command #190] GREEN -> 'South' (35s) | Reason: NORMAL
[2026-07-24 21:29:21] [INFO] [TrafficSystem.PriorityCalculator]: [Rank #1] Lane: North  | PCE: 0.00  | Queue: 0.00  | Congestion: 0.00  | Total: 0.00
[2026-07-24 21:29:21] [INFO] [TrafficSystem.PriorityCalculator]: [Rank #2] Lane: South  | PCE: 0.00  | Queue: 0.00  | Congestion: 0.00  | Total: 0.00
[2026-07-24 21:29:21] [INFO] [TrafficSystem.PriorityCalculator]: [Rank #3] Lane: East   | PCE: 0.00  | Queue: 0.00  | Congestion: 0.00  | Total: 0.00
[2026-07-24 21:29:21] [INFO] [TrafficSystem.PriorityCalculator]: [Rank #4] Lane: West   | PCE: 0.00  | Queue: 0.00  | Congestion: 0.00  | Total: 0.00
[2026-07-24 21:29:21] [INFO] [TrafficSystem.FairnessManager]: [Fairness] Lane: East   | Base Score: 0.00 | Wait Cycles: 3 | Bonus: +15.00 | Adjusted: 15.00
[2026-07-24 21:29:21] [INFO] [TrafficSystem.FairnessManager]: [Fairness] Lane: West   | Base Score: 0.00 | Wait Cycles: 2 | Bonus: +10.00 | Adjusted: 10.00
[2026-07-24 21:29:21] [INFO] [TrafficSystem.FairnessManager]: [Fairness] Lane: North  | Base Score: 0.00 | Wait Cycles: 1 | Bonus: +5.00 | Adjusted: 5.00
[2026-07-24 21:29:21] [INFO] [TrafficSystem.SignalScheduler]: [Scheduler] Winner: East   | Score: 15.00 | Green: 35s | Reason: NORMAL
[2026-07-24 21:29:21] [INFO] [TrafficSystem.FairnessManager]: [Fairness Updated] Green: 'East' (Reset to 0). Waiting cycles: {'North': 2, 'South': 1, 'East': 0, 'West': 3}
[2026-07-24 21:29:21] [INFO] [TrafficSystem.SignalController]: [ESP32 Hardware Command #191] GREEN -> 'East' (35s) | Reason: NORMAL
[2026-07-24 21:29:21] [INFO] [TrafficSystem.PriorityCalculator]: [Rank #1] Lane: North  | PCE: 0.00  | Queue: 0.00  | Congestion: 0.00  | Total: 0.00
[2026-07-24 21:29:21] [INFO] [TrafficSystem.PriorityCalculator]: [Rank #2] Lane: South  | PCE: 0.00  | Queue: 0.00  | Congestion: 0.00  | Total: 0.00
[2026-07-24 21:29:21] [INFO] [TrafficSystem.PriorityCalculator]: [Rank #3] Lane: East   | PCE: 0.00  | Queue: 0.00  | Congestion: 0.00  | Total: 0.00
[2026-07-24 21:29:21] [INFO] [TrafficSystem.PriorityCalculator]: [Rank #4] Lane: West   | PCE: 0.00  | Queue: 0.00  | Congestion: 0.00  | Total: 0.00
[2026-07-24 21:29:21] [INFO] [TrafficSystem.FairnessManager]: [Fairness] Lane: West   | Base Score: 0.00 | Wait Cycles: 3 | Bonus: +15.00 | Adjusted: 15.00
[2026-07-24 21:29:21] [INFO] [TrafficSystem.FairnessManager]: [Fairness] Lane: North  | Base Score: 0.00 | Wait Cycles: 2 | Bonus: +10.00 | Adjusted: 10.00
[2026-07-24 21:29:21] [INFO] [TrafficSystem.FairnessManager]: [Fairness] Lane: South  | Base Score: 0.00 | Wait Cycles: 1 | Bonus: +5.00 | Adjusted: 5.00
[2026-07-24 21:29:21] [INFO] [TrafficSystem.SignalScheduler]: [Scheduler] Winner: West   | Score: 15.00 | Green: 35s | Reason: NORMAL
[2026-07-24 21:29:21] [INFO] [TrafficSystem.FairnessManager]: [Fairness Updated] Green: 'West' (Reset to 0). Waiting cycles: {'North': 3, 'South': 2, 'East': 1, 'West': 0}
[2026-07-24 21:29:21] [INFO] [TrafficSystem.SignalController]: [ESP32 Hardware Command #192] GREEN -> 'West' (35s) | Reason: NORMAL
[2026-07-24 21:29:22] [INFO] [TrafficSystem.PriorityCalculator]: [Rank #1] Lane: North  | PCE: 0.00  | Queue: 0.00  | Congestion: 0.00  | Total: 0.00
[2026-07-24 21:29:22] [INFO] [TrafficSystem.PriorityCalculator]: [Rank #2] Lane: South  | PCE: 0.00  | Queue: 0.00  | Congestion: 0.00  | Total: 0.00
[2026-07-24 21:29:22] [INFO] [TrafficSystem.PriorityCalculator]: [Rank #3] Lane: East   | PCE: 0.00  | Queue: 0.00  | Congestion: 0.00  | Total: 0.00
[2026-07-24 21:29:22] [INFO] [TrafficSystem.PriorityCalculator]: [Rank #4] Lane: West   | PCE: 0.00  | Queue: 0.00  | Congestion: 0.00  | Total: 0.00
[2026-07-24 21:29:22] [INFO] [TrafficSystem.FairnessManager]: [Fairness] Lane: North  | Base Score: 0.00 | Wait Cycles: 3 | Bonus: +15.00 | Adjusted: 15.00
[2026-07-24 21:29:22] [INFO] [TrafficSystem.FairnessManager]: [Fairness] Lane: South  | Base Score: 0.00 | Wait Cycles: 2 | Bonus: +10.00 | Adjusted: 10.00
[2026-07-24 21:29:22] [INFO] [TrafficSystem.FairnessManager]: [Fairness] Lane: East   | Base Score: 0.00 | Wait Cycles: 1 | Bonus: +5.00 | Adjusted: 5.00
[2026-07-24 21:29:22] [INFO] [TrafficSystem.SignalScheduler]: [Scheduler] Winner: North  | Score: 15.00 | Green: 35s | Reason: NORMAL
[2026-07-24 21:29:22] [INFO] [TrafficSystem.FairnessManager]: [Fairness Updated] Green: 'North' (Reset to 0). Waiting cycles: {'North': 0, 'South': 3, 'East': 2, 'West': 1}
[2026-07-24 21:29:22] [INFO] [TrafficSystem.SignalController]: [ESP32 Hardware Command #193] GREEN -> 'North' (35s) | Reason: NORMAL
[2026-07-24 21:29:22] [INFO] [TrafficSystem.PriorityCalculator]: [Rank #1] Lane: North  | PCE: 0.00  | Queue: 0.00  | Congestion: 0.00  | Total: 0.00
[2026-07-24 21:29:22] [INFO] [TrafficSystem.PriorityCalculator]: [Rank #2] Lane: South  | PCE: 0.00  | Queue: 0.00  | Congestion: 0.00  | Total: 0.00
[2026-07-24 21:29:22] [INFO] [TrafficSystem.PriorityCalculator]: [Rank #3] Lane: East   | PCE: 0.00  | Queue: 0.00  | Congestion: 0.00  | Total: 0.00
[2026-07-24 21:29:22] [INFO] [TrafficSystem.PriorityCalculator]: [Rank #4] Lane: West   | PCE: 0.00  | Queue: 0.00  | Congestion: 0.00  | Total: 0.00
[2026-07-24 21:29:22] [INFO] [TrafficSystem.FairnessManager]: [Fairness] Lane: South  | Base Score: 0.00 | Wait Cycles: 3 | Bonus: +15.00 | Adjusted: 15.00
[2026-07-24 21:29:22] [INFO] [TrafficSystem.FairnessManager]: [Fairness] Lane: East   | Base Score: 0.00 | Wait Cycles: 2 | Bonus: +10.00 | Adjusted: 10.00
[2026-07-24 21:29:22] [INFO] [TrafficSystem.FairnessManager]: [Fairness] Lane: West   | Base Score: 0.00 | Wait Cycles: 1 | Bonus: +5.00 | Adjusted: 5.00
[2026-07-24 21:29:22] [INFO] [TrafficSystem.SignalScheduler]: [Scheduler] Winner: South  | Score: 15.00 | Green: 35s | Reason: NORMAL
[2026-07-24 21:29:22] [INFO] [TrafficSystem.FairnessManager]: [Fairness Updated] Green: 'South' (Reset to 0). Waiting cycles: {'North': 1, 'South': 0, 'East': 3, 'West': 2}
[2026-07-24 21:29:22] [INFO] [TrafficSystem.SignalController]: [ESP32 Hardware Command #194] GREEN -> 'South' (35s) | Reason: NORMAL
[2026-07-24 21:29:22] [INFO] [TrafficSystem.PriorityCalculator]: [Rank #1] Lane: North  | PCE: 0.00  | Queue: 0.00  | Congestion: 0.00  | Total: 0.00
[2026-07-24 21:29:22] [INFO] [TrafficSystem.PriorityCalculator]: [Rank #2] Lane: South  | PCE: 0.00  | Queue: 0.00  | Congestion: 0.00  | Total: 0.00
[2026-07-24 21:29:22] [INFO] [TrafficSystem.PriorityCalculator]: [Rank #3] Lane: East   | PCE: 0.00  | Queue: 0.00  | Congestion: 0.00  | Total: 0.00
[2026-07-24 21:29:22] [INFO] [TrafficSystem.PriorityCalculator]: [Rank #4] Lane: West   | PCE: 0.00  | Queue: 0.00  | Congestion: 0.00  | Total: 0.00
[2026-07-24 21:29:22] [INFO] [TrafficSystem.FairnessManager]: [Fairness] Lane: East   | Base Score: 0.00 | Wait Cycles: 3 | Bonus: +15.00 | Adjusted: 15.00
[2026-07-24 21:29:22] [INFO] [TrafficSystem.FairnessManager]: [Fairness] Lane: West   | Base Score: 0.00 | Wait Cycles: 2 | Bonus: +10.00 | Adjusted: 10.00
[2026-07-24 21:29:22] [INFO] [TrafficSystem.FairnessManager]: [Fairness] Lane: North  | Base Score: 0.00 | Wait Cycles: 1 | Bonus: +5.00 | Adjusted: 5.00
[2026-07-24 21:29:22] [INFO] [TrafficSystem.SignalScheduler]: [Scheduler] Winner: East   | Score: 15.00 | Green: 35s | Reason: NORMAL
[2026-07-24 21:29:22] [INFO] [TrafficSystem.FairnessManager]: [Fairness Updated] Green: 'East' (Reset to 0). Waiting cycles: {'North': 2, 'South': 1, 'East': 0, 'West': 3}
[2026-07-24 21:29:22] [INFO] [TrafficSystem.SignalController]: [ESP32 Hardware Command #195] GREEN -> 'East' (35s) | Reason: NORMAL
[2026-07-24 21:29:22] [INFO] [TrafficSystem.PriorityCalculator]: [Rank #1] Lane: North  | PCE: 0.00  | Queue: 0.00  | Congestion: 0.00  | Total: 0.00
[2026-07-24 21:29:22] [INFO] [TrafficSystem.PriorityCalculator]: [Rank #2] Lane: South  | PCE: 0.00  | Queue: 0.00  | Congestion: 0.00  | Total: 0.00
[2026-07-24 21:29:22] [INFO] [TrafficSystem.PriorityCalculator]: [Rank #3] Lane: East   | PCE: 0.00  | Queue: 0.00  | Congestion: 0.00  | Total: 0.00
[2026-07-24 21:29:22] [INFO] [TrafficSystem.PriorityCalculator]: [Rank #4] Lane: West   | PCE: 0.00  | Queue: 0.00  | Congestion: 0.00  | Total: 0.00
[2026-07-24 21:29:22] [INFO] [TrafficSystem.FairnessManager]: [Fairness] Lane: West   | Base Score: 0.00 | Wait Cycles: 3 | Bonus: +15.00 | Adjusted: 15.00
[2026-07-24 21:29:22] [INFO] [TrafficSystem.FairnessManager]: [Fairness] Lane: North  | Base Score: 0.00 | Wait Cycles: 2 | Bonus: +10.00 | Adjusted: 10.00
[2026-07-24 21:29:22] [INFO] [TrafficSystem.FairnessManager]: [Fairness] Lane: South  | Base Score: 0.00 | Wait Cycles: 1 | Bonus: +5.00 | Adjusted: 5.00
[2026-07-24 21:29:22] [INFO] [TrafficSystem.SignalScheduler]: [Scheduler] Winner: West   | Score: 15.00 | Green: 35s | Reason: NORMAL
[2026-07-24 21:29:22] [INFO] [TrafficSystem.FairnessManager]: [Fairness Updated] Green: 'West' (Reset to 0). Waiting cycles: {'North': 3, 'South': 2, 'East': 1, 'West': 0}
[2026-07-24 21:29:22] [INFO] [TrafficSystem.SignalController]: [ESP32 Hardware Command #196] GREEN -> 'West' (35s) | Reason: NORMAL
[2026-07-24 21:29:22] [INFO] [TrafficSystem.PriorityCalculator]: [Rank #1] Lane: North  | PCE: 0.00  | Queue: 0.00  | Congestion: 0.00  | Total: 0.00
[2026-07-24 21:29:22] [INFO] [TrafficSystem.PriorityCalculator]: [Rank #2] Lane: South  | PCE: 0.00  | Queue: 0.00  | Congestion: 0.00  | Total: 0.00
[2026-07-24 21:29:22] [INFO] [TrafficSystem.PriorityCalculator]: [Rank #3] Lane: East   | PCE: 0.00  | Queue: 0.00  | Congestion: 0.00  | Total: 0.00
[2026-07-24 21:29:22] [INFO] [TrafficSystem.PriorityCalculator]: [Rank #4] Lane: West   | PCE: 0.00  | Queue: 0.00  | Congestion: 0.00  | Total: 0.00
[2026-07-24 21:29:22] [INFO] [TrafficSystem.FairnessManager]: [Fairness] Lane: North  | Base Score: 0.00 | Wait Cycles: 3 | Bonus: +15.00 | Adjusted: 15.00
[2026-07-24 21:29:22] [INFO] [TrafficSystem.FairnessManager]: [Fairness] Lane: South  | Base Score: 0.00 | Wait Cycles: 2 | Bonus: +10.00 | Adjusted: 10.00
[2026-07-24 21:29:22] [INFO] [TrafficSystem.FairnessManager]: [Fairness] Lane: East   | Base Score: 0.00 | Wait Cycles: 1 | Bonus: +5.00 | Adjusted: 5.00
[2026-07-24 21:29:22] [INFO] [TrafficSystem.SignalScheduler]: [Scheduler] Winner: North  | Score: 15.00 | Green: 35s | Reason: NORMAL
[2026-07-24 21:29:22] [INFO] [TrafficSystem.FairnessManager]: [Fairness Updated] Green: 'North' (Reset to 0). Waiting cycles: {'North': 0, 'South': 3, 'East': 2, 'West': 1}
[2026-07-24 21:29:22] [INFO] [TrafficSystem.SignalController]: [ESP32 Hardware Command #197] GREEN -> 'North' (35s) | Reason: NORMAL
[2026-07-24 21:29:22] [INFO] [TrafficSystem.PriorityCalculator]: [Rank #1] Lane: North  | PCE: 0.00  | Queue: 0.00  | Congestion: 0.00  | Total: 0.00
[2026-07-24 21:29:22] [INFO] [TrafficSystem.PriorityCalculator]: [Rank #2] Lane: South  | PCE: 0.00  | Queue: 0.00  | Congestion: 0.00  | Total: 0.00
[2026-07-24 21:29:22] [INFO] [TrafficSystem.PriorityCalculator]: [Rank #3] Lane: East   | PCE: 0.00  | Queue: 0.00  | Congestion: 0.00  | Total: 0.00
[2026-07-24 21:29:22] [INFO] [TrafficSystem.PriorityCalculator]: [Rank #4] Lane: West   | PCE: 0.00  | Queue: 0.00  | Congestion: 0.00  | Total: 0.00
[2026-07-24 21:29:22] [INFO] [TrafficSystem.FairnessManager]: [Fairness] Lane: South  | Base Score: 0.00 | Wait Cycles: 3 | Bonus: +15.00 | Adjusted: 15.00
[2026-07-24 21:29:22] [INFO] [TrafficSystem.FairnessManager]: [Fairness] Lane: East   | Base Score: 0.00 | Wait Cycles: 2 | Bonus: +10.00 | Adjusted: 10.00
[2026-07-24 21:29:22] [INFO] [TrafficSystem.FairnessManager]: [Fairness] Lane: West   | Base Score: 0.00 | Wait Cycles: 1 | Bonus: +5.00 | Adjusted: 5.00
[2026-07-24 21:29:22] [INFO] [TrafficSystem.SignalScheduler]: [Scheduler] Winner: South  | Score: 15.00 | Green: 35s | Reason: NORMAL
[2026-07-24 21:29:22] [INFO] [TrafficSystem.FairnessManager]: [Fairness Updated] Green: 'South' (Reset to 0). Waiting cycles: {'North': 1, 'South': 0, 'East': 3, 'West': 2}
[2026-07-24 21:29:22] [INFO] [TrafficSystem.SignalController]: [ESP32 Hardware Command #198] GREEN -> 'South' (35s) | Reason: NORMAL
[2026-07-24 21:29:22] [INFO] [TrafficSystem.PriorityCalculator]: [Rank #1] Lane: North  | PCE: 0.00  | Queue: 0.00  | Congestion: 0.00  | Total: 0.00
[2026-07-24 21:29:22] [INFO] [TrafficSystem.PriorityCalculator]: [Rank #2] Lane: South  | PCE: 0.00  | Queue: 0.00  | Congestion: 0.00  | Total: 0.00
[2026-07-24 21:29:22] [INFO] [TrafficSystem.PriorityCalculator]: [Rank #3] Lane: East   | PCE: 0.00  | Queue: 0.00  | Congestion: 0.00  | Total: 0.00
[2026-07-24 21:29:22] [INFO] [TrafficSystem.PriorityCalculator]: [Rank #4] Lane: West   | PCE: 0.00  | Queue: 0.00  | Congestion: 0.00  | Total: 0.00
[2026-07-24 21:29:22] [INFO] [TrafficSystem.FairnessManager]: [Fairness] Lane: East   | Base Score: 0.00 | Wait Cycles: 3 | Bonus: +15.00 | Adjusted: 15.00
[2026-07-24 21:29:22] [INFO] [TrafficSystem.FairnessManager]: [Fairness] Lane: West   | Base Score: 0.00 | Wait Cycles: 2 | Bonus: +10.00 | Adjusted: 10.00
[2026-07-24 21:29:22] [INFO] [TrafficSystem.FairnessManager]: [Fairness] Lane: North  | Base Score: 0.00 | Wait Cycles: 1 | Bonus: +5.00 | Adjusted: 5.00
[2026-07-24 21:29:22] [INFO] [TrafficSystem.SignalScheduler]: [Scheduler] Winner: East   | Score: 15.00 | Green: 35s | Reason: NORMAL
[2026-07-24 21:29:22] [INFO] [TrafficSystem.FairnessManager]: [Fairness Updated] Green: 'East' (Reset to 0). Waiting cycles: {'North': 2, 'South': 1, 'East': 0, 'West': 3}
[2026-07-24 21:29:22] [INFO] [TrafficSystem.SignalController]: [ESP32 Hardware Command #199] GREEN -> 'East' (35s) | Reason: NORMAL
[2026-07-24 21:29:22] [INFO] [TrafficSystem.PriorityCalculator]: [Rank #1] Lane: North  | PCE: 0.00  | Queue: 0.00  | Congestion: 0.00  | Total: 0.00
[2026-07-24 21:29:22] [INFO] [TrafficSystem.PriorityCalculator]: [Rank #2] Lane: South  | PCE: 0.00  | Queue: 0.00  | Congestion: 0.00  | Total: 0.00
[2026-07-24 21:29:22] [INFO] [TrafficSystem.PriorityCalculator]: [Rank #3] Lane: East   | PCE: 0.00  | Queue: 0.00  | Congestion: 0.00  | Total: 0.00
[2026-07-24 21:29:22] [INFO] [TrafficSystem.PriorityCalculator]: [Rank #4] Lane: West   | PCE: 0.00  | Queue: 0.00  | Congestion: 0.00  | Total: 0.00
[2026-07-24 21:29:22] [INFO] [TrafficSystem.FairnessManager]: [Fairness] Lane: West   | Base Score: 0.00 | Wait Cycles: 3 | Bonus: +15.00 | Adjusted: 15.00
[2026-07-24 21:29:22] [INFO] [TrafficSystem.FairnessManager]: [Fairness] Lane: North  | Base Score: 0.00 | Wait Cycles: 2 | Bonus: +10.00 | Adjusted: 10.00
[2026-07-24 21:29:22] [INFO] [TrafficSystem.FairnessManager]: [Fairness] Lane: South  | Base Score: 0.00 | Wait Cycles: 1 | Bonus: +5.00 | Adjusted: 5.00
[2026-07-24 21:29:22] [INFO] [TrafficSystem.SignalScheduler]: [Scheduler] Winner: West   | Score: 15.00 | Green: 35s | Reason: NORMAL
[2026-07-24 21:29:22] [INFO] [TrafficSystem.FairnessManager]: [Fairness Updated] Green: 'West' (Reset to 0). Waiting cycles: {'North': 3, 'South': 2, 'East': 1, 'West': 0}
[2026-07-24 21:29:22] [INFO] [TrafficSystem.SignalController]: [ESP32 Hardware Command #200] GREEN -> 'West' (35s) | Reason: NORMAL
[2026-07-24 21:29:22] [INFO] [TrafficSystem.TrafficPipeline]: Frame #200 | Active Vehicles: 0 | Scheduled Green: 'LaneName.WEST' (35s) | FPS: 8.8 | Latency: 94.8ms
[2026-07-24 21:29:22] [INFO] [TrafficSystem.PriorityCalculator]: [Rank #1] Lane: North  | PCE: 0.00  | Queue: 0.00  | Congestion: 0.00  | Total: 0.00
[2026-07-24 21:29:22] [INFO] [TrafficSystem.PriorityCalculator]: [Rank #2] Lane: South  | PCE: 0.00  | Queue: 0.00  | Congestion: 0.00  | Total: 0.00
[2026-07-24 21:29:22] [INFO] [TrafficSystem.PriorityCalculator]: [Rank #3] Lane: East   | PCE: 0.00  | Queue: 0.00  | Congestion: 0.00  | Total: 0.00
[2026-07-24 21:29:22] [INFO] [TrafficSystem.PriorityCalculator]: [Rank #4] Lane: West   | PCE: 0.00  | Queue: 0.00  | Congestion: 0.00  | Total: 0.00
[2026-07-24 21:29:22] [INFO] [TrafficSystem.FairnessManager]: [Fairness] Lane: North  | Base Score: 0.00 | Wait Cycles: 3 | Bonus: +15.00 | Adjusted: 15.00
[2026-07-24 21:29:22] [INFO] [TrafficSystem.FairnessManager]: [Fairness] Lane: South  | Base Score: 0.00 | Wait Cycles: 2 | Bonus: +10.00 | Adjusted: 10.00
[2026-07-24 21:29:22] [INFO] [TrafficSystem.FairnessManager]: [Fairness] Lane: East   | Base Score: 0.00 | Wait Cycles: 1 | Bonus: +5.00 | Adjusted: 5.00
[2026-07-24 21:29:22] [INFO] [TrafficSystem.SignalScheduler]: [Scheduler] Winner: North  | Score: 15.00 | Green: 35s | Reason: NORMAL
[2026-07-24 21:29:22] [INFO] [TrafficSystem.FairnessManager]: [Fairness Updated] Green: 'North' (Reset to 0). Waiting cycles: {'North': 0, 'South': 3, 'East': 2, 'West': 1}
[2026-07-24 21:29:22] [INFO] [TrafficSystem.SignalController]: [ESP32 Hardware Command #201] GREEN -> 'North' (35s) | Reason: NORMAL
[2026-07-24 21:29:23] [INFO] [TrafficSystem.PriorityCalculator]: [Rank #1] Lane: North  | PCE: 0.00  | Queue: 0.00  | Congestion: 0.00  | Total: 0.00
[2026-07-24 21:29:23] [INFO] [TrafficSystem.PriorityCalculator]: [Rank #2] Lane: South  | PCE: 0.00  | Queue: 0.00  | Congestion: 0.00  | Total: 0.00
[2026-07-24 21:29:23] [INFO] [TrafficSystem.PriorityCalculator]: [Rank #3] Lane: East   | PCE: 0.00  | Queue: 0.00  | Congestion: 0.00  | Total: 0.00
[2026-07-24 21:29:23] [INFO] [TrafficSystem.PriorityCalculator]: [Rank #4] Lane: West   | PCE: 0.00  | Queue: 0.00  | Congestion: 0.00  | Total: 0.00
[2026-07-24 21:29:23] [INFO] [TrafficSystem.FairnessManager]: [Fairness] Lane: South  | Base Score: 0.00 | Wait Cycles: 3 | Bonus: +15.00 | Adjusted: 15.00
[2026-07-24 21:29:23] [INFO] [TrafficSystem.FairnessManager]: [Fairness] Lane: East   | Base Score: 0.00 | Wait Cycles: 2 | Bonus: +10.00 | Adjusted: 10.00
[2026-07-24 21:29:23] [INFO] [TrafficSystem.FairnessManager]: [Fairness] Lane: West   | Base Score: 0.00 | Wait Cycles: 1 | Bonus: +5.00 | Adjusted: 5.00
[2026-07-24 21:29:23] [INFO] [TrafficSystem.SignalScheduler]: [Scheduler] Winner: South  | Score: 15.00 | Green: 35s | Reason: NORMAL
[2026-07-24 21:29:23] [INFO] [TrafficSystem.FairnessManager]: [Fairness Updated] Green: 'South' (Reset to 0). Waiting cycles: {'North': 1, 'South': 0, 'East': 3, 'West': 2}
[2026-07-24 21:29:23] [INFO] [TrafficSystem.SignalController]: [ESP32 Hardware Command #202] GREEN -> 'South' (35s) | Reason: NORMAL
[2026-07-24 21:29:23] [INFO] [TrafficSystem.PriorityCalculator]: [Rank #1] Lane: North  | PCE: 0.00  | Queue: 0.00  | Congestion: 0.00  | Total: 0.00
[2026-07-24 21:29:23] [INFO] [TrafficSystem.PriorityCalculator]: [Rank #2] Lane: South  | PCE: 0.00  | Queue: 0.00  | Congestion: 0.00  | Total: 0.00
[2026-07-24 21:29:23] [INFO] [TrafficSystem.PriorityCalculator]: [Rank #3] Lane: East   | PCE: 0.00  | Queue: 0.00  | Congestion: 0.00  | Total: 0.00
[2026-07-24 21:29:23] [INFO] [TrafficSystem.PriorityCalculator]: [Rank #4] Lane: West   | PCE: 0.00  | Queue: 0.00  | Congestion: 0.00  | Total: 0.00
[2026-07-24 21:29:23] [INFO] [TrafficSystem.FairnessManager]: [Fairness] Lane: East   | Base Score: 0.00 | Wait Cycles: 3 | Bonus: +15.00 | Adjusted: 15.00
[2026-07-24 21:29:23] [INFO] [TrafficSystem.FairnessManager]: [Fairness] Lane: West   | Base Score: 0.00 | Wait Cycles: 2 | Bonus: +10.00 | Adjusted: 10.00
[2026-07-24 21:29:23] [INFO] [TrafficSystem.FairnessManager]: [Fairness] Lane: North  | Base Score: 0.00 | Wait Cycles: 1 | Bonus: +5.00 | Adjusted: 5.00
[2026-07-24 21:29:23] [INFO] [TrafficSystem.SignalScheduler]: [Scheduler] Winner: East   | Score: 15.00 | Green: 35s | Reason: NORMAL
[2026-07-24 21:29:23] [INFO] [TrafficSystem.FairnessManager]: [Fairness Updated] Green: 'East' (Reset to 0). Waiting cycles: {'North': 2, 'South': 1, 'East': 0, 'West': 3}
[2026-07-24 21:29:23] [INFO] [TrafficSystem.SignalController]: [ESP32 Hardware Command #203] GREEN -> 'East' (35s) | Reason: NORMAL
[2026-07-24 21:29:23] [INFO] [TrafficSystem.PriorityCalculator]: [Rank #1] Lane: North  | PCE: 0.00  | Queue: 0.00  | Congestion: 0.00  | Total: 0.00
[2026-07-24 21:29:23] [INFO] [TrafficSystem.PriorityCalculator]: [Rank #2] Lane: South  | PCE: 0.00  | Queue: 0.00  | Congestion: 0.00  | Total: 0.00
[2026-07-24 21:29:23] [INFO] [TrafficSystem.PriorityCalculator]: [Rank #3] Lane: East   | PCE: 0.00  | Queue: 0.00  | Congestion: 0.00  | Total: 0.00
[2026-07-24 21:29:23] [INFO] [TrafficSystem.PriorityCalculator]: [Rank #4] Lane: West   | PCE: 0.00  | Queue: 0.00  | Congestion: 0.00  | Total: 0.00
[2026-07-24 21:29:23] [INFO] [TrafficSystem.FairnessManager]: [Fairness] Lane: West   | Base Score: 0.00 | Wait Cycles: 3 | Bonus: +15.00 | Adjusted: 15.00
[2026-07-24 21:29:23] [INFO] [TrafficSystem.FairnessManager]: [Fairness] Lane: North  | Base Score: 0.00 | Wait Cycles: 2 | Bonus: +10.00 | Adjusted: 10.00
[2026-07-24 21:29:23] [INFO] [TrafficSystem.FairnessManager]: [Fairness] Lane: South  | Base Score: 0.00 | Wait Cycles: 1 | Bonus: +5.00 | Adjusted: 5.00
[2026-07-24 21:29:23] [INFO] [TrafficSystem.SignalScheduler]: [Scheduler] Winner: West   | Score: 15.00 | Green: 35s | Reason: NORMAL
[2026-07-24 21:29:23] [INFO] [TrafficSystem.FairnessManager]: [Fairness Updated] Green: 'West' (Reset to 0). Waiting cycles: {'North': 3, 'South': 2, 'East': 1, 'West': 0}
[2026-07-24 21:29:23] [INFO] [TrafficSystem.SignalController]: [ESP32 Hardware Command #204] GREEN -> 'West' (35s) | Reason: NORMAL
[2026-07-24 21:29:23] [INFO] [TrafficSystem.PriorityCalculator]: [Rank #1] Lane: North  | PCE: 0.00  | Queue: 0.00  | Congestion: 0.00  | Total: 0.00
[2026-07-24 21:29:23] [INFO] [TrafficSystem.PriorityCalculator]: [Rank #2] Lane: South  | PCE: 0.00  | Queue: 0.00  | Congestion: 0.00  | Total: 0.00
[2026-07-24 21:29:23] [INFO] [TrafficSystem.PriorityCalculator]: [Rank #3] Lane: East   | PCE: 0.00  | Queue: 0.00  | Congestion: 0.00  | Total: 0.00
[2026-07-24 21:29:23] [INFO] [TrafficSystem.PriorityCalculator]: [Rank #4] Lane: West   | PCE: 0.00  | Queue: 0.00  | Congestion: 0.00  | Total: 0.00
[2026-07-24 21:29:23] [INFO] [TrafficSystem.FairnessManager]: [Fairness] Lane: North  | Base Score: 0.00 | Wait Cycles: 3 | Bonus: +15.00 | Adjusted: 15.00
[2026-07-24 21:29:23] [INFO] [TrafficSystem.FairnessManager]: [Fairness] Lane: South  | Base Score: 0.00 | Wait Cycles: 2 | Bonus: +10.00 | Adjusted: 10.00
[2026-07-24 21:29:23] [INFO] [TrafficSystem.FairnessManager]: [Fairness] Lane: East   | Base Score: 0.00 | Wait Cycles: 1 | Bonus: +5.00 | Adjusted: 5.00
[2026-07-24 21:29:23] [INFO] [TrafficSystem.SignalScheduler]: [Scheduler] Winner: North  | Score: 15.00 | Green: 35s | Reason: NORMAL
[2026-07-24 21:29:23] [INFO] [TrafficSystem.FairnessManager]: [Fairness Updated] Green: 'North' (Reset to 0). Waiting cycles: {'North': 0, 'South': 3, 'East': 2, 'West': 1}
[2026-07-24 21:29:23] [INFO] [TrafficSystem.SignalController]: [ESP32 Hardware Command #205] GREEN -> 'North' (35s) | Reason: NORMAL
[2026-07-24 21:29:23] [INFO] [TrafficSystem.PriorityCalculator]: [Rank #1] Lane: North  | PCE: 0.00  | Queue: 0.00  | Congestion: 0.00  | Total: 0.00
[2026-07-24 21:29:23] [INFO] [TrafficSystem.PriorityCalculator]: [Rank #2] Lane: South  | PCE: 0.00  | Queue: 0.00  | Congestion: 0.00  | Total: 0.00
[2026-07-24 21:29:23] [INFO] [TrafficSystem.PriorityCalculator]: [Rank #3] Lane: East   | PCE: 0.00  | Queue: 0.00  | Congestion: 0.00  | Total: 0.00
[2026-07-24 21:29:23] [INFO] [TrafficSystem.PriorityCalculator]: [Rank #4] Lane: West   | PCE: 0.00  | Queue: 0.00  | Congestion: 0.00  | Total: 0.00
[2026-07-24 21:29:23] [INFO] [TrafficSystem.FairnessManager]: [Fairness] Lane: South  | Base Score: 0.00 | Wait Cycles: 3 | Bonus: +15.00 | Adjusted: 15.00
[2026-07-24 21:29:23] [INFO] [TrafficSystem.FairnessManager]: [Fairness] Lane: East   | Base Score: 0.00 | Wait Cycles: 2 | Bonus: +10.00 | Adjusted: 10.00
[2026-07-24 21:29:23] [INFO] [TrafficSystem.FairnessManager]: [Fairness] Lane: West   | Base Score: 0.00 | Wait Cycles: 1 | Bonus: +5.00 | Adjusted: 5.00
[2026-07-24 21:29:23] [INFO] [TrafficSystem.SignalScheduler]: [Scheduler] Winner: South  | Score: 15.00 | Green: 35s | Reason: NORMAL
[2026-07-24 21:29:23] [INFO] [TrafficSystem.FairnessManager]: [Fairness Updated] Green: 'South' (Reset to 0). Waiting cycles: {'North': 1, 'South': 0, 'East': 3, 'West': 2}
[2026-07-24 21:29:23] [INFO] [TrafficSystem.SignalController]: [ESP32 Hardware Command #206] GREEN -> 'South' (35s) | Reason: NORMAL
[2026-07-24 21:29:23] [INFO] [TrafficSystem.PriorityCalculator]: [Rank #1] Lane: North  | PCE: 0.00  | Queue: 0.00  | Congestion: 0.00  | Total: 0.00
[2026-07-24 21:29:23] [INFO] [TrafficSystem.PriorityCalculator]: [Rank #2] Lane: South  | PCE: 0.00  | Queue: 0.00  | Congestion: 0.00  | Total: 0.00
[2026-07-24 21:29:23] [INFO] [TrafficSystem.PriorityCalculator]: [Rank #3] Lane: East   | PCE: 0.00  | Queue: 0.00  | Congestion: 0.00  | Total: 0.00
[2026-07-24 21:29:23] [INFO] [TrafficSystem.PriorityCalculator]: [Rank #4] Lane: West   | PCE: 0.00  | Queue: 0.00  | Congestion: 0.00  | Total: 0.00
[2026-07-24 21:29:23] [INFO] [TrafficSystem.FairnessManager]: [Fairness] Lane: East   | Base Score: 0.00 | Wait Cycles: 3 | Bonus: +15.00 | Adjusted: 15.00
[2026-07-24 21:29:23] [INFO] [TrafficSystem.FairnessManager]: [Fairness] Lane: West   | Base Score: 0.00 | Wait Cycles: 2 | Bonus: +10.00 | Adjusted: 10.00
[2026-07-24 21:29:23] [INFO] [TrafficSystem.FairnessManager]: [Fairness] Lane: North  | Base Score: 0.00 | Wait Cycles: 1 | Bonus: +5.00 | Adjusted: 5.00
[2026-07-24 21:29:23] [INFO] [TrafficSystem.SignalScheduler]: [Scheduler] Winner: East   | Score: 15.00 | Green: 35s | Reason: NORMAL
[2026-07-24 21:29:23] [INFO] [TrafficSystem.FairnessManager]: [Fairness Updated] Green: 'East' (Reset to 0). Waiting cycles: {'North': 2, 'South': 1, 'East': 0, 'West': 3}
[2026-07-24 21:29:23] [INFO] [TrafficSystem.SignalController]: [ESP32 Hardware Command #207] GREEN -> 'East' (35s) | Reason: NORMAL
[2026-07-24 21:29:23] [INFO] [TrafficSystem.PriorityCalculator]: [Rank #1] Lane: North  | PCE: 0.00  | Queue: 0.00  | Congestion: 0.00  | Total: 0.00
[2026-07-24 21:29:23] [INFO] [TrafficSystem.PriorityCalculator]: [Rank #2] Lane: South  | PCE: 0.00  | Queue: 0.00  | Congestion: 0.00  | Total: 0.00
[2026-07-24 21:29:23] [INFO] [TrafficSystem.PriorityCalculator]: [Rank #3] Lane: East   | PCE: 0.00  | Queue: 0.00  | Congestion: 0.00  | Total: 0.00
[2026-07-24 21:29:23] [INFO] [TrafficSystem.PriorityCalculator]: [Rank #4] Lane: West   | PCE: 0.00  | Queue: 0.00  | Congestion: 0.00  | Total: 0.00
[2026-07-24 21:29:23] [INFO] [TrafficSystem.FairnessManager]: [Fairness] Lane: West   | Base Score: 0.00 | Wait Cycles: 3 | Bonus: +15.00 | Adjusted: 15.00
[2026-07-24 21:29:23] [INFO] [TrafficSystem.FairnessManager]: [Fairness] Lane: North  | Base Score: 0.00 | Wait Cycles: 2 | Bonus: +10.00 | Adjusted: 10.00
[2026-07-24 21:29:23] [INFO] [TrafficSystem.FairnessManager]: [Fairness] Lane: South  | Base Score: 0.00 | Wait Cycles: 1 | Bonus: +5.00 | Adjusted: 5.00
[2026-07-24 21:29:23] [INFO] [TrafficSystem.SignalScheduler]: [Scheduler] Winner: West   | Score: 15.00 | Green: 35s | Reason: NORMAL
[2026-07-24 21:29:23] [INFO] [TrafficSystem.FairnessManager]: [Fairness Updated] Green: 'West' (Reset to 0). Waiting cycles: {'North': 3, 'South': 2, 'East': 1, 'West': 0}
[2026-07-24 21:29:23] [INFO] [TrafficSystem.SignalController]: [ESP32 Hardware Command #208] GREEN -> 'West' (35s) | Reason: NORMAL
[2026-07-24 21:29:23] [INFO] [TrafficSystem.PriorityCalculator]: [Rank #1] Lane: North  | PCE: 0.00  | Queue: 0.00  | Congestion: 0.00  | Total: 0.00
[2026-07-24 21:29:23] [INFO] [TrafficSystem.PriorityCalculator]: [Rank #2] Lane: South  | PCE: 0.00  | Queue: 0.00  | Congestion: 0.00  | Total: 0.00
[2026-07-24 21:29:23] [INFO] [TrafficSystem.PriorityCalculator]: [Rank #3] Lane: East   | PCE: 0.00  | Queue: 0.00  | Congestion: 0.00  | Total: 0.00
[2026-07-24 21:29:23] [INFO] [TrafficSystem.PriorityCalculator]: [Rank #4] Lane: West   | PCE: 0.00  | Queue: 0.00  | Congestion: 0.00  | Total: 0.00
[2026-07-24 21:29:23] [INFO] [TrafficSystem.FairnessManager]: [Fairness] Lane: North  | Base Score: 0.00 | Wait Cycles: 3 | Bonus: +15.00 | Adjusted: 15.00
[2026-07-24 21:29:23] [INFO] [TrafficSystem.FairnessManager]: [Fairness] Lane: South  | Base Score: 0.00 | Wait Cycles: 2 | Bonus: +10.00 | Adjusted: 10.00
[2026-07-24 21:29:23] [INFO] [TrafficSystem.FairnessManager]: [Fairness] Lane: East   | Base Score: 0.00 | Wait Cycles: 1 | Bonus: +5.00 | Adjusted: 5.00
[2026-07-24 21:29:23] [INFO] [TrafficSystem.SignalScheduler]: [Scheduler] Winner: North  | Score: 15.00 | Green: 35s | Reason: NORMAL
[2026-07-24 21:29:23] [INFO] [TrafficSystem.FairnessManager]: [Fairness Updated] Green: 'North' (Reset to 0). Waiting cycles: {'North': 0, 'South': 3, 'East': 2, 'West': 1}
[2026-07-24 21:29:23] [INFO] [TrafficSystem.SignalController]: [ESP32 Hardware Command #209] GREEN -> 'North' (35s) | Reason: NORMAL
[2026-07-24 21:29:24] [INFO] [TrafficSystem.PriorityCalculator]: [Rank #1] Lane: North  | PCE: 0.00  | Queue: 0.00  | Congestion: 0.00  | Total: 0.00
[2026-07-24 21:29:24] [INFO] [TrafficSystem.PriorityCalculator]: [Rank #2] Lane: South  | PCE: 0.00  | Queue: 0.00  | Congestion: 0.00  | Total: 0.00
[2026-07-24 21:29:24] [INFO] [TrafficSystem.PriorityCalculator]: [Rank #3] Lane: East   | PCE: 0.00  | Queue: 0.00  | Congestion: 0.00  | Total: 0.00
[2026-07-24 21:29:24] [INFO] [TrafficSystem.PriorityCalculator]: [Rank #4] Lane: West   | PCE: 0.00  | Queue: 0.00  | Congestion: 0.00  | Total: 0.00
[2026-07-24 21:29:24] [INFO] [TrafficSystem.FairnessManager]: [Fairness] Lane: South  | Base Score: 0.00 | Wait Cycles: 3 | Bonus: +15.00 | Adjusted: 15.00
[2026-07-24 21:29:24] [INFO] [TrafficSystem.FairnessManager]: [Fairness] Lane: East   | Base Score: 0.00 | Wait Cycles: 2 | Bonus: +10.00 | Adjusted: 10.00
[2026-07-24 21:29:24] [INFO] [TrafficSystem.FairnessManager]: [Fairness] Lane: West   | Base Score: 0.00 | Wait Cycles: 1 | Bonus: +5.00 | Adjusted: 5.00
[2026-07-24 21:29:24] [INFO] [TrafficSystem.SignalScheduler]: [Scheduler] Winner: South  | Score: 15.00 | Green: 35s | Reason: NORMAL
[2026-07-24 21:29:24] [INFO] [TrafficSystem.FairnessManager]: [Fairness Updated] Green: 'South' (Reset to 0). Waiting cycles: {'North': 1, 'South': 0, 'East': 3, 'West': 2}
[2026-07-24 21:29:24] [INFO] [TrafficSystem.SignalController]: [ESP32 Hardware Command #210] GREEN -> 'South' (35s) | Reason: NORMAL
[2026-07-24 21:29:24] [INFO] [TrafficSystem.PriorityCalculator]: [Rank #1] Lane: North  | PCE: 0.00  | Queue: 0.00  | Congestion: 0.00  | Total: 0.00
[2026-07-24 21:29:24] [INFO] [TrafficSystem.PriorityCalculator]: [Rank #2] Lane: South  | PCE: 0.00  | Queue: 0.00  | Congestion: 0.00  | Total: 0.00
[2026-07-24 21:29:24] [INFO] [TrafficSystem.PriorityCalculator]: [Rank #3] Lane: East   | PCE: 0.00  | Queue: 0.00  | Congestion: 0.00  | Total: 0.00
[2026-07-24 21:29:24] [INFO] [TrafficSystem.PriorityCalculator]: [Rank #4] Lane: West   | PCE: 0.00  | Queue: 0.00  | Congestion: 0.00  | Total: 0.00
[2026-07-24 21:29:24] [INFO] [TrafficSystem.FairnessManager]: [Fairness] Lane: East   | Base Score: 0.00 | Wait Cycles: 3 | Bonus: +15.00 | Adjusted: 15.00
[2026-07-24 21:29:24] [INFO] [TrafficSystem.FairnessManager]: [Fairness] Lane: West   | Base Score: 0.00 | Wait Cycles: 2 | Bonus: +10.00 | Adjusted: 10.00
[2026-07-24 21:29:24] [INFO] [TrafficSystem.FairnessManager]: [Fairness] Lane: North  | Base Score: 0.00 | Wait Cycles: 1 | Bonus: +5.00 | Adjusted: 5.00
[2026-07-24 21:29:24] [INFO] [TrafficSystem.SignalScheduler]: [Scheduler] Winner: East   | Score: 15.00 | Green: 35s | Reason: NORMAL
[2026-07-24 21:29:24] [INFO] [TrafficSystem.FairnessManager]: [Fairness Updated] Green: 'East' (Reset to 0). Waiting cycles: {'North': 2, 'South': 1, 'East': 0, 'West': 3}
[2026-07-24 21:29:24] [INFO] [TrafficSystem.SignalController]: [ESP32 Hardware Command #211] GREEN -> 'East' (35s) | Reason: NORMAL
[2026-07-24 21:29:24] [INFO] [TrafficSystem.PriorityCalculator]: [Rank #1] Lane: North  | PCE: 0.00  | Queue: 0.00  | Congestion: 0.00  | Total: 0.00
[2026-07-24 21:29:24] [INFO] [TrafficSystem.PriorityCalculator]: [Rank #2] Lane: South  | PCE: 0.00  | Queue: 0.00  | Congestion: 0.00  | Total: 0.00
[2026-07-24 21:29:24] [INFO] [TrafficSystem.PriorityCalculator]: [Rank #3] Lane: East   | PCE: 0.00  | Queue: 0.00  | Congestion: 0.00  | Total: 0.00
[2026-07-24 21:29:24] [INFO] [TrafficSystem.PriorityCalculator]: [Rank #4] Lane: West   | PCE: 0.00  | Queue: 0.00  | Congestion: 0.00  | Total: 0.00
[2026-07-24 21:29:24] [INFO] [TrafficSystem.FairnessManager]: [Fairness] Lane: West   | Base Score: 0.00 | Wait Cycles: 3 | Bonus: +15.00 | Adjusted: 15.00
[2026-07-24 21:29:24] [INFO] [TrafficSystem.FairnessManager]: [Fairness] Lane: North  | Base Score: 0.00 | Wait Cycles: 2 | Bonus: +10.00 | Adjusted: 10.00
[2026-07-24 21:29:24] [INFO] [TrafficSystem.FairnessManager]: [Fairness] Lane: South  | Base Score: 0.00 | Wait Cycles: 1 | Bonus: +5.00 | Adjusted: 5.00
[2026-07-24 21:29:24] [INFO] [TrafficSystem.SignalScheduler]: [Scheduler] Winner: West   | Score: 15.00 | Green: 35s | Reason: NORMAL
[2026-07-24 21:29:24] [INFO] [TrafficSystem.FairnessManager]: [Fairness Updated] Green: 'West' (Reset to 0). Waiting cycles: {'North': 3, 'South': 2, 'East': 1, 'West': 0}
[2026-07-24 21:29:24] [INFO] [TrafficSystem.SignalController]: [ESP32 Hardware Command #212] GREEN -> 'West' (35s) | Reason: NORMAL
[2026-07-24 21:29:24] [INFO] [TrafficSystem.PriorityCalculator]: [Rank #1] Lane: North  | PCE: 0.00  | Queue: 0.00  | Congestion: 0.00  | Total: 0.00
[2026-07-24 21:29:24] [INFO] [TrafficSystem.PriorityCalculator]: [Rank #2] Lane: South  | PCE: 0.00  | Queue: 0.00  | Congestion: 0.00  | Total: 0.00
[2026-07-24 21:29:24] [INFO] [TrafficSystem.PriorityCalculator]: [Rank #3] Lane: East   | PCE: 0.00  | Queue: 0.00  | Congestion: 0.00  | Total: 0.00
[2026-07-24 21:29:24] [INFO] [TrafficSystem.PriorityCalculator]: [Rank #4] Lane: West   | PCE: 0.00  | Queue: 0.00  | Congestion: 0.00  | Total: 0.00
[2026-07-24 21:29:24] [INFO] [TrafficSystem.FairnessManager]: [Fairness] Lane: North  | Base Score: 0.00 | Wait Cycles: 3 | Bonus: +15.00 | Adjusted: 15.00
[2026-07-24 21:29:24] [INFO] [TrafficSystem.FairnessManager]: [Fairness] Lane: South  | Base Score: 0.00 | Wait Cycles: 2 | Bonus: +10.00 | Adjusted: 10.00
[2026-07-24 21:29:24] [INFO] [TrafficSystem.FairnessManager]: [Fairness] Lane: East   | Base Score: 0.00 | Wait Cycles: 1 | Bonus: +5.00 | Adjusted: 5.00
[2026-07-24 21:29:24] [INFO] [TrafficSystem.SignalScheduler]: [Scheduler] Winner: North  | Score: 15.00 | Green: 35s | Reason: NORMAL
[2026-07-24 21:29:24] [INFO] [TrafficSystem.FairnessManager]: [Fairness Updated] Green: 'North' (Reset to 0). Waiting cycles: {'North': 0, 'South': 3, 'East': 2, 'West': 1}
[2026-07-24 21:29:24] [INFO] [TrafficSystem.SignalController]: [ESP32 Hardware Command #213] GREEN -> 'North' (35s) | Reason: NORMAL
[2026-07-24 21:29:24] [INFO] [TrafficSystem.PriorityCalculator]: [Rank #1] Lane: North  | PCE: 0.00  | Queue: 0.00  | Congestion: 0.00  | Total: 0.00
[2026-07-24 21:29:24] [INFO] [TrafficSystem.PriorityCalculator]: [Rank #2] Lane: South  | PCE: 0.00  | Queue: 0.00  | Congestion: 0.00  | Total: 0.00
[2026-07-24 21:29:24] [INFO] [TrafficSystem.PriorityCalculator]: [Rank #3] Lane: East   | PCE: 0.00  | Queue: 0.00  | Congestion: 0.00  | Total: 0.00
[2026-07-24 21:29:24] [INFO] [TrafficSystem.PriorityCalculator]: [Rank #4] Lane: West   | PCE: 0.00  | Queue: 0.00  | Congestion: 0.00  | Total: 0.00
[2026-07-24 21:29:24] [INFO] [TrafficSystem.FairnessManager]: [Fairness] Lane: South  | Base Score: 0.00 | Wait Cycles: 3 | Bonus: +15.00 | Adjusted: 15.00
[2026-07-24 21:29:24] [INFO] [TrafficSystem.FairnessManager]: [Fairness] Lane: East   | Base Score: 0.00 | Wait Cycles: 2 | Bonus: +10.00 | Adjusted: 10.00
[2026-07-24 21:29:24] [INFO] [TrafficSystem.FairnessManager]: [Fairness] Lane: West   | Base Score: 0.00 | Wait Cycles: 1 | Bonus: +5.00 | Adjusted: 5.00
[2026-07-24 21:29:24] [INFO] [TrafficSystem.SignalScheduler]: [Scheduler] Winner: South  | Score: 15.00 | Green: 35s | Reason: NORMAL
[2026-07-24 21:29:24] [INFO] [TrafficSystem.FairnessManager]: [Fairness Updated] Green: 'South' (Reset to 0). Waiting cycles: {'North': 1, 'South': 0, 'East': 3, 'West': 2}
[2026-07-24 21:29:24] [INFO] [TrafficSystem.SignalController]: [ESP32 Hardware Command #214] GREEN -> 'South' (35s) | Reason: NORMAL
[2026-07-24 21:29:24] [INFO] [TrafficSystem.PriorityCalculator]: [Rank #1] Lane: North  | PCE: 0.00  | Queue: 0.00  | Congestion: 0.00  | Total: 0.00
[2026-07-24 21:29:24] [INFO] [TrafficSystem.PriorityCalculator]: [Rank #2] Lane: South  | PCE: 0.00  | Queue: 0.00  | Congestion: 0.00  | Total: 0.00
[2026-07-24 21:29:24] [INFO] [TrafficSystem.PriorityCalculator]: [Rank #3] Lane: East   | PCE: 0.00  | Queue: 0.00  | Congestion: 0.00  | Total: 0.00
[2026-07-24 21:29:24] [INFO] [TrafficSystem.PriorityCalculator]: [Rank #4] Lane: West   | PCE: 0.00  | Queue: 0.00  | Congestion: 0.00  | Total: 0.00
[2026-07-24 21:29:24] [INFO] [TrafficSystem.FairnessManager]: [Fairness] Lane: East   | Base Score: 0.00 | Wait Cycles: 3 | Bonus: +15.00 | Adjusted: 15.00
[2026-07-24 21:29:24] [INFO] [TrafficSystem.FairnessManager]: [Fairness] Lane: West   | Base Score: 0.00 | Wait Cycles: 2 | Bonus: +10.00 | Adjusted: 10.00
[2026-07-24 21:29:24] [INFO] [TrafficSystem.FairnessManager]: [Fairness] Lane: North  | Base Score: 0.00 | Wait Cycles: 1 | Bonus: +5.00 | Adjusted: 5.00
[2026-07-24 21:29:24] [INFO] [TrafficSystem.SignalScheduler]: [Scheduler] Winner: East   | Score: 15.00 | Green: 35s | Reason: NORMAL
[2026-07-24 21:29:24] [INFO] [TrafficSystem.FairnessManager]: [Fairness Updated] Green: 'East' (Reset to 0). Waiting cycles: {'North': 2, 'South': 1, 'East': 0, 'West': 3}
[2026-07-24 21:29:24] [INFO] [TrafficSystem.SignalController]: [ESP32 Hardware Command #215] GREEN -> 'East' (35s) | Reason: NORMAL
[2026-07-24 21:29:24] [INFO] [TrafficSystem.PriorityCalculator]: [Rank #1] Lane: North  | PCE: 0.00  | Queue: 0.00  | Congestion: 0.00  | Total: 0.00
[2026-07-24 21:29:24] [INFO] [TrafficSystem.PriorityCalculator]: [Rank #2] Lane: South  | PCE: 0.00  | Queue: 0.00  | Congestion: 0.00  | Total: 0.00
[2026-07-24 21:29:24] [INFO] [TrafficSystem.PriorityCalculator]: [Rank #3] Lane: East   | PCE: 0.00  | Queue: 0.00  | Congestion: 0.00  | Total: 0.00
[2026-07-24 21:29:24] [INFO] [TrafficSystem.PriorityCalculator]: [Rank #4] Lane: West   | PCE: 0.00  | Queue: 0.00  | Congestion: 0.00  | Total: 0.00
[2026-07-24 21:29:24] [INFO] [TrafficSystem.FairnessManager]: [Fairness] Lane: West   | Base Score: 0.00 | Wait Cycles: 3 | Bonus: +15.00 | Adjusted: 15.00
[2026-07-24 21:29:24] [INFO] [TrafficSystem.FairnessManager]: [Fairness] Lane: North  | Base Score: 0.00 | Wait Cycles: 2 | Bonus: +10.00 | Adjusted: 10.00
[2026-07-24 21:29:24] [INFO] [TrafficSystem.FairnessManager]: [Fairness] Lane: South  | Base Score: 0.00 | Wait Cycles: 1 | Bonus: +5.00 | Adjusted: 5.00
[2026-07-24 21:29:24] [INFO] [TrafficSystem.SignalScheduler]: [Scheduler] Winner: West   | Score: 15.00 | Green: 35s | Reason: NORMAL
[2026-07-24 21:29:24] [INFO] [TrafficSystem.FairnessManager]: [Fairness Updated] Green: 'West' (Reset to 0). Waiting cycles: {'North': 3, 'South': 2, 'East': 1, 'West': 0}
[2026-07-24 21:29:24] [INFO] [TrafficSystem.SignalController]: [ESP32 Hardware Command #216] GREEN -> 'West' (35s) | Reason: NORMAL
[2026-07-24 21:29:24] [INFO] [TrafficSystem.PriorityCalculator]: [Rank #1] Lane: North  | PCE: 0.00  | Queue: 0.00  | Congestion: 0.00  | Total: 0.00
[2026-07-24 21:29:24] [INFO] [TrafficSystem.PriorityCalculator]: [Rank #2] Lane: South  | PCE: 0.00  | Queue: 0.00  | Congestion: 0.00  | Total: 0.00
[2026-07-24 21:29:24] [INFO] [TrafficSystem.PriorityCalculator]: [Rank #3] Lane: East   | PCE: 0.00  | Queue: 0.00  | Congestion: 0.00  | Total: 0.00
[2026-07-24 21:29:24] [INFO] [TrafficSystem.PriorityCalculator]: [Rank #4] Lane: West   | PCE: 0.00  | Queue: 0.00  | Congestion: 0.00  | Total: 0.00
[2026-07-24 21:29:24] [INFO] [TrafficSystem.FairnessManager]: [Fairness] Lane: North  | Base Score: 0.00 | Wait Cycles: 3 | Bonus: +15.00 | Adjusted: 15.00
[2026-07-24 21:29:24] [INFO] [TrafficSystem.FairnessManager]: [Fairness] Lane: South  | Base Score: 0.00 | Wait Cycles: 2 | Bonus: +10.00 | Adjusted: 10.00
[2026-07-24 21:29:24] [INFO] [TrafficSystem.FairnessManager]: [Fairness] Lane: East   | Base Score: 0.00 | Wait Cycles: 1 | Bonus: +5.00 | Adjusted: 5.00
[2026-07-24 21:29:24] [INFO] [TrafficSystem.SignalScheduler]: [Scheduler] Winner: North  | Score: 15.00 | Green: 35s | Reason: NORMAL
[2026-07-24 21:29:24] [INFO] [TrafficSystem.FairnessManager]: [Fairness Updated] Green: 'North' (Reset to 0). Waiting cycles: {'North': 0, 'South': 3, 'East': 2, 'West': 1}
[2026-07-24 21:29:24] [INFO] [TrafficSystem.SignalController]: [ESP32 Hardware Command #217] GREEN -> 'North' (35s) | Reason: NORMAL
[2026-07-24 21:29:24] [INFO] [TrafficSystem.PriorityCalculator]: [Rank #1] Lane: North  | PCE: 0.00  | Queue: 0.00  | Congestion: 0.00  | Total: 0.00
[2026-07-24 21:29:24] [INFO] [TrafficSystem.PriorityCalculator]: [Rank #2] Lane: South  | PCE: 0.00  | Queue: 0.00  | Congestion: 0.00  | Total: 0.00
[2026-07-24 21:29:24] [INFO] [TrafficSystem.PriorityCalculator]: [Rank #3] Lane: East   | PCE: 0.00  | Queue: 0.00  | Congestion: 0.00  | Total: 0.00
[2026-07-24 21:29:24] [INFO] [TrafficSystem.PriorityCalculator]: [Rank #4] Lane: West   | PCE: 0.00  | Queue: 0.00  | Congestion: 0.00  | Total: 0.00
[2026-07-24 21:29:24] [INFO] [TrafficSystem.FairnessManager]: [Fairness] Lane: South  | Base Score: 0.00 | Wait Cycles: 3 | Bonus: +15.00 | Adjusted: 15.00
[2026-07-24 21:29:24] [INFO] [TrafficSystem.FairnessManager]: [Fairness] Lane: East   | Base Score: 0.00 | Wait Cycles: 2 | Bonus: +10.00 | Adjusted: 10.00
[2026-07-24 21:29:24] [INFO] [TrafficSystem.FairnessManager]: [Fairness] Lane: West   | Base Score: 0.00 | Wait Cycles: 1 | Bonus: +5.00 | Adjusted: 5.00
[2026-07-24 21:29:24] [INFO] [TrafficSystem.SignalScheduler]: [Scheduler] Winner: South  | Score: 15.00 | Green: 35s | Reason: NORMAL
[2026-07-24 21:29:24] [INFO] [TrafficSystem.FairnessManager]: [Fairness Updated] Green: 'South' (Reset to 0). Waiting cycles: {'North': 1, 'South': 0, 'East': 3, 'West': 2}
[2026-07-24 21:29:24] [INFO] [TrafficSystem.SignalController]: [ESP32 Hardware Command #218] GREEN -> 'South' (35s) | Reason: NORMAL
[2026-07-24 21:29:24] [INFO] [TrafficSystem.PriorityCalculator]: [Rank #1] Lane: North  | PCE: 0.00  | Queue: 0.00  | Congestion: 0.00  | Total: 0.00
[2026-07-24 21:29:24] [INFO] [TrafficSystem.PriorityCalculator]: [Rank #2] Lane: South  | PCE: 0.00  | Queue: 0.00  | Congestion: 0.00  | Total: 0.00
[2026-07-24 21:29:24] [INFO] [TrafficSystem.PriorityCalculator]: [Rank #3] Lane: East   | PCE: 0.00  | Queue: 0.00  | Congestion: 0.00  | Total: 0.00
[2026-07-24 21:29:24] [INFO] [TrafficSystem.PriorityCalculator]: [Rank #4] Lane: West   | PCE: 0.00  | Queue: 0.00  | Congestion: 0.00  | Total: 0.00
[2026-07-24 21:29:24] [INFO] [TrafficSystem.FairnessManager]: [Fairness] Lane: East   | Base Score: 0.00 | Wait Cycles: 3 | Bonus: +15.00 | Adjusted: 15.00
[2026-07-24 21:29:24] [INFO] [TrafficSystem.FairnessManager]: [Fairness] Lane: West   | Base Score: 0.00 | Wait Cycles: 2 | Bonus: +10.00 | Adjusted: 10.00
[2026-07-24 21:29:24] [INFO] [TrafficSystem.FairnessManager]: [Fairness] Lane: North  | Base Score: 0.00 | Wait Cycles: 1 | Bonus: +5.00 | Adjusted: 5.00
[2026-07-24 21:29:24] [INFO] [TrafficSystem.SignalScheduler]: [Scheduler] Winner: East   | Score: 15.00 | Green: 35s | Reason: NORMAL
[2026-07-24 21:29:24] [INFO] [TrafficSystem.FairnessManager]: [Fairness Updated] Green: 'East' (Reset to 0). Waiting cycles: {'North': 2, 'South': 1, 'East': 0, 'West': 3}
[2026-07-24 21:29:24] [INFO] [TrafficSystem.SignalController]: [ESP32 Hardware Command #219] GREEN -> 'East' (35s) | Reason: NORMAL
[2026-07-24 21:29:24] [INFO] [TrafficSystem.PriorityCalculator]: [Rank #1] Lane: North  | PCE: 0.00  | Queue: 0.00  | Congestion: 0.00  | Total: 0.00
[2026-07-24 21:29:24] [INFO] [TrafficSystem.PriorityCalculator]: [Rank #2] Lane: South  | PCE: 0.00  | Queue: 0.00  | Congestion: 0.00  | Total: 0.00
[2026-07-24 21:29:24] [INFO] [TrafficSystem.PriorityCalculator]: [Rank #3] Lane: East   | PCE: 0.00  | Queue: 0.00  | Congestion: 0.00  | Total: 0.00
[2026-07-24 21:29:24] [INFO] [TrafficSystem.PriorityCalculator]: [Rank #4] Lane: West   | PCE: 0.00  | Queue: 0.00  | Congestion: 0.00  | Total: 0.00
[2026-07-24 21:29:24] [INFO] [TrafficSystem.FairnessManager]: [Fairness] Lane: West   | Base Score: 0.00 | Wait Cycles: 3 | Bonus: +15.00 | Adjusted: 15.00
[2026-07-24 21:29:24] [INFO] [TrafficSystem.FairnessManager]: [Fairness] Lane: North  | Base Score: 0.00 | Wait Cycles: 2 | Bonus: +10.00 | Adjusted: 10.00
[2026-07-24 21:29:24] [INFO] [TrafficSystem.FairnessManager]: [Fairness] Lane: South  | Base Score: 0.00 | Wait Cycles: 1 | Bonus: +5.00 | Adjusted: 5.00
[2026-07-24 21:29:24] [INFO] [TrafficSystem.SignalScheduler]: [Scheduler] Winner: West   | Score: 15.00 | Green: 35s | Reason: NORMAL
[2026-07-24 21:29:24] [INFO] [TrafficSystem.FairnessManager]: [Fairness Updated] Green: 'West' (Reset to 0). Waiting cycles: {'North': 3, 'South': 2, 'East': 1, 'West': 0}
[2026-07-24 21:29:24] [INFO] [TrafficSystem.SignalController]: [ESP32 Hardware Command #220] GREEN -> 'West' (35s) | Reason: NORMAL
[2026-07-24 21:29:25] [INFO] [TrafficSystem.PriorityCalculator]: [Rank #1] Lane: North  | PCE: 0.00  | Queue: 0.00  | Congestion: 0.00  | Total: 0.00
[2026-07-24 21:29:25] [INFO] [TrafficSystem.PriorityCalculator]: [Rank #2] Lane: South  | PCE: 0.00  | Queue: 0.00  | Congestion: 0.00  | Total: 0.00
[2026-07-24 21:29:25] [INFO] [TrafficSystem.PriorityCalculator]: [Rank #3] Lane: East   | PCE: 0.00  | Queue: 0.00  | Congestion: 0.00  | Total: 0.00
[2026-07-24 21:29:25] [INFO] [TrafficSystem.PriorityCalculator]: [Rank #4] Lane: West   | PCE: 0.00  | Queue: 0.00  | Congestion: 0.00  | Total: 0.00
[2026-07-24 21:29:25] [INFO] [TrafficSystem.FairnessManager]: [Fairness] Lane: North  | Base Score: 0.00 | Wait Cycles: 3 | Bonus: +15.00 | Adjusted: 15.00
[2026-07-24 21:29:25] [INFO] [TrafficSystem.FairnessManager]: [Fairness] Lane: South  | Base Score: 0.00 | Wait Cycles: 2 | Bonus: +10.00 | Adjusted: 10.00
[2026-07-24 21:29:25] [INFO] [TrafficSystem.FairnessManager]: [Fairness] Lane: East   | Base Score: 0.00 | Wait Cycles: 1 | Bonus: +5.00 | Adjusted: 5.00
[2026-07-24 21:29:25] [INFO] [TrafficSystem.SignalScheduler]: [Scheduler] Winner: North  | Score: 15.00 | Green: 35s | Reason: NORMAL
[2026-07-24 21:29:25] [INFO] [TrafficSystem.FairnessManager]: [Fairness Updated] Green: 'North' (Reset to 0). Waiting cycles: {'North': 0, 'South': 3, 'East': 2, 'West': 1}
[2026-07-24 21:29:25] [INFO] [TrafficSystem.SignalController]: [ESP32 Hardware Command #221] GREEN -> 'North' (35s) | Reason: NORMAL
[2026-07-24 21:29:25] [INFO] [TrafficSystem.PriorityCalculator]: [Rank #1] Lane: North  | PCE: 0.00  | Queue: 0.00  | Congestion: 0.00  | Total: 0.00
[2026-07-24 21:29:25] [INFO] [TrafficSystem.PriorityCalculator]: [Rank #2] Lane: South  | PCE: 0.00  | Queue: 0.00  | Congestion: 0.00  | Total: 0.00
[2026-07-24 21:29:25] [INFO] [TrafficSystem.PriorityCalculator]: [Rank #3] Lane: East   | PCE: 0.00  | Queue: 0.00  | Congestion: 0.00  | Total: 0.00
[2026-07-24 21:29:25] [INFO] [TrafficSystem.PriorityCalculator]: [Rank #4] Lane: West   | PCE: 0.00  | Queue: 0.00  | Congestion: 0.00  | Total: 0.00
[2026-07-24 21:29:25] [INFO] [TrafficSystem.FairnessManager]: [Fairness] Lane: South  | Base Score: 0.00 | Wait Cycles: 3 | Bonus: +15.00 | Adjusted: 15.00
[2026-07-24 21:29:25] [INFO] [TrafficSystem.FairnessManager]: [Fairness] Lane: East   | Base Score: 0.00 | Wait Cycles: 2 | Bonus: +10.00 | Adjusted: 10.00
[2026-07-24 21:29:25] [INFO] [TrafficSystem.FairnessManager]: [Fairness] Lane: West   | Base Score: 0.00 | Wait Cycles: 1 | Bonus: +5.00 | Adjusted: 5.00
[2026-07-24 21:29:25] [INFO] [TrafficSystem.SignalScheduler]: [Scheduler] Winner: South  | Score: 15.00 | Green: 35s | Reason: NORMAL
[2026-07-24 21:29:25] [INFO] [TrafficSystem.FairnessManager]: [Fairness Updated] Green: 'South' (Reset to 0). Waiting cycles: {'North': 1, 'South': 0, 'East': 3, 'West': 2}
[2026-07-24 21:29:25] [INFO] [TrafficSystem.SignalController]: [ESP32 Hardware Command #222] GREEN -> 'South' (35s) | Reason: NORMAL
[2026-07-24 21:29:25] [INFO] [TrafficSystem.PriorityCalculator]: [Rank #1] Lane: North  | PCE: 0.00  | Queue: 0.00  | Congestion: 0.00  | Total: 0.00
[2026-07-24 21:29:25] [INFO] [TrafficSystem.PriorityCalculator]: [Rank #2] Lane: South  | PCE: 0.00  | Queue: 0.00  | Congestion: 0.00  | Total: 0.00
[2026-07-24 21:29:25] [INFO] [TrafficSystem.PriorityCalculator]: [Rank #3] Lane: East   | PCE: 0.00  | Queue: 0.00  | Congestion: 0.00  | Total: 0.00
[2026-07-24 21:29:25] [INFO] [TrafficSystem.PriorityCalculator]: [Rank #4] Lane: West   | PCE: 0.00  | Queue: 0.00  | Congestion: 0.00  | Total: 0.00
[2026-07-24 21:29:25] [INFO] [TrafficSystem.FairnessManager]: [Fairness] Lane: East   | Base Score: 0.00 | Wait Cycles: 3 | Bonus: +15.00 | Adjusted: 15.00
[2026-07-24 21:29:25] [INFO] [TrafficSystem.FairnessManager]: [Fairness] Lane: West   | Base Score: 0.00 | Wait Cycles: 2 | Bonus: +10.00 | Adjusted: 10.00
[2026-07-24 21:29:25] [INFO] [TrafficSystem.FairnessManager]: [Fairness] Lane: North  | Base Score: 0.00 | Wait Cycles: 1 | Bonus: +5.00 | Adjusted: 5.00
[2026-07-24 21:29:25] [INFO] [TrafficSystem.SignalScheduler]: [Scheduler] Winner: East   | Score: 15.00 | Green: 35s | Reason: NORMAL
[2026-07-24 21:29:25] [INFO] [TrafficSystem.FairnessManager]: [Fairness Updated] Green: 'East' (Reset to 0). Waiting cycles: {'North': 2, 'South': 1, 'East': 0, 'West': 3}
[2026-07-24 21:29:25] [INFO] [TrafficSystem.SignalController]: [ESP32 Hardware Command #223] GREEN -> 'East' (35s) | Reason: NORMAL
[2026-07-24 21:29:25] [INFO] [TrafficSystem.PriorityCalculator]: [Rank #1] Lane: North  | PCE: 0.00  | Queue: 0.00  | Congestion: 0.00  | Total: 0.00
[2026-07-24 21:29:25] [INFO] [TrafficSystem.PriorityCalculator]: [Rank #2] Lane: South  | PCE: 0.00  | Queue: 0.00  | Congestion: 0.00  | Total: 0.00
[2026-07-24 21:29:25] [INFO] [TrafficSystem.PriorityCalculator]: [Rank #3] Lane: East   | PCE: 0.00  | Queue: 0.00  | Congestion: 0.00  | Total: 0.00
[2026-07-24 21:29:25] [INFO] [TrafficSystem.PriorityCalculator]: [Rank #4] Lane: West   | PCE: 0.00  | Queue: 0.00  | Congestion: 0.00  | Total: 0.00
[2026-07-24 21:29:25] [INFO] [TrafficSystem.FairnessManager]: [Fairness] Lane: West   | Base Score: 0.00 | Wait Cycles: 3 | Bonus: +15.00 | Adjusted: 15.00
[2026-07-24 21:29:25] [INFO] [TrafficSystem.FairnessManager]: [Fairness] Lane: North  | Base Score: 0.00 | Wait Cycles: 2 | Bonus: +10.00 | Adjusted: 10.00
[2026-07-24 21:29:25] [INFO] [TrafficSystem.FairnessManager]: [Fairness] Lane: South  | Base Score: 0.00 | Wait Cycles: 1 | Bonus: +5.00 | Adjusted: 5.00
[2026-07-24 21:29:25] [INFO] [TrafficSystem.SignalScheduler]: [Scheduler] Winner: West   | Score: 15.00 | Green: 35s | Reason: NORMAL
[2026-07-24 21:29:25] [INFO] [TrafficSystem.FairnessManager]: [Fairness Updated] Green: 'West' (Reset to 0). Waiting cycles: {'North': 3, 'South': 2, 'East': 1, 'West': 0}
[2026-07-24 21:29:25] [INFO] [TrafficSystem.SignalController]: [ESP32 Hardware Command #224] GREEN -> 'West' (35s) | Reason: NORMAL
[2026-07-24 21:29:25] [INFO] [TrafficSystem.PriorityCalculator]: [Rank #1] Lane: North  | PCE: 0.00  | Queue: 0.00  | Congestion: 0.00  | Total: 0.00
[2026-07-24 21:29:25] [INFO] [TrafficSystem.PriorityCalculator]: [Rank #2] Lane: South  | PCE: 0.00  | Queue: 0.00  | Congestion: 0.00  | Total: 0.00
[2026-07-24 21:29:25] [INFO] [TrafficSystem.PriorityCalculator]: [Rank #3] Lane: East   | PCE: 0.00  | Queue: 0.00  | Congestion: 0.00  | Total: 0.00
[2026-07-24 21:29:25] [INFO] [TrafficSystem.PriorityCalculator]: [Rank #4] Lane: West   | PCE: 0.00  | Queue: 0.00  | Congestion: 0.00  | Total: 0.00
[2026-07-24 21:29:25] [INFO] [TrafficSystem.FairnessManager]: [Fairness] Lane: North  | Base Score: 0.00 | Wait Cycles: 3 | Bonus: +15.00 | Adjusted: 15.00
[2026-07-24 21:29:25] [INFO] [TrafficSystem.FairnessManager]: [Fairness] Lane: South  | Base Score: 0.00 | Wait Cycles: 2 | Bonus: +10.00 | Adjusted: 10.00
[2026-07-24 21:29:25] [INFO] [TrafficSystem.FairnessManager]: [Fairness] Lane: East   | Base Score: 0.00 | Wait Cycles: 1 | Bonus: +5.00 | Adjusted: 5.00
[2026-07-24 21:29:25] [INFO] [TrafficSystem.SignalScheduler]: [Scheduler] Winner: North  | Score: 15.00 | Green: 35s | Reason: NORMAL
[2026-07-24 21:29:25] [INFO] [TrafficSystem.FairnessManager]: [Fairness Updated] Green: 'North' (Reset to 0). Waiting cycles: {'North': 0, 'South': 3, 'East': 2, 'West': 1}
[2026-07-24 21:29:25] [INFO] [TrafficSystem.SignalController]: [ESP32 Hardware Command #225] GREEN -> 'North' (35s) | Reason: NORMAL
[2026-07-24 21:29:25] [INFO] [TrafficSystem.PriorityCalculator]: [Rank #1] Lane: North  | PCE: 0.00  | Queue: 0.00  | Congestion: 0.00  | Total: 0.00
[2026-07-24 21:29:25] [INFO] [TrafficSystem.PriorityCalculator]: [Rank #2] Lane: South  | PCE: 0.00  | Queue: 0.00  | Congestion: 0.00  | Total: 0.00
[2026-07-24 21:29:25] [INFO] [TrafficSystem.PriorityCalculator]: [Rank #3] Lane: East   | PCE: 0.00  | Queue: 0.00  | Congestion: 0.00  | Total: 0.00
[2026-07-24 21:29:25] [INFO] [TrafficSystem.PriorityCalculator]: [Rank #4] Lane: West   | PCE: 0.00  | Queue: 0.00  | Congestion: 0.00  | Total: 0.00
[2026-07-24 21:29:25] [INFO] [TrafficSystem.FairnessManager]: [Fairness] Lane: South  | Base Score: 0.00 | Wait Cycles: 3 | Bonus: +15.00 | Adjusted: 15.00
[2026-07-24 21:29:25] [INFO] [TrafficSystem.FairnessManager]: [Fairness] Lane: East   | Base Score: 0.00 | Wait Cycles: 2 | Bonus: +10.00 | Adjusted: 10.00
[2026-07-24 21:29:25] [INFO] [TrafficSystem.FairnessManager]: [Fairness] Lane: West   | Base Score: 0.00 | Wait Cycles: 1 | Bonus: +5.00 | Adjusted: 5.00
[2026-07-24 21:29:25] [INFO] [TrafficSystem.SignalScheduler]: [Scheduler] Winner: South  | Score: 15.00 | Green: 35s | Reason: NORMAL
[2026-07-24 21:29:25] [INFO] [TrafficSystem.FairnessManager]: [Fairness Updated] Green: 'South' (Reset to 0). Waiting cycles: {'North': 1, 'South': 0, 'East': 3, 'West': 2}
[2026-07-24 21:29:25] [INFO] [TrafficSystem.SignalController]: [ESP32 Hardware Command #226] GREEN -> 'South' (35s) | Reason: NORMAL
[2026-07-24 21:29:25] [INFO] [TrafficSystem.PriorityCalculator]: [Rank #1] Lane: North  | PCE: 0.00  | Queue: 0.00  | Congestion: 0.00  | Total: 0.00
[2026-07-24 21:29:25] [INFO] [TrafficSystem.PriorityCalculator]: [Rank #2] Lane: South  | PCE: 0.00  | Queue: 0.00  | Congestion: 0.00  | Total: 0.00
[2026-07-24 21:29:25] [INFO] [TrafficSystem.PriorityCalculator]: [Rank #3] Lane: East   | PCE: 0.00  | Queue: 0.00  | Congestion: 0.00  | Total: 0.00
[2026-07-24 21:29:25] [INFO] [TrafficSystem.PriorityCalculator]: [Rank #4] Lane: West   | PCE: 0.00  | Queue: 0.00  | Congestion: 0.00  | Total: 0.00
[2026-07-24 21:29:25] [INFO] [TrafficSystem.FairnessManager]: [Fairness] Lane: East   | Base Score: 0.00 | Wait Cycles: 3 | Bonus: +15.00 | Adjusted: 15.00
[2026-07-24 21:29:25] [INFO] [TrafficSystem.FairnessManager]: [Fairness] Lane: West   | Base Score: 0.00 | Wait Cycles: 2 | Bonus: +10.00 | Adjusted: 10.00
[2026-07-24 21:29:25] [INFO] [TrafficSystem.FairnessManager]: [Fairness] Lane: North  | Base Score: 0.00 | Wait Cycles: 1 | Bonus: +5.00 | Adjusted: 5.00
[2026-07-24 21:29:25] [INFO] [TrafficSystem.SignalScheduler]: [Scheduler] Winner: East   | Score: 15.00 | Green: 35s | Reason: NORMAL
[2026-07-24 21:29:25] [INFO] [TrafficSystem.FairnessManager]: [Fairness Updated] Green: 'East' (Reset to 0). Waiting cycles: {'North': 2, 'South': 1, 'East': 0, 'West': 3}
[2026-07-24 21:29:25] [INFO] [TrafficSystem.SignalController]: [ESP32 Hardware Command #227] GREEN -> 'East' (35s) | Reason: NORMAL
[2026-07-24 21:29:25] [INFO] [TrafficSystem.PriorityCalculator]: [Rank #1] Lane: North  | PCE: 0.00  | Queue: 0.00  | Congestion: 0.00  | Total: 0.00
[2026-07-24 21:29:25] [INFO] [TrafficSystem.PriorityCalculator]: [Rank #2] Lane: South  | PCE: 0.00  | Queue: 0.00  | Congestion: 0.00  | Total: 0.00
[2026-07-24 21:29:25] [INFO] [TrafficSystem.PriorityCalculator]: [Rank #3] Lane: East   | PCE: 0.00  | Queue: 0.00  | Congestion: 0.00  | Total: 0.00
[2026-07-24 21:29:25] [INFO] [TrafficSystem.PriorityCalculator]: [Rank #4] Lane: West   | PCE: 0.00  | Queue: 0.00  | Congestion: 0.00  | Total: 0.00
[2026-07-24 21:29:25] [INFO] [TrafficSystem.FairnessManager]: [Fairness] Lane: West   | Base Score: 0.00 | Wait Cycles: 3 | Bonus: +15.00 | Adjusted: 15.00
[2026-07-24 21:29:25] [INFO] [TrafficSystem.FairnessManager]: [Fairness] Lane: North  | Base Score: 0.00 | Wait Cycles: 2 | Bonus: +10.00 | Adjusted: 10.00
[2026-07-24 21:29:25] [INFO] [TrafficSystem.FairnessManager]: [Fairness] Lane: South  | Base Score: 0.00 | Wait Cycles: 1 | Bonus: +5.00 | Adjusted: 5.00
[2026-07-24 21:29:25] [INFO] [TrafficSystem.SignalScheduler]: [Scheduler] Winner: West   | Score: 15.00 | Green: 35s | Reason: NORMAL
[2026-07-24 21:29:25] [INFO] [TrafficSystem.FairnessManager]: [Fairness Updated] Green: 'West' (Reset to 0). Waiting cycles: {'North': 3, 'South': 2, 'East': 1, 'West': 0}
[2026-07-24 21:29:25] [INFO] [TrafficSystem.SignalController]: [ESP32 Hardware Command #228] GREEN -> 'West' (35s) | Reason: NORMAL
[2026-07-24 21:29:25] [INFO] [TrafficSystem.PriorityCalculator]: [Rank #1] Lane: North  | PCE: 0.00  | Queue: 0.00  | Congestion: 0.00  | Total: 0.00
[2026-07-24 21:29:25] [INFO] [TrafficSystem.PriorityCalculator]: [Rank #2] Lane: South  | PCE: 0.00  | Queue: 0.00  | Congestion: 0.00  | Total: 0.00
[2026-07-24 21:29:25] [INFO] [TrafficSystem.PriorityCalculator]: [Rank #3] Lane: East   | PCE: 0.00  | Queue: 0.00  | Congestion: 0.00  | Total: 0.00
[2026-07-24 21:29:25] [INFO] [TrafficSystem.PriorityCalculator]: [Rank #4] Lane: West   | PCE: 0.00  | Queue: 0.00  | Congestion: 0.00  | Total: 0.00
[2026-07-24 21:29:25] [INFO] [TrafficSystem.FairnessManager]: [Fairness] Lane: North  | Base Score: 0.00 | Wait Cycles: 3 | Bonus: +15.00 | Adjusted: 15.00
[2026-07-24 21:29:25] [INFO] [TrafficSystem.FairnessManager]: [Fairness] Lane: South  | Base Score: 0.00 | Wait Cycles: 2 | Bonus: +10.00 | Adjusted: 10.00
[2026-07-24 21:29:25] [INFO] [TrafficSystem.FairnessManager]: [Fairness] Lane: East   | Base Score: 0.00 | Wait Cycles: 1 | Bonus: +5.00 | Adjusted: 5.00
[2026-07-24 21:29:25] [INFO] [TrafficSystem.SignalScheduler]: [Scheduler] Winner: North  | Score: 15.00 | Green: 35s | Reason: NORMAL
[2026-07-24 21:29:25] [INFO] [TrafficSystem.FairnessManager]: [Fairness Updated] Green: 'North' (Reset to 0). Waiting cycles: {'North': 0, 'South': 3, 'East': 2, 'West': 1}
[2026-07-24 21:29:25] [INFO] [TrafficSystem.SignalController]: [ESP32 Hardware Command #229] GREEN -> 'North' (35s) | Reason: NORMAL
[2026-07-24 21:29:25] [INFO] [TrafficSystem.PriorityCalculator]: [Rank #1] Lane: North  | PCE: 0.00  | Queue: 0.00  | Congestion: 0.00  | Total: 0.00
[2026-07-24 21:29:25] [INFO] [TrafficSystem.PriorityCalculator]: [Rank #2] Lane: South  | PCE: 0.00  | Queue: 0.00  | Congestion: 0.00  | Total: 0.00
[2026-07-24 21:29:25] [INFO] [TrafficSystem.PriorityCalculator]: [Rank #3] Lane: East   | PCE: 0.00  | Queue: 0.00  | Congestion: 0.00  | Total: 0.00
[2026-07-24 21:29:25] [INFO] [TrafficSystem.PriorityCalculator]: [Rank #4] Lane: West   | PCE: 0.00  | Queue: 0.00  | Congestion: 0.00  | Total: 0.00
[2026-07-24 21:29:25] [INFO] [TrafficSystem.FairnessManager]: [Fairness] Lane: South  | Base Score: 0.00 | Wait Cycles: 3 | Bonus: +15.00 | Adjusted: 15.00
[2026-07-24 21:29:25] [INFO] [TrafficSystem.FairnessManager]: [Fairness] Lane: East   | Base Score: 0.00 | Wait Cycles: 2 | Bonus: +10.00 | Adjusted: 10.00
[2026-07-24 21:29:25] [INFO] [TrafficSystem.FairnessManager]: [Fairness] Lane: West   | Base Score: 0.00 | Wait Cycles: 1 | Bonus: +5.00 | Adjusted: 5.00
[2026-07-24 21:29:25] [INFO] [TrafficSystem.SignalScheduler]: [Scheduler] Winner: South  | Score: 15.00 | Green: 35s | Reason: NORMAL
[2026-07-24 21:29:25] [INFO] [TrafficSystem.FairnessManager]: [Fairness Updated] Green: 'South' (Reset to 0). Waiting cycles: {'North': 1, 'South': 0, 'East': 3, 'West': 2}
[2026-07-24 21:29:25] [INFO] [TrafficSystem.SignalController]: [ESP32 Hardware Command #230] GREEN -> 'South' (35s) | Reason: NORMAL
[2026-07-24 21:29:26] [INFO] [TrafficSystem.PriorityCalculator]: [Rank #1] Lane: North  | PCE: 0.00  | Queue: 0.00  | Congestion: 0.00  | Total: 0.00
[2026-07-24 21:29:26] [INFO] [TrafficSystem.PriorityCalculator]: [Rank #2] Lane: South  | PCE: 0.00  | Queue: 0.00  | Congestion: 0.00  | Total: 0.00
[2026-07-24 21:29:26] [INFO] [TrafficSystem.PriorityCalculator]: [Rank #3] Lane: East   | PCE: 0.00  | Queue: 0.00  | Congestion: 0.00  | Total: 0.00
[2026-07-24 21:29:26] [INFO] [TrafficSystem.PriorityCalculator]: [Rank #4] Lane: West   | PCE: 0.00  | Queue: 0.00  | Congestion: 0.00  | Total: 0.00
[2026-07-24 21:29:26] [INFO] [TrafficSystem.FairnessManager]: [Fairness] Lane: East   | Base Score: 0.00 | Wait Cycles: 3 | Bonus: +15.00 | Adjusted: 15.00
[2026-07-24 21:29:26] [INFO] [TrafficSystem.FairnessManager]: [Fairness] Lane: West   | Base Score: 0.00 | Wait Cycles: 2 | Bonus: +10.00 | Adjusted: 10.00
[2026-07-24 21:29:26] [INFO] [TrafficSystem.FairnessManager]: [Fairness] Lane: North  | Base Score: 0.00 | Wait Cycles: 1 | Bonus: +5.00 | Adjusted: 5.00
[2026-07-24 21:29:26] [INFO] [TrafficSystem.SignalScheduler]: [Scheduler] Winner: East   | Score: 15.00 | Green: 35s | Reason: NORMAL
[2026-07-24 21:29:26] [INFO] [TrafficSystem.FairnessManager]: [Fairness Updated] Green: 'East' (Reset to 0). Waiting cycles: {'North': 2, 'South': 1, 'East': 0, 'West': 3}
[2026-07-24 21:29:26] [INFO] [TrafficSystem.SignalController]: [ESP32 Hardware Command #231] GREEN -> 'East' (35s) | Reason: NORMAL
[2026-07-24 21:29:26] [INFO] [TrafficSystem.PriorityCalculator]: [Rank #1] Lane: North  | PCE: 0.00  | Queue: 0.00  | Congestion: 0.00  | Total: 0.00
[2026-07-24 21:29:26] [INFO] [TrafficSystem.PriorityCalculator]: [Rank #2] Lane: South  | PCE: 0.00  | Queue: 0.00  | Congestion: 0.00  | Total: 0.00
[2026-07-24 21:29:26] [INFO] [TrafficSystem.PriorityCalculator]: [Rank #3] Lane: East   | PCE: 0.00  | Queue: 0.00  | Congestion: 0.00  | Total: 0.00
[2026-07-24 21:29:26] [INFO] [TrafficSystem.PriorityCalculator]: [Rank #4] Lane: West   | PCE: 0.00  | Queue: 0.00  | Congestion: 0.00  | Total: 0.00
[2026-07-24 21:29:26] [INFO] [TrafficSystem.FairnessManager]: [Fairness] Lane: West   | Base Score: 0.00 | Wait Cycles: 3 | Bonus: +15.00 | Adjusted: 15.00
[2026-07-24 21:29:26] [INFO] [TrafficSystem.FairnessManager]: [Fairness] Lane: North  | Base Score: 0.00 | Wait Cycles: 2 | Bonus: +10.00 | Adjusted: 10.00
[2026-07-24 21:29:26] [INFO] [TrafficSystem.FairnessManager]: [Fairness] Lane: South  | Base Score: 0.00 | Wait Cycles: 1 | Bonus: +5.00 | Adjusted: 5.00
[2026-07-24 21:29:26] [INFO] [TrafficSystem.SignalScheduler]: [Scheduler] Winner: West   | Score: 15.00 | Green: 35s | Reason: NORMAL
[2026-07-24 21:29:26] [INFO] [TrafficSystem.FairnessManager]: [Fairness Updated] Green: 'West' (Reset to 0). Waiting cycles: {'North': 3, 'South': 2, 'East': 1, 'West': 0}
[2026-07-24 21:29:26] [INFO] [TrafficSystem.SignalController]: [ESP32 Hardware Command #232] GREEN -> 'West' (35s) | Reason: NORMAL
[2026-07-24 21:29:26] [INFO] [TrafficSystem.PriorityCalculator]: [Rank #1] Lane: North  | PCE: 0.00  | Queue: 0.00  | Congestion: 0.00  | Total: 0.00
[2026-07-24 21:29:26] [INFO] [TrafficSystem.PriorityCalculator]: [Rank #2] Lane: South  | PCE: 0.00  | Queue: 0.00  | Congestion: 0.00  | Total: 0.00
[2026-07-24 21:29:26] [INFO] [TrafficSystem.PriorityCalculator]: [Rank #3] Lane: East   | PCE: 0.00  | Queue: 0.00  | Congestion: 0.00  | Total: 0.00
[2026-07-24 21:29:26] [INFO] [TrafficSystem.PriorityCalculator]: [Rank #4] Lane: West   | PCE: 0.00  | Queue: 0.00  | Congestion: 0.00  | Total: 0.00
[2026-07-24 21:29:26] [INFO] [TrafficSystem.FairnessManager]: [Fairness] Lane: North  | Base Score: 0.00 | Wait Cycles: 3 | Bonus: +15.00 | Adjusted: 15.00
[2026-07-24 21:29:26] [INFO] [TrafficSystem.FairnessManager]: [Fairness] Lane: South  | Base Score: 0.00 | Wait Cycles: 2 | Bonus: +10.00 | Adjusted: 10.00
[2026-07-24 21:29:26] [INFO] [TrafficSystem.FairnessManager]: [Fairness] Lane: East   | Base Score: 0.00 | Wait Cycles: 1 | Bonus: +5.00 | Adjusted: 5.00
[2026-07-24 21:29:26] [INFO] [TrafficSystem.SignalScheduler]: [Scheduler] Winner: North  | Score: 15.00 | Green: 35s | Reason: NORMAL
[2026-07-24 21:29:26] [INFO] [TrafficSystem.FairnessManager]: [Fairness Updated] Green: 'North' (Reset to 0). Waiting cycles: {'North': 0, 'South': 3, 'East': 2, 'West': 1}
[2026-07-24 21:29:26] [INFO] [TrafficSystem.SignalController]: [ESP32 Hardware Command #233] GREEN -> 'North' (35s) | Reason: NORMAL
[2026-07-24 21:29:26] [INFO] [TrafficSystem.PriorityCalculator]: [Rank #1] Lane: North  | PCE: 0.00  | Queue: 0.00  | Congestion: 0.00  | Total: 0.00
[2026-07-24 21:29:26] [INFO] [TrafficSystem.PriorityCalculator]: [Rank #2] Lane: South  | PCE: 0.00  | Queue: 0.00  | Congestion: 0.00  | Total: 0.00
[2026-07-24 21:29:26] [INFO] [TrafficSystem.PriorityCalculator]: [Rank #3] Lane: East   | PCE: 0.00  | Queue: 0.00  | Congestion: 0.00  | Total: 0.00
[2026-07-24 21:29:26] [INFO] [TrafficSystem.PriorityCalculator]: [Rank #4] Lane: West   | PCE: 0.00  | Queue: 0.00  | Congestion: 0.00  | Total: 0.00
[2026-07-24 21:29:26] [INFO] [TrafficSystem.FairnessManager]: [Fairness] Lane: South  | Base Score: 0.00 | Wait Cycles: 3 | Bonus: +15.00 | Adjusted: 15.00
[2026-07-24 21:29:26] [INFO] [TrafficSystem.FairnessManager]: [Fairness] Lane: East   | Base Score: 0.00 | Wait Cycles: 2 | Bonus: +10.00 | Adjusted: 10.00
[2026-07-24 21:29:26] [INFO] [TrafficSystem.FairnessManager]: [Fairness] Lane: West   | Base Score: 0.00 | Wait Cycles: 1 | Bonus: +5.00 | Adjusted: 5.00
[2026-07-24 21:29:26] [INFO] [TrafficSystem.SignalScheduler]: [Scheduler] Winner: South  | Score: 15.00 | Green: 35s | Reason: NORMAL
[2026-07-24 21:29:26] [INFO] [TrafficSystem.FairnessManager]: [Fairness Updated] Green: 'South' (Reset to 0). Waiting cycles: {'North': 1, 'South': 0, 'East': 3, 'West': 2}
[2026-07-24 21:29:26] [INFO] [TrafficSystem.SignalController]: [ESP32 Hardware Command #234] GREEN -> 'South' (35s) | Reason: NORMAL
[2026-07-24 21:29:26] [INFO] [TrafficSystem.PriorityCalculator]: [Rank #1] Lane: North  | PCE: 0.00  | Queue: 0.00  | Congestion: 0.00  | Total: 0.00
[2026-07-24 21:29:26] [INFO] [TrafficSystem.PriorityCalculator]: [Rank #2] Lane: South  | PCE: 0.00  | Queue: 0.00  | Congestion: 0.00  | Total: 0.00
[2026-07-24 21:29:26] [INFO] [TrafficSystem.PriorityCalculator]: [Rank #3] Lane: East   | PCE: 0.00  | Queue: 0.00  | Congestion: 0.00  | Total: 0.00
[2026-07-24 21:29:26] [INFO] [TrafficSystem.PriorityCalculator]: [Rank #4] Lane: West   | PCE: 0.00  | Queue: 0.00  | Congestion: 0.00  | Total: 0.00
[2026-07-24 21:29:26] [INFO] [TrafficSystem.FairnessManager]: [Fairness] Lane: East   | Base Score: 0.00 | Wait Cycles: 3 | Bonus: +15.00 | Adjusted: 15.00
[2026-07-24 21:29:26] [INFO] [TrafficSystem.FairnessManager]: [Fairness] Lane: West   | Base Score: 0.00 | Wait Cycles: 2 | Bonus: +10.00 | Adjusted: 10.00
[2026-07-24 21:29:26] [INFO] [TrafficSystem.FairnessManager]: [Fairness] Lane: North  | Base Score: 0.00 | Wait Cycles: 1 | Bonus: +5.00 | Adjusted: 5.00
[2026-07-24 21:29:26] [INFO] [TrafficSystem.SignalScheduler]: [Scheduler] Winner: East   | Score: 15.00 | Green: 35s | Reason: NORMAL
[2026-07-24 21:29:26] [INFO] [TrafficSystem.FairnessManager]: [Fairness Updated] Green: 'East' (Reset to 0). Waiting cycles: {'North': 2, 'South': 1, 'East': 0, 'West': 3}
[2026-07-24 21:29:26] [INFO] [TrafficSystem.SignalController]: [ESP32 Hardware Command #235] GREEN -> 'East' (35s) | Reason: NORMAL
[2026-07-24 21:29:26] [INFO] [TrafficSystem.PriorityCalculator]: [Rank #1] Lane: North  | PCE: 0.00  | Queue: 0.00  | Congestion: 0.00  | Total: 0.00
[2026-07-24 21:29:26] [INFO] [TrafficSystem.PriorityCalculator]: [Rank #2] Lane: South  | PCE: 0.00  | Queue: 0.00  | Congestion: 0.00  | Total: 0.00
[2026-07-24 21:29:26] [INFO] [TrafficSystem.PriorityCalculator]: [Rank #3] Lane: East   | PCE: 0.00  | Queue: 0.00  | Congestion: 0.00  | Total: 0.00
[2026-07-24 21:29:26] [INFO] [TrafficSystem.PriorityCalculator]: [Rank #4] Lane: West   | PCE: 0.00  | Queue: 0.00  | Congestion: 0.00  | Total: 0.00
[2026-07-24 21:29:26] [INFO] [TrafficSystem.FairnessManager]: [Fairness] Lane: West   | Base Score: 0.00 | Wait Cycles: 3 | Bonus: +15.00 | Adjusted: 15.00
[2026-07-24 21:29:26] [INFO] [TrafficSystem.FairnessManager]: [Fairness] Lane: North  | Base Score: 0.00 | Wait Cycles: 2 | Bonus: +10.00 | Adjusted: 10.00
[2026-07-24 21:29:26] [INFO] [TrafficSystem.FairnessManager]: [Fairness] Lane: South  | Base Score: 0.00 | Wait Cycles: 1 | Bonus: +5.00 | Adjusted: 5.00
[2026-07-24 21:29:26] [INFO] [TrafficSystem.SignalScheduler]: [Scheduler] Winner: West   | Score: 15.00 | Green: 35s | Reason: NORMAL
[2026-07-24 21:29:26] [INFO] [TrafficSystem.FairnessManager]: [Fairness Updated] Green: 'West' (Reset to 0). Waiting cycles: {'North': 3, 'South': 2, 'East': 1, 'West': 0}
[2026-07-24 21:29:26] [INFO] [TrafficSystem.SignalController]: [ESP32 Hardware Command #236] GREEN -> 'West' (35s) | Reason: NORMAL
[2026-07-24 21:29:26] [INFO] [TrafficSystem.PriorityCalculator]: [Rank #1] Lane: North  | PCE: 0.00  | Queue: 0.00  | Congestion: 0.00  | Total: 0.00
[2026-07-24 21:29:26] [INFO] [TrafficSystem.PriorityCalculator]: [Rank #2] Lane: South  | PCE: 0.00  | Queue: 0.00  | Congestion: 0.00  | Total: 0.00
[2026-07-24 21:29:26] [INFO] [TrafficSystem.PriorityCalculator]: [Rank #3] Lane: East   | PCE: 0.00  | Queue: 0.00  | Congestion: 0.00  | Total: 0.00
[2026-07-24 21:29:26] [INFO] [TrafficSystem.PriorityCalculator]: [Rank #4] Lane: West   | PCE: 0.00  | Queue: 0.00  | Congestion: 0.00  | Total: 0.00
[2026-07-24 21:29:26] [INFO] [TrafficSystem.FairnessManager]: [Fairness] Lane: North  | Base Score: 0.00 | Wait Cycles: 3 | Bonus: +15.00 | Adjusted: 15.00
[2026-07-24 21:29:26] [INFO] [TrafficSystem.FairnessManager]: [Fairness] Lane: South  | Base Score: 0.00 | Wait Cycles: 2 | Bonus: +10.00 | Adjusted: 10.00
[2026-07-24 21:29:26] [INFO] [TrafficSystem.FairnessManager]: [Fairness] Lane: East   | Base Score: 0.00 | Wait Cycles: 1 | Bonus: +5.00 | Adjusted: 5.00
[2026-07-24 21:29:26] [INFO] [TrafficSystem.SignalScheduler]: [Scheduler] Winner: North  | Score: 15.00 | Green: 35s | Reason: NORMAL
[2026-07-24 21:29:26] [INFO] [TrafficSystem.FairnessManager]: [Fairness Updated] Green: 'North' (Reset to 0). Waiting cycles: {'North': 0, 'South': 3, 'East': 2, 'West': 1}
[2026-07-24 21:29:26] [INFO] [TrafficSystem.SignalController]: [ESP32 Hardware Command #237] GREEN -> 'North' (35s) | Reason: NORMAL
[2026-07-24 21:29:26] [INFO] [TrafficSystem.PriorityCalculator]: [Rank #1] Lane: North  | PCE: 0.00  | Queue: 0.00  | Congestion: 0.00  | Total: 0.00
[2026-07-24 21:29:26] [INFO] [TrafficSystem.PriorityCalculator]: [Rank #2] Lane: South  | PCE: 0.00  | Queue: 0.00  | Congestion: 0.00  | Total: 0.00
[2026-07-24 21:29:26] [INFO] [TrafficSystem.PriorityCalculator]: [Rank #3] Lane: East   | PCE: 0.00  | Queue: 0.00  | Congestion: 0.00  | Total: 0.00
[2026-07-24 21:29:26] [INFO] [TrafficSystem.PriorityCalculator]: [Rank #4] Lane: West   | PCE: 0.00  | Queue: 0.00  | Congestion: 0.00  | Total: 0.00
[2026-07-24 21:29:26] [INFO] [TrafficSystem.FairnessManager]: [Fairness] Lane: South  | Base Score: 0.00 | Wait Cycles: 3 | Bonus: +15.00 | Adjusted: 15.00
[2026-07-24 21:29:26] [INFO] [TrafficSystem.FairnessManager]: [Fairness] Lane: East   | Base Score: 0.00 | Wait Cycles: 2 | Bonus: +10.00 | Adjusted: 10.00
[2026-07-24 21:29:26] [INFO] [TrafficSystem.FairnessManager]: [Fairness] Lane: West   | Base Score: 0.00 | Wait Cycles: 1 | Bonus: +5.00 | Adjusted: 5.00
[2026-07-24 21:29:26] [INFO] [TrafficSystem.SignalScheduler]: [Scheduler] Winner: South  | Score: 15.00 | Green: 35s | Reason: NORMAL
[2026-07-24 21:29:26] [INFO] [TrafficSystem.FairnessManager]: [Fairness Updated] Green: 'South' (Reset to 0). Waiting cycles: {'North': 1, 'South': 0, 'East': 3, 'West': 2}
[2026-07-24 21:29:26] [INFO] [TrafficSystem.SignalController]: [ESP32 Hardware Command #238] GREEN -> 'South' (35s) | Reason: NORMAL
[2026-07-24 21:29:26] [INFO] [TrafficSystem.PriorityCalculator]: [Rank #1] Lane: North  | PCE: 0.00  | Queue: 0.00  | Congestion: 0.00  | Total: 0.00
[2026-07-24 21:29:26] [INFO] [TrafficSystem.PriorityCalculator]: [Rank #2] Lane: South  | PCE: 0.00  | Queue: 0.00  | Congestion: 0.00  | Total: 0.00
[2026-07-24 21:29:26] [INFO] [TrafficSystem.PriorityCalculator]: [Rank #3] Lane: East   | PCE: 0.00  | Queue: 0.00  | Congestion: 0.00  | Total: 0.00
[2026-07-24 21:29:26] [INFO] [TrafficSystem.PriorityCalculator]: [Rank #4] Lane: West   | PCE: 0.00  | Queue: 0.00  | Congestion: 0.00  | Total: 0.00
[2026-07-24 21:29:26] [INFO] [TrafficSystem.FairnessManager]: [Fairness] Lane: East   | Base Score: 0.00 | Wait Cycles: 3 | Bonus: +15.00 | Adjusted: 15.00
[2026-07-24 21:29:26] [INFO] [TrafficSystem.FairnessManager]: [Fairness] Lane: West   | Base Score: 0.00 | Wait Cycles: 2 | Bonus: +10.00 | Adjusted: 10.00
[2026-07-24 21:29:26] [INFO] [TrafficSystem.FairnessManager]: [Fairness] Lane: North  | Base Score: 0.00 | Wait Cycles: 1 | Bonus: +5.00 | Adjusted: 5.00
[2026-07-24 21:29:26] [INFO] [TrafficSystem.SignalScheduler]: [Scheduler] Winner: East   | Score: 15.00 | Green: 35s | Reason: NORMAL
[2026-07-24 21:29:26] [INFO] [TrafficSystem.FairnessManager]: [Fairness Updated] Green: 'East' (Reset to 0). Waiting cycles: {'North': 2, 'South': 1, 'East': 0, 'West': 3}
[2026-07-24 21:29:26] [INFO] [TrafficSystem.SignalController]: [ESP32 Hardware Command #239] GREEN -> 'East' (35s) | Reason: NORMAL
[2026-07-24 21:29:26] [INFO] [TrafficSystem.PriorityCalculator]: [Rank #1] Lane: North  | PCE: 0.00  | Queue: 0.00  | Congestion: 0.00  | Total: 0.00
[2026-07-24 21:29:26] [INFO] [TrafficSystem.PriorityCalculator]: [Rank #2] Lane: South  | PCE: 0.00  | Queue: 0.00  | Congestion: 0.00  | Total: 0.00
[2026-07-24 21:29:26] [INFO] [TrafficSystem.PriorityCalculator]: [Rank #3] Lane: East   | PCE: 0.00  | Queue: 0.00  | Congestion: 0.00  | Total: 0.00
[2026-07-24 21:29:26] [INFO] [TrafficSystem.PriorityCalculator]: [Rank #4] Lane: West   | PCE: 0.00  | Queue: 0.00  | Congestion: 0.00  | Total: 0.00
[2026-07-24 21:29:26] [INFO] [TrafficSystem.FairnessManager]: [Fairness] Lane: West   | Base Score: 0.00 | Wait Cycles: 3 | Bonus: +15.00 | Adjusted: 15.00
[2026-07-24 21:29:26] [INFO] [TrafficSystem.FairnessManager]: [Fairness] Lane: North  | Base Score: 0.00 | Wait Cycles: 2 | Bonus: +10.00 | Adjusted: 10.00
[2026-07-24 21:29:26] [INFO] [TrafficSystem.FairnessManager]: [Fairness] Lane: South  | Base Score: 0.00 | Wait Cycles: 1 | Bonus: +5.00 | Adjusted: 5.00
[2026-07-24 21:29:26] [INFO] [TrafficSystem.SignalScheduler]: [Scheduler] Winner: West   | Score: 15.00 | Green: 35s | Reason: NORMAL
[2026-07-24 21:29:26] [INFO] [TrafficSystem.FairnessManager]: [Fairness Updated] Green: 'West' (Reset to 0). Waiting cycles: {'North': 3, 'South': 2, 'East': 1, 'West': 0}
[2026-07-24 21:29:26] [INFO] [TrafficSystem.SignalController]: [ESP32 Hardware Command #240] GREEN -> 'West' (35s) | Reason: NORMAL
[2026-07-24 21:29:26] [INFO] [TrafficSystem.PriorityCalculator]: [Rank #1] Lane: North  | PCE: 0.00  | Queue: 0.00  | Congestion: 0.00  | Total: 0.00
[2026-07-24 21:29:26] [INFO] [TrafficSystem.PriorityCalculator]: [Rank #2] Lane: South  | PCE: 0.00  | Queue: 0.00  | Congestion: 0.00  | Total: 0.00
[2026-07-24 21:29:26] [INFO] [TrafficSystem.PriorityCalculator]: [Rank #3] Lane: East   | PCE: 0.00  | Queue: 0.00  | Congestion: 0.00  | Total: 0.00
[2026-07-24 21:29:26] [INFO] [TrafficSystem.PriorityCalculator]: [Rank #4] Lane: West   | PCE: 0.00  | Queue: 0.00  | Congestion: 0.00  | Total: 0.00
[2026-07-24 21:29:26] [INFO] [TrafficSystem.FairnessManager]: [Fairness] Lane: North  | Base Score: 0.00 | Wait Cycles: 3 | Bonus: +15.00 | Adjusted: 15.00
[2026-07-24 21:29:26] [INFO] [TrafficSystem.FairnessManager]: [Fairness] Lane: South  | Base Score: 0.00 | Wait Cycles: 2 | Bonus: +10.00 | Adjusted: 10.00
[2026-07-24 21:29:26] [INFO] [TrafficSystem.FairnessManager]: [Fairness] Lane: East   | Base Score: 0.00 | Wait Cycles: 1 | Bonus: +5.00 | Adjusted: 5.00
[2026-07-24 21:29:26] [INFO] [TrafficSystem.SignalScheduler]: [Scheduler] Winner: North  | Score: 15.00 | Green: 35s | Reason: NORMAL
[2026-07-24 21:29:26] [INFO] [TrafficSystem.FairnessManager]: [Fairness Updated] Green: 'North' (Reset to 0). Waiting cycles: {'North': 0, 'South': 3, 'East': 2, 'West': 1}
[2026-07-24 21:29:26] [INFO] [TrafficSystem.SignalController]: [ESP32 Hardware Command #241] GREEN -> 'North' (35s) | Reason: NORMAL
[2026-07-24 21:29:27] [INFO] [TrafficSystem.PriorityCalculator]: [Rank #1] Lane: North  | PCE: 0.00  | Queue: 0.00  | Congestion: 0.00  | Total: 0.00
[2026-07-24 21:29:27] [INFO] [TrafficSystem.PriorityCalculator]: [Rank #2] Lane: South  | PCE: 0.00  | Queue: 0.00  | Congestion: 0.00  | Total: 0.00
[2026-07-24 21:29:27] [INFO] [TrafficSystem.PriorityCalculator]: [Rank #3] Lane: East   | PCE: 0.00  | Queue: 0.00  | Congestion: 0.00  | Total: 0.00
[2026-07-24 21:29:27] [INFO] [TrafficSystem.PriorityCalculator]: [Rank #4] Lane: West   | PCE: 0.00  | Queue: 0.00  | Congestion: 0.00  | Total: 0.00
[2026-07-24 21:29:27] [INFO] [TrafficSystem.FairnessManager]: [Fairness] Lane: South  | Base Score: 0.00 | Wait Cycles: 3 | Bonus: +15.00 | Adjusted: 15.00
[2026-07-24 21:29:27] [INFO] [TrafficSystem.FairnessManager]: [Fairness] Lane: East   | Base Score: 0.00 | Wait Cycles: 2 | Bonus: +10.00 | Adjusted: 10.00
[2026-07-24 21:29:27] [INFO] [TrafficSystem.FairnessManager]: [Fairness] Lane: West   | Base Score: 0.00 | Wait Cycles: 1 | Bonus: +5.00 | Adjusted: 5.00
[2026-07-24 21:29:27] [INFO] [TrafficSystem.SignalScheduler]: [Scheduler] Winner: South  | Score: 15.00 | Green: 35s | Reason: NORMAL
[2026-07-24 21:29:27] [INFO] [TrafficSystem.FairnessManager]: [Fairness Updated] Green: 'South' (Reset to 0). Waiting cycles: {'North': 1, 'South': 0, 'East': 3, 'West': 2}
[2026-07-24 21:29:27] [INFO] [TrafficSystem.SignalController]: [ESP32 Hardware Command #242] GREEN -> 'South' (35s) | Reason: NORMAL
[2026-07-24 21:29:27] [INFO] [TrafficSystem.PriorityCalculator]: [Rank #1] Lane: North  | PCE: 0.00  | Queue: 0.00  | Congestion: 0.00  | Total: 0.00
[2026-07-24 21:29:27] [INFO] [TrafficSystem.PriorityCalculator]: [Rank #2] Lane: South  | PCE: 0.00  | Queue: 0.00  | Congestion: 0.00  | Total: 0.00
[2026-07-24 21:29:27] [INFO] [TrafficSystem.PriorityCalculator]: [Rank #3] Lane: East   | PCE: 0.00  | Queue: 0.00  | Congestion: 0.00  | Total: 0.00
[2026-07-24 21:29:27] [INFO] [TrafficSystem.PriorityCalculator]: [Rank #4] Lane: West   | PCE: 0.00  | Queue: 0.00  | Congestion: 0.00  | Total: 0.00
[2026-07-24 21:29:27] [INFO] [TrafficSystem.FairnessManager]: [Fairness] Lane: East   | Base Score: 0.00 | Wait Cycles: 3 | Bonus: +15.00 | Adjusted: 15.00
[2026-07-24 21:29:27] [INFO] [TrafficSystem.FairnessManager]: [Fairness] Lane: West   | Base Score: 0.00 | Wait Cycles: 2 | Bonus: +10.00 | Adjusted: 10.00
[2026-07-24 21:29:27] [INFO] [TrafficSystem.FairnessManager]: [Fairness] Lane: North  | Base Score: 0.00 | Wait Cycles: 1 | Bonus: +5.00 | Adjusted: 5.00
[2026-07-24 21:29:27] [INFO] [TrafficSystem.SignalScheduler]: [Scheduler] Winner: East   | Score: 15.00 | Green: 35s | Reason: NORMAL
[2026-07-24 21:29:27] [INFO] [TrafficSystem.FairnessManager]: [Fairness Updated] Green: 'East' (Reset to 0). Waiting cycles: {'North': 2, 'South': 1, 'East': 0, 'West': 3}
[2026-07-24 21:29:27] [INFO] [TrafficSystem.SignalController]: [ESP32 Hardware Command #243] GREEN -> 'East' (35s) | Reason: NORMAL
[2026-07-24 21:29:27] [INFO] [TrafficSystem.PriorityCalculator]: [Rank #1] Lane: North  | PCE: 0.00  | Queue: 0.00  | Congestion: 0.00  | Total: 0.00
[2026-07-24 21:29:27] [INFO] [TrafficSystem.PriorityCalculator]: [Rank #2] Lane: South  | PCE: 0.00  | Queue: 0.00  | Congestion: 0.00  | Total: 0.00
[2026-07-24 21:29:27] [INFO] [TrafficSystem.PriorityCalculator]: [Rank #3] Lane: East   | PCE: 0.00  | Queue: 0.00  | Congestion: 0.00  | Total: 0.00
[2026-07-24 21:29:27] [INFO] [TrafficSystem.PriorityCalculator]: [Rank #4] Lane: West   | PCE: 0.00  | Queue: 0.00  | Congestion: 0.00  | Total: 0.00
[2026-07-24 21:29:27] [INFO] [TrafficSystem.FairnessManager]: [Fairness] Lane: West   | Base Score: 0.00 | Wait Cycles: 3 | Bonus: +15.00 | Adjusted: 15.00
[2026-07-24 21:29:27] [INFO] [TrafficSystem.FairnessManager]: [Fairness] Lane: North  | Base Score: 0.00 | Wait Cycles: 2 | Bonus: +10.00 | Adjusted: 10.00
[2026-07-24 21:29:27] [INFO] [TrafficSystem.FairnessManager]: [Fairness] Lane: South  | Base Score: 0.00 | Wait Cycles: 1 | Bonus: +5.00 | Adjusted: 5.00
[2026-07-24 21:29:27] [INFO] [TrafficSystem.SignalScheduler]: [Scheduler] Winner: West   | Score: 15.00 | Green: 35s | Reason: NORMAL
[2026-07-24 21:29:27] [INFO] [TrafficSystem.FairnessManager]: [Fairness Updated] Green: 'West' (Reset to 0). Waiting cycles: {'North': 3, 'South': 2, 'East': 1, 'West': 0}
[2026-07-24 21:29:27] [INFO] [TrafficSystem.SignalController]: [ESP32 Hardware Command #244] GREEN -> 'West' (35s) | Reason: NORMAL
[2026-07-24 21:29:27] [INFO] [TrafficSystem.PriorityCalculator]: [Rank #1] Lane: North  | PCE: 0.00  | Queue: 0.00  | Congestion: 0.00  | Total: 0.00
[2026-07-24 21:29:27] [INFO] [TrafficSystem.PriorityCalculator]: [Rank #2] Lane: South  | PCE: 0.00  | Queue: 0.00  | Congestion: 0.00  | Total: 0.00
[2026-07-24 21:29:27] [INFO] [TrafficSystem.PriorityCalculator]: [Rank #3] Lane: East   | PCE: 0.00  | Queue: 0.00  | Congestion: 0.00  | Total: 0.00
[2026-07-24 21:29:27] [INFO] [TrafficSystem.PriorityCalculator]: [Rank #4] Lane: West   | PCE: 0.00  | Queue: 0.00  | Congestion: 0.00  | Total: 0.00
[2026-07-24 21:29:27] [INFO] [TrafficSystem.FairnessManager]: [Fairness] Lane: North  | Base Score: 0.00 | Wait Cycles: 3 | Bonus: +15.00 | Adjusted: 15.00
[2026-07-24 21:29:27] [INFO] [TrafficSystem.FairnessManager]: [Fairness] Lane: South  | Base Score: 0.00 | Wait Cycles: 2 | Bonus: +10.00 | Adjusted: 10.00
[2026-07-24 21:29:27] [INFO] [TrafficSystem.FairnessManager]: [Fairness] Lane: East   | Base Score: 0.00 | Wait Cycles: 1 | Bonus: +5.00 | Adjusted: 5.00
[2026-07-24 21:29:27] [INFO] [TrafficSystem.SignalScheduler]: [Scheduler] Winner: North  | Score: 15.00 | Green: 35s | Reason: NORMAL
[2026-07-24 21:29:27] [INFO] [TrafficSystem.FairnessManager]: [Fairness Updated] Green: 'North' (Reset to 0). Waiting cycles: {'North': 0, 'South': 3, 'East': 2, 'West': 1}
[2026-07-24 21:29:27] [INFO] [TrafficSystem.SignalController]: [ESP32 Hardware Command #245] GREEN -> 'North' (35s) | Reason: NORMAL
[2026-07-24 21:29:27] [INFO] [TrafficSystem.PriorityCalculator]: [Rank #1] Lane: North  | PCE: 0.00  | Queue: 0.00  | Congestion: 0.00  | Total: 0.00
[2026-07-24 21:29:27] [INFO] [TrafficSystem.PriorityCalculator]: [Rank #2] Lane: South  | PCE: 0.00  | Queue: 0.00  | Congestion: 0.00  | Total: 0.00
[2026-07-24 21:29:27] [INFO] [TrafficSystem.PriorityCalculator]: [Rank #3] Lane: East   | PCE: 0.00  | Queue: 0.00  | Congestion: 0.00  | Total: 0.00
[2026-07-24 21:29:27] [INFO] [TrafficSystem.PriorityCalculator]: [Rank #4] Lane: West   | PCE: 0.00  | Queue: 0.00  | Congestion: 0.00  | Total: 0.00
[2026-07-24 21:29:27] [INFO] [TrafficSystem.FairnessManager]: [Fairness] Lane: South  | Base Score: 0.00 | Wait Cycles: 3 | Bonus: +15.00 | Adjusted: 15.00
[2026-07-24 21:29:27] [INFO] [TrafficSystem.FairnessManager]: [Fairness] Lane: East   | Base Score: 0.00 | Wait Cycles: 2 | Bonus: +10.00 | Adjusted: 10.00
[2026-07-24 21:29:27] [INFO] [TrafficSystem.FairnessManager]: [Fairness] Lane: West   | Base Score: 0.00 | Wait Cycles: 1 | Bonus: +5.00 | Adjusted: 5.00
[2026-07-24 21:29:27] [INFO] [TrafficSystem.SignalScheduler]: [Scheduler] Winner: South  | Score: 15.00 | Green: 35s | Reason: NORMAL
[2026-07-24 21:29:27] [INFO] [TrafficSystem.FairnessManager]: [Fairness Updated] Green: 'South' (Reset to 0). Waiting cycles: {'North': 1, 'South': 0, 'East': 3, 'West': 2}
[2026-07-24 21:29:27] [INFO] [TrafficSystem.SignalController]: [ESP32 Hardware Command #246] GREEN -> 'South' (35s) | Reason: NORMAL
[2026-07-24 21:29:27] [INFO] [TrafficSystem.PriorityCalculator]: [Rank #1] Lane: North  | PCE: 0.00  | Queue: 0.00  | Congestion: 0.00  | Total: 0.00
[2026-07-24 21:29:27] [INFO] [TrafficSystem.PriorityCalculator]: [Rank #2] Lane: South  | PCE: 0.00  | Queue: 0.00  | Congestion: 0.00  | Total: 0.00
[2026-07-24 21:29:27] [INFO] [TrafficSystem.PriorityCalculator]: [Rank #3] Lane: East   | PCE: 0.00  | Queue: 0.00  | Congestion: 0.00  | Total: 0.00
[2026-07-24 21:29:27] [INFO] [TrafficSystem.PriorityCalculator]: [Rank #4] Lane: West   | PCE: 0.00  | Queue: 0.00  | Congestion: 0.00  | Total: 0.00
[2026-07-24 21:29:27] [INFO] [TrafficSystem.FairnessManager]: [Fairness] Lane: East   | Base Score: 0.00 | Wait Cycles: 3 | Bonus: +15.00 | Adjusted: 15.00
[2026-07-24 21:29:27] [INFO] [TrafficSystem.FairnessManager]: [Fairness] Lane: West   | Base Score: 0.00 | Wait Cycles: 2 | Bonus: +10.00 | Adjusted: 10.00
[2026-07-24 21:29:27] [INFO] [TrafficSystem.FairnessManager]: [Fairness] Lane: North  | Base Score: 0.00 | Wait Cycles: 1 | Bonus: +5.00 | Adjusted: 5.00
[2026-07-24 21:29:27] [INFO] [TrafficSystem.SignalScheduler]: [Scheduler] Winner: East   | Score: 15.00 | Green: 35s | Reason: NORMAL
[2026-07-24 21:29:27] [INFO] [TrafficSystem.FairnessManager]: [Fairness Updated] Green: 'East' (Reset to 0). Waiting cycles: {'North': 2, 'South': 1, 'East': 0, 'West': 3}
[2026-07-24 21:29:27] [INFO] [TrafficSystem.SignalController]: [ESP32 Hardware Command #247] GREEN -> 'East' (35s) | Reason: NORMAL
[2026-07-24 21:29:27] [INFO] [TrafficSystem.PriorityCalculator]: [Rank #1] Lane: North  | PCE: 0.00  | Queue: 0.00  | Congestion: 0.00  | Total: 0.00
[2026-07-24 21:29:27] [INFO] [TrafficSystem.PriorityCalculator]: [Rank #2] Lane: South  | PCE: 0.00  | Queue: 0.00  | Congestion: 0.00  | Total: 0.00
[2026-07-24 21:29:27] [INFO] [TrafficSystem.PriorityCalculator]: [Rank #3] Lane: East   | PCE: 0.00  | Queue: 0.00  | Congestion: 0.00  | Total: 0.00
[2026-07-24 21:29:27] [INFO] [TrafficSystem.PriorityCalculator]: [Rank #4] Lane: West   | PCE: 0.00  | Queue: 0.00  | Congestion: 0.00  | Total: 0.00
[2026-07-24 21:29:27] [INFO] [TrafficSystem.FairnessManager]: [Fairness] Lane: West   | Base Score: 0.00 | Wait Cycles: 3 | Bonus: +15.00 | Adjusted: 15.00
[2026-07-24 21:29:27] [INFO] [TrafficSystem.FairnessManager]: [Fairness] Lane: North  | Base Score: 0.00 | Wait Cycles: 2 | Bonus: +10.00 | Adjusted: 10.00
[2026-07-24 21:29:27] [INFO] [TrafficSystem.FairnessManager]: [Fairness] Lane: South  | Base Score: 0.00 | Wait Cycles: 1 | Bonus: +5.00 | Adjusted: 5.00
[2026-07-24 21:29:27] [INFO] [TrafficSystem.SignalScheduler]: [Scheduler] Winner: West   | Score: 15.00 | Green: 35s | Reason: NORMAL
[2026-07-24 21:29:27] [INFO] [TrafficSystem.FairnessManager]: [Fairness Updated] Green: 'West' (Reset to 0). Waiting cycles: {'North': 3, 'South': 2, 'East': 1, 'West': 0}
[2026-07-24 21:29:27] [INFO] [TrafficSystem.SignalController]: [ESP32 Hardware Command #248] GREEN -> 'West' (35s) | Reason: NORMAL
[2026-07-24 21:29:27] [INFO] [TrafficSystem.PriorityCalculator]: [Rank #1] Lane: North  | PCE: 0.00  | Queue: 0.00  | Congestion: 0.00  | Total: 0.00
[2026-07-24 21:29:27] [INFO] [TrafficSystem.PriorityCalculator]: [Rank #2] Lane: South  | PCE: 0.00  | Queue: 0.00  | Congestion: 0.00  | Total: 0.00
[2026-07-24 21:29:27] [INFO] [TrafficSystem.PriorityCalculator]: [Rank #3] Lane: East   | PCE: 0.00  | Queue: 0.00  | Congestion: 0.00  | Total: 0.00
[2026-07-24 21:29:27] [INFO] [TrafficSystem.PriorityCalculator]: [Rank #4] Lane: West   | PCE: 0.00  | Queue: 0.00  | Congestion: 0.00  | Total: 0.00
[2026-07-24 21:29:27] [INFO] [TrafficSystem.FairnessManager]: [Fairness] Lane: North  | Base Score: 0.00 | Wait Cycles: 3 | Bonus: +15.00 | Adjusted: 15.00
[2026-07-24 21:29:27] [INFO] [TrafficSystem.FairnessManager]: [Fairness] Lane: South  | Base Score: 0.00 | Wait Cycles: 2 | Bonus: +10.00 | Adjusted: 10.00
[2026-07-24 21:29:27] [INFO] [TrafficSystem.FairnessManager]: [Fairness] Lane: East   | Base Score: 0.00 | Wait Cycles: 1 | Bonus: +5.00 | Adjusted: 5.00
[2026-07-24 21:29:27] [INFO] [TrafficSystem.SignalScheduler]: [Scheduler] Winner: North  | Score: 15.00 | Green: 35s | Reason: NORMAL
[2026-07-24 21:29:27] [INFO] [TrafficSystem.FairnessManager]: [Fairness Updated] Green: 'North' (Reset to 0). Waiting cycles: {'North': 0, 'South': 3, 'East': 2, 'West': 1}
[2026-07-24 21:29:27] [INFO] [TrafficSystem.SignalController]: [ESP32 Hardware Command #249] GREEN -> 'North' (35s) | Reason: NORMAL
[2026-07-24 21:29:27] [INFO] [TrafficSystem.PriorityCalculator]: [Rank #1] Lane: North  | PCE: 0.00  | Queue: 0.00  | Congestion: 0.00  | Total: 0.00
[2026-07-24 21:29:27] [INFO] [TrafficSystem.PriorityCalculator]: [Rank #2] Lane: South  | PCE: 0.00  | Queue: 0.00  | Congestion: 0.00  | Total: 0.00
[2026-07-24 21:29:27] [INFO] [TrafficSystem.PriorityCalculator]: [Rank #3] Lane: East   | PCE: 0.00  | Queue: 0.00  | Congestion: 0.00  | Total: 0.00
[2026-07-24 21:29:27] [INFO] [TrafficSystem.PriorityCalculator]: [Rank #4] Lane: West   | PCE: 0.00  | Queue: 0.00  | Congestion: 0.00  | Total: 0.00
[2026-07-24 21:29:27] [INFO] [TrafficSystem.FairnessManager]: [Fairness] Lane: South  | Base Score: 0.00 | Wait Cycles: 3 | Bonus: +15.00 | Adjusted: 15.00
[2026-07-24 21:29:27] [INFO] [TrafficSystem.FairnessManager]: [Fairness] Lane: East   | Base Score: 0.00 | Wait Cycles: 2 | Bonus: +10.00 | Adjusted: 10.00
[2026-07-24 21:29:27] [INFO] [TrafficSystem.FairnessManager]: [Fairness] Lane: West   | Base Score: 0.00 | Wait Cycles: 1 | Bonus: +5.00 | Adjusted: 5.00
[2026-07-24 21:29:27] [INFO] [TrafficSystem.SignalScheduler]: [Scheduler] Winner: South  | Score: 15.00 | Green: 35s | Reason: NORMAL
[2026-07-24 21:29:27] [INFO] [TrafficSystem.FairnessManager]: [Fairness Updated] Green: 'South' (Reset to 0). Waiting cycles: {'North': 1, 'South': 0, 'East': 3, 'West': 2}
[2026-07-24 21:29:27] [INFO] [TrafficSystem.SignalController]: [ESP32 Hardware Command #250] GREEN -> 'South' (35s) | Reason: NORMAL
[2026-07-24 21:29:27] [INFO] [TrafficSystem.PriorityCalculator]: [Rank #1] Lane: North  | PCE: 0.00  | Queue: 0.00  | Congestion: 0.00  | Total: 0.00
[2026-07-24 21:29:27] [INFO] [TrafficSystem.PriorityCalculator]: [Rank #2] Lane: South  | PCE: 0.00  | Queue: 0.00  | Congestion: 0.00  | Total: 0.00
[2026-07-24 21:29:27] [INFO] [TrafficSystem.PriorityCalculator]: [Rank #3] Lane: East   | PCE: 0.00  | Queue: 0.00  | Congestion: 0.00  | Total: 0.00
[2026-07-24 21:29:27] [INFO] [TrafficSystem.PriorityCalculator]: [Rank #4] Lane: West   | PCE: 0.00  | Queue: 0.00  | Congestion: 0.00  | Total: 0.00
[2026-07-24 21:29:27] [INFO] [TrafficSystem.FairnessManager]: [Fairness] Lane: East   | Base Score: 0.00 | Wait Cycles: 3 | Bonus: +15.00 | Adjusted: 15.00
[2026-07-24 21:29:27] [INFO] [TrafficSystem.FairnessManager]: [Fairness] Lane: West   | Base Score: 0.00 | Wait Cycles: 2 | Bonus: +10.00 | Adjusted: 10.00
[2026-07-24 21:29:27] [INFO] [TrafficSystem.FairnessManager]: [Fairness] Lane: North  | Base Score: 0.00 | Wait Cycles: 1 | Bonus: +5.00 | Adjusted: 5.00
[2026-07-24 21:29:27] [INFO] [TrafficSystem.SignalScheduler]: [Scheduler] Winner: East   | Score: 15.00 | Green: 35s | Reason: NORMAL
[2026-07-24 21:29:27] [INFO] [TrafficSystem.FairnessManager]: [Fairness Updated] Green: 'East' (Reset to 0). Waiting cycles: {'North': 2, 'South': 1, 'East': 0, 'West': 3}
[2026-07-24 21:29:27] [INFO] [TrafficSystem.SignalController]: [ESP32 Hardware Command #251] GREEN -> 'East' (35s) | Reason: NORMAL
[2026-07-24 21:29:28] [INFO] [TrafficSystem.PriorityCalculator]: [Rank #1] Lane: North  | PCE: 0.00  | Queue: 0.00  | Congestion: 0.00  | Total: 0.00
[2026-07-24 21:29:28] [INFO] [TrafficSystem.PriorityCalculator]: [Rank #2] Lane: South  | PCE: 0.00  | Queue: 0.00  | Congestion: 0.00  | Total: 0.00
[2026-07-24 21:29:28] [INFO] [TrafficSystem.PriorityCalculator]: [Rank #3] Lane: East   | PCE: 0.00  | Queue: 0.00  | Congestion: 0.00  | Total: 0.00
[2026-07-24 21:29:28] [INFO] [TrafficSystem.PriorityCalculator]: [Rank #4] Lane: West   | PCE: 0.00  | Queue: 0.00  | Congestion: 0.00  | Total: 0.00
[2026-07-24 21:29:28] [INFO] [TrafficSystem.FairnessManager]: [Fairness] Lane: West   | Base Score: 0.00 | Wait Cycles: 3 | Bonus: +15.00 | Adjusted: 15.00
[2026-07-24 21:29:28] [INFO] [TrafficSystem.FairnessManager]: [Fairness] Lane: North  | Base Score: 0.00 | Wait Cycles: 2 | Bonus: +10.00 | Adjusted: 10.00
[2026-07-24 21:29:28] [INFO] [TrafficSystem.FairnessManager]: [Fairness] Lane: South  | Base Score: 0.00 | Wait Cycles: 1 | Bonus: +5.00 | Adjusted: 5.00
[2026-07-24 21:29:28] [INFO] [TrafficSystem.SignalScheduler]: [Scheduler] Winner: West   | Score: 15.00 | Green: 35s | Reason: NORMAL
[2026-07-24 21:29:28] [INFO] [TrafficSystem.FairnessManager]: [Fairness Updated] Green: 'West' (Reset to 0). Waiting cycles: {'North': 3, 'South': 2, 'East': 1, 'West': 0}
[2026-07-24 21:29:28] [INFO] [TrafficSystem.SignalController]: [ESP32 Hardware Command #252] GREEN -> 'West' (35s) | Reason: NORMAL
[2026-07-24 21:29:28] [INFO] [TrafficSystem.PriorityCalculator]: [Rank #1] Lane: North  | PCE: 0.00  | Queue: 0.00  | Congestion: 0.00  | Total: 0.00
[2026-07-24 21:29:28] [INFO] [TrafficSystem.PriorityCalculator]: [Rank #2] Lane: South  | PCE: 0.00  | Queue: 0.00  | Congestion: 0.00  | Total: 0.00
[2026-07-24 21:29:28] [INFO] [TrafficSystem.PriorityCalculator]: [Rank #3] Lane: East   | PCE: 0.00  | Queue: 0.00  | Congestion: 0.00  | Total: 0.00
[2026-07-24 21:29:28] [INFO] [TrafficSystem.PriorityCalculator]: [Rank #4] Lane: West   | PCE: 0.00  | Queue: 0.00  | Congestion: 0.00  | Total: 0.00
[2026-07-24 21:29:28] [INFO] [TrafficSystem.FairnessManager]: [Fairness] Lane: North  | Base Score: 0.00 | Wait Cycles: 3 | Bonus: +15.00 | Adjusted: 15.00
[2026-07-24 21:29:28] [INFO] [TrafficSystem.FairnessManager]: [Fairness] Lane: South  | Base Score: 0.00 | Wait Cycles: 2 | Bonus: +10.00 | Adjusted: 10.00
[2026-07-24 21:29:28] [INFO] [TrafficSystem.FairnessManager]: [Fairness] Lane: East   | Base Score: 0.00 | Wait Cycles: 1 | Bonus: +5.00 | Adjusted: 5.00
[2026-07-24 21:29:28] [INFO] [TrafficSystem.SignalScheduler]: [Scheduler] Winner: North  | Score: 15.00 | Green: 35s | Reason: NORMAL
[2026-07-24 21:29:28] [INFO] [TrafficSystem.FairnessManager]: [Fairness Updated] Green: 'North' (Reset to 0). Waiting cycles: {'North': 0, 'South': 3, 'East': 2, 'West': 1}
[2026-07-24 21:29:28] [INFO] [TrafficSystem.SignalController]: [ESP32 Hardware Command #253] GREEN -> 'North' (35s) | Reason: NORMAL
[2026-07-24 21:29:28] [INFO] [TrafficSystem.PriorityCalculator]: [Rank #1] Lane: North  | PCE: 0.00  | Queue: 0.00  | Congestion: 0.00  | Total: 0.00
[2026-07-24 21:29:28] [INFO] [TrafficSystem.PriorityCalculator]: [Rank #2] Lane: South  | PCE: 0.00  | Queue: 0.00  | Congestion: 0.00  | Total: 0.00
[2026-07-24 21:29:28] [INFO] [TrafficSystem.PriorityCalculator]: [Rank #3] Lane: East   | PCE: 0.00  | Queue: 0.00  | Congestion: 0.00  | Total: 0.00
[2026-07-24 21:29:28] [INFO] [TrafficSystem.PriorityCalculator]: [Rank #4] Lane: West   | PCE: 0.00  | Queue: 0.00  | Congestion: 0.00  | Total: 0.00
[2026-07-24 21:29:28] [INFO] [TrafficSystem.FairnessManager]: [Fairness] Lane: South  | Base Score: 0.00 | Wait Cycles: 3 | Bonus: +15.00 | Adjusted: 15.00
[2026-07-24 21:29:28] [INFO] [TrafficSystem.FairnessManager]: [Fairness] Lane: East   | Base Score: 0.00 | Wait Cycles: 2 | Bonus: +10.00 | Adjusted: 10.00
[2026-07-24 21:29:28] [INFO] [TrafficSystem.FairnessManager]: [Fairness] Lane: West   | Base Score: 0.00 | Wait Cycles: 1 | Bonus: +5.00 | Adjusted: 5.00
[2026-07-24 21:29:28] [INFO] [TrafficSystem.SignalScheduler]: [Scheduler] Winner: South  | Score: 15.00 | Green: 35s | Reason: NORMAL
[2026-07-24 21:29:28] [INFO] [TrafficSystem.FairnessManager]: [Fairness Updated] Green: 'South' (Reset to 0). Waiting cycles: {'North': 1, 'South': 0, 'East': 3, 'West': 2}
[2026-07-24 21:29:28] [INFO] [TrafficSystem.SignalController]: [ESP32 Hardware Command #254] GREEN -> 'South' (35s) | Reason: NORMAL
[2026-07-24 21:29:28] [INFO] [TrafficSystem.PriorityCalculator]: [Rank #1] Lane: North  | PCE: 0.00  | Queue: 0.00  | Congestion: 0.00  | Total: 0.00
[2026-07-24 21:29:28] [INFO] [TrafficSystem.PriorityCalculator]: [Rank #2] Lane: South  | PCE: 0.00  | Queue: 0.00  | Congestion: 0.00  | Total: 0.00
[2026-07-24 21:29:28] [INFO] [TrafficSystem.PriorityCalculator]: [Rank #3] Lane: East   | PCE: 0.00  | Queue: 0.00  | Congestion: 0.00  | Total: 0.00
[2026-07-24 21:29:28] [INFO] [TrafficSystem.PriorityCalculator]: [Rank #4] Lane: West   | PCE: 0.00  | Queue: 0.00  | Congestion: 0.00  | Total: 0.00
[2026-07-24 21:29:28] [INFO] [TrafficSystem.FairnessManager]: [Fairness] Lane: East   | Base Score: 0.00 | Wait Cycles: 3 | Bonus: +15.00 | Adjusted: 15.00
[2026-07-24 21:29:28] [INFO] [TrafficSystem.FairnessManager]: [Fairness] Lane: West   | Base Score: 0.00 | Wait Cycles: 2 | Bonus: +10.00 | Adjusted: 10.00
[2026-07-24 21:29:28] [INFO] [TrafficSystem.FairnessManager]: [Fairness] Lane: North  | Base Score: 0.00 | Wait Cycles: 1 | Bonus: +5.00 | Adjusted: 5.00
[2026-07-24 21:29:28] [INFO] [TrafficSystem.SignalScheduler]: [Scheduler] Winner: East   | Score: 15.00 | Green: 35s | Reason: NORMAL
[2026-07-24 21:29:28] [INFO] [TrafficSystem.FairnessManager]: [Fairness Updated] Green: 'East' (Reset to 0). Waiting cycles: {'North': 2, 'South': 1, 'East': 0, 'West': 3}
[2026-07-24 21:29:28] [INFO] [TrafficSystem.SignalController]: [ESP32 Hardware Command #255] GREEN -> 'East' (35s) | Reason: NORMAL
[2026-07-24 21:29:28] [INFO] [TrafficSystem.PriorityCalculator]: [Rank #1] Lane: North  | PCE: 0.00  | Queue: 0.00  | Congestion: 0.00  | Total: 0.00
[2026-07-24 21:29:28] [INFO] [TrafficSystem.PriorityCalculator]: [Rank #2] Lane: South  | PCE: 0.00  | Queue: 0.00  | Congestion: 0.00  | Total: 0.00
[2026-07-24 21:29:28] [INFO] [TrafficSystem.PriorityCalculator]: [Rank #3] Lane: East   | PCE: 0.00  | Queue: 0.00  | Congestion: 0.00  | Total: 0.00
[2026-07-24 21:29:28] [INFO] [TrafficSystem.PriorityCalculator]: [Rank #4] Lane: West   | PCE: 0.00  | Queue: 0.00  | Congestion: 0.00  | Total: 0.00
[2026-07-24 21:29:28] [INFO] [TrafficSystem.FairnessManager]: [Fairness] Lane: West   | Base Score: 0.00 | Wait Cycles: 3 | Bonus: +15.00 | Adjusted: 15.00
[2026-07-24 21:29:28] [INFO] [TrafficSystem.FairnessManager]: [Fairness] Lane: North  | Base Score: 0.00 | Wait Cycles: 2 | Bonus: +10.00 | Adjusted: 10.00
[2026-07-24 21:29:28] [INFO] [TrafficSystem.FairnessManager]: [Fairness] Lane: South  | Base Score: 0.00 | Wait Cycles: 1 | Bonus: +5.00 | Adjusted: 5.00
[2026-07-24 21:29:28] [INFO] [TrafficSystem.SignalScheduler]: [Scheduler] Winner: West   | Score: 15.00 | Green: 35s | Reason: NORMAL
[2026-07-24 21:29:28] [INFO] [TrafficSystem.FairnessManager]: [Fairness Updated] Green: 'West' (Reset to 0). Waiting cycles: {'North': 3, 'South': 2, 'East': 1, 'West': 0}
[2026-07-24 21:29:28] [INFO] [TrafficSystem.SignalController]: [ESP32 Hardware Command #256] GREEN -> 'West' (35s) | Reason: NORMAL
[2026-07-24 21:29:28] [INFO] [TrafficSystem.PriorityCalculator]: [Rank #1] Lane: North  | PCE: 0.00  | Queue: 0.00  | Congestion: 0.00  | Total: 0.00
[2026-07-24 21:29:28] [INFO] [TrafficSystem.PriorityCalculator]: [Rank #2] Lane: South  | PCE: 0.00  | Queue: 0.00  | Congestion: 0.00  | Total: 0.00
[2026-07-24 21:29:28] [INFO] [TrafficSystem.PriorityCalculator]: [Rank #3] Lane: East   | PCE: 0.00  | Queue: 0.00  | Congestion: 0.00  | Total: 0.00
[2026-07-24 21:29:28] [INFO] [TrafficSystem.PriorityCalculator]: [Rank #4] Lane: West   | PCE: 0.00  | Queue: 0.00  | Congestion: 0.00  | Total: 0.00
[2026-07-24 21:29:28] [INFO] [TrafficSystem.FairnessManager]: [Fairness] Lane: North  | Base Score: 0.00 | Wait Cycles: 3 | Bonus: +15.00 | Adjusted: 15.00
[2026-07-24 21:29:28] [INFO] [TrafficSystem.FairnessManager]: [Fairness] Lane: South  | Base Score: 0.00 | Wait Cycles: 2 | Bonus: +10.00 | Adjusted: 10.00
[2026-07-24 21:29:28] [INFO] [TrafficSystem.FairnessManager]: [Fairness] Lane: East   | Base Score: 0.00 | Wait Cycles: 1 | Bonus: +5.00 | Adjusted: 5.00
[2026-07-24 21:29:28] [INFO] [TrafficSystem.SignalScheduler]: [Scheduler] Winner: North  | Score: 15.00 | Green: 35s | Reason: NORMAL
[2026-07-24 21:29:28] [INFO] [TrafficSystem.FairnessManager]: [Fairness Updated] Green: 'North' (Reset to 0). Waiting cycles: {'North': 0, 'South': 3, 'East': 2, 'West': 1}
[2026-07-24 21:29:28] [INFO] [TrafficSystem.SignalController]: [ESP32 Hardware Command #257] GREEN -> 'North' (35s) | Reason: NORMAL
[2026-07-24 21:29:28] [INFO] [TrafficSystem.PriorityCalculator]: [Rank #1] Lane: North  | PCE: 0.00  | Queue: 0.00  | Congestion: 0.00  | Total: 0.00
[2026-07-24 21:29:28] [INFO] [TrafficSystem.PriorityCalculator]: [Rank #2] Lane: South  | PCE: 0.00  | Queue: 0.00  | Congestion: 0.00  | Total: 0.00
[2026-07-24 21:29:28] [INFO] [TrafficSystem.PriorityCalculator]: [Rank #3] Lane: East   | PCE: 0.00  | Queue: 0.00  | Congestion: 0.00  | Total: 0.00
[2026-07-24 21:29:28] [INFO] [TrafficSystem.PriorityCalculator]: [Rank #4] Lane: West   | PCE: 0.00  | Queue: 0.00  | Congestion: 0.00  | Total: 0.00
[2026-07-24 21:29:28] [INFO] [TrafficSystem.FairnessManager]: [Fairness] Lane: South  | Base Score: 0.00 | Wait Cycles: 3 | Bonus: +15.00 | Adjusted: 15.00
[2026-07-24 21:29:28] [INFO] [TrafficSystem.FairnessManager]: [Fairness] Lane: East   | Base Score: 0.00 | Wait Cycles: 2 | Bonus: +10.00 | Adjusted: 10.00
[2026-07-24 21:29:28] [INFO] [TrafficSystem.FairnessManager]: [Fairness] Lane: West   | Base Score: 0.00 | Wait Cycles: 1 | Bonus: +5.00 | Adjusted: 5.00
[2026-07-24 21:29:28] [INFO] [TrafficSystem.SignalScheduler]: [Scheduler] Winner: South  | Score: 15.00 | Green: 35s | Reason: NORMAL
[2026-07-24 21:29:28] [INFO] [TrafficSystem.FairnessManager]: [Fairness Updated] Green: 'South' (Reset to 0). Waiting cycles: {'North': 1, 'South': 0, 'East': 3, 'West': 2}
[2026-07-24 21:29:28] [INFO] [TrafficSystem.SignalController]: [ESP32 Hardware Command #258] GREEN -> 'South' (35s) | Reason: NORMAL
[2026-07-24 21:29:28] [INFO] [TrafficSystem.PriorityCalculator]: [Rank #1] Lane: North  | PCE: 0.00  | Queue: 0.00  | Congestion: 0.00  | Total: 0.00
[2026-07-24 21:29:28] [INFO] [TrafficSystem.PriorityCalculator]: [Rank #2] Lane: South  | PCE: 0.00  | Queue: 0.00  | Congestion: 0.00  | Total: 0.00
[2026-07-24 21:29:28] [INFO] [TrafficSystem.PriorityCalculator]: [Rank #3] Lane: East   | PCE: 0.00  | Queue: 0.00  | Congestion: 0.00  | Total: 0.00
[2026-07-24 21:29:28] [INFO] [TrafficSystem.PriorityCalculator]: [Rank #4] Lane: West   | PCE: 0.00  | Queue: 0.00  | Congestion: 0.00  | Total: 0.00
[2026-07-24 21:29:28] [INFO] [TrafficSystem.FairnessManager]: [Fairness] Lane: East   | Base Score: 0.00 | Wait Cycles: 3 | Bonus: +15.00 | Adjusted: 15.00
[2026-07-24 21:29:28] [INFO] [TrafficSystem.FairnessManager]: [Fairness] Lane: West   | Base Score: 0.00 | Wait Cycles: 2 | Bonus: +10.00 | Adjusted: 10.00
[2026-07-24 21:29:28] [INFO] [TrafficSystem.FairnessManager]: [Fairness] Lane: North  | Base Score: 0.00 | Wait Cycles: 1 | Bonus: +5.00 | Adjusted: 5.00
[2026-07-24 21:29:28] [INFO] [TrafficSystem.SignalScheduler]: [Scheduler] Winner: East   | Score: 15.00 | Green: 35s | Reason: NORMAL
[2026-07-24 21:29:28] [INFO] [TrafficSystem.FairnessManager]: [Fairness Updated] Green: 'East' (Reset to 0). Waiting cycles: {'North': 2, 'South': 1, 'East': 0, 'West': 3}
[2026-07-24 21:29:28] [INFO] [TrafficSystem.SignalController]: [ESP32 Hardware Command #259] GREEN -> 'East' (35s) | Reason: NORMAL
[2026-07-24 21:29:28] [INFO] [TrafficSystem.PriorityCalculator]: [Rank #1] Lane: North  | PCE: 0.00  | Queue: 0.00  | Congestion: 0.00  | Total: 0.00
[2026-07-24 21:29:28] [INFO] [TrafficSystem.PriorityCalculator]: [Rank #2] Lane: South  | PCE: 0.00  | Queue: 0.00  | Congestion: 0.00  | Total: 0.00
[2026-07-24 21:29:28] [INFO] [TrafficSystem.PriorityCalculator]: [Rank #3] Lane: East   | PCE: 0.00  | Queue: 0.00  | Congestion: 0.00  | Total: 0.00
[2026-07-24 21:29:28] [INFO] [TrafficSystem.PriorityCalculator]: [Rank #4] Lane: West   | PCE: 0.00  | Queue: 0.00  | Congestion: 0.00  | Total: 0.00
[2026-07-24 21:29:28] [INFO] [TrafficSystem.FairnessManager]: [Fairness] Lane: West   | Base Score: 0.00 | Wait Cycles: 3 | Bonus: +15.00 | Adjusted: 15.00
[2026-07-24 21:29:28] [INFO] [TrafficSystem.FairnessManager]: [Fairness] Lane: North  | Base Score: 0.00 | Wait Cycles: 2 | Bonus: +10.00 | Adjusted: 10.00
[2026-07-24 21:29:28] [INFO] [TrafficSystem.FairnessManager]: [Fairness] Lane: South  | Base Score: 0.00 | Wait Cycles: 1 | Bonus: +5.00 | Adjusted: 5.00
[2026-07-24 21:29:28] [INFO] [TrafficSystem.SignalScheduler]: [Scheduler] Winner: West   | Score: 15.00 | Green: 35s | Reason: NORMAL
[2026-07-24 21:29:28] [INFO] [TrafficSystem.FairnessManager]: [Fairness Updated] Green: 'West' (Reset to 0). Waiting cycles: {'North': 3, 'South': 2, 'East': 1, 'West': 0}
[2026-07-24 21:29:28] [INFO] [TrafficSystem.SignalController]: [ESP32 Hardware Command #260] GREEN -> 'West' (35s) | Reason: NORMAL
[2026-07-24 21:29:28] [INFO] [TrafficSystem.PriorityCalculator]: [Rank #1] Lane: North  | PCE: 0.00  | Queue: 0.00  | Congestion: 0.00  | Total: 0.00
[2026-07-24 21:29:28] [INFO] [TrafficSystem.PriorityCalculator]: [Rank #2] Lane: South  | PCE: 0.00  | Queue: 0.00  | Congestion: 0.00  | Total: 0.00
[2026-07-24 21:29:28] [INFO] [TrafficSystem.PriorityCalculator]: [Rank #3] Lane: East   | PCE: 0.00  | Queue: 0.00  | Congestion: 0.00  | Total: 0.00
[2026-07-24 21:29:28] [INFO] [TrafficSystem.PriorityCalculator]: [Rank #4] Lane: West   | PCE: 0.00  | Queue: 0.00  | Congestion: 0.00  | Total: 0.00
[2026-07-24 21:29:28] [INFO] [TrafficSystem.FairnessManager]: [Fairness] Lane: North  | Base Score: 0.00 | Wait Cycles: 3 | Bonus: +15.00 | Adjusted: 15.00
[2026-07-24 21:29:28] [INFO] [TrafficSystem.FairnessManager]: [Fairness] Lane: South  | Base Score: 0.00 | Wait Cycles: 2 | Bonus: +10.00 | Adjusted: 10.00
[2026-07-24 21:29:28] [INFO] [TrafficSystem.FairnessManager]: [Fairness] Lane: East   | Base Score: 0.00 | Wait Cycles: 1 | Bonus: +5.00 | Adjusted: 5.00
[2026-07-24 21:29:28] [INFO] [TrafficSystem.SignalScheduler]: [Scheduler] Winner: North  | Score: 15.00 | Green: 35s | Reason: NORMAL
[2026-07-24 21:29:28] [INFO] [TrafficSystem.FairnessManager]: [Fairness Updated] Green: 'North' (Reset to 0). Waiting cycles: {'North': 0, 'South': 3, 'East': 2, 'West': 1}
[2026-07-24 21:29:28] [INFO] [TrafficSystem.SignalController]: [ESP32 Hardware Command #261] GREEN -> 'North' (35s) | Reason: NORMAL
[2026-07-24 21:29:29] [INFO] [TrafficSystem.PriorityCalculator]: [Rank #1] Lane: North  | PCE: 0.00  | Queue: 0.00  | Congestion: 0.00  | Total: 0.00
[2026-07-24 21:29:29] [INFO] [TrafficSystem.PriorityCalculator]: [Rank #2] Lane: South  | PCE: 0.00  | Queue: 0.00  | Congestion: 0.00  | Total: 0.00
[2026-07-24 21:29:29] [INFO] [TrafficSystem.PriorityCalculator]: [Rank #3] Lane: East   | PCE: 0.00  | Queue: 0.00  | Congestion: 0.00  | Total: 0.00
[2026-07-24 21:29:29] [INFO] [TrafficSystem.PriorityCalculator]: [Rank #4] Lane: West   | PCE: 0.00  | Queue: 0.00  | Congestion: 0.00  | Total: 0.00
[2026-07-24 21:29:29] [INFO] [TrafficSystem.FairnessManager]: [Fairness] Lane: South  | Base Score: 0.00 | Wait Cycles: 3 | Bonus: +15.00 | Adjusted: 15.00
[2026-07-24 21:29:29] [INFO] [TrafficSystem.FairnessManager]: [Fairness] Lane: East   | Base Score: 0.00 | Wait Cycles: 2 | Bonus: +10.00 | Adjusted: 10.00
[2026-07-24 21:29:29] [INFO] [TrafficSystem.FairnessManager]: [Fairness] Lane: West   | Base Score: 0.00 | Wait Cycles: 1 | Bonus: +5.00 | Adjusted: 5.00
[2026-07-24 21:29:29] [INFO] [TrafficSystem.SignalScheduler]: [Scheduler] Winner: South  | Score: 15.00 | Green: 35s | Reason: NORMAL
[2026-07-24 21:29:29] [INFO] [TrafficSystem.FairnessManager]: [Fairness Updated] Green: 'South' (Reset to 0). Waiting cycles: {'North': 1, 'South': 0, 'East': 3, 'West': 2}
[2026-07-24 21:29:29] [INFO] [TrafficSystem.SignalController]: [ESP32 Hardware Command #262] GREEN -> 'South' (35s) | Reason: NORMAL
[2026-07-24 21:29:29] [INFO] [TrafficSystem.PriorityCalculator]: [Rank #1] Lane: North  | PCE: 0.00  | Queue: 0.00  | Congestion: 0.00  | Total: 0.00
[2026-07-24 21:29:29] [INFO] [TrafficSystem.PriorityCalculator]: [Rank #2] Lane: South  | PCE: 0.00  | Queue: 0.00  | Congestion: 0.00  | Total: 0.00
[2026-07-24 21:29:29] [INFO] [TrafficSystem.PriorityCalculator]: [Rank #3] Lane: East   | PCE: 0.00  | Queue: 0.00  | Congestion: 0.00  | Total: 0.00
[2026-07-24 21:29:29] [INFO] [TrafficSystem.PriorityCalculator]: [Rank #4] Lane: West   | PCE: 0.00  | Queue: 0.00  | Congestion: 0.00  | Total: 0.00
[2026-07-24 21:29:29] [INFO] [TrafficSystem.FairnessManager]: [Fairness] Lane: East   | Base Score: 0.00 | Wait Cycles: 3 | Bonus: +15.00 | Adjusted: 15.00
[2026-07-24 21:29:29] [INFO] [TrafficSystem.FairnessManager]: [Fairness] Lane: West   | Base Score: 0.00 | Wait Cycles: 2 | Bonus: +10.00 | Adjusted: 10.00
[2026-07-24 21:29:29] [INFO] [TrafficSystem.FairnessManager]: [Fairness] Lane: North  | Base Score: 0.00 | Wait Cycles: 1 | Bonus: +5.00 | Adjusted: 5.00
[2026-07-24 21:29:29] [INFO] [TrafficSystem.SignalScheduler]: [Scheduler] Winner: East   | Score: 15.00 | Green: 35s | Reason: NORMAL
[2026-07-24 21:29:29] [INFO] [TrafficSystem.FairnessManager]: [Fairness Updated] Green: 'East' (Reset to 0). Waiting cycles: {'North': 2, 'South': 1, 'East': 0, 'West': 3}
[2026-07-24 21:29:29] [INFO] [TrafficSystem.SignalController]: [ESP32 Hardware Command #263] GREEN -> 'East' (35s) | Reason: NORMAL
[2026-07-24 21:29:29] [INFO] [TrafficSystem.PriorityCalculator]: [Rank #1] Lane: North  | PCE: 0.00  | Queue: 0.00  | Congestion: 0.00  | Total: 0.00
[2026-07-24 21:29:29] [INFO] [TrafficSystem.PriorityCalculator]: [Rank #2] Lane: South  | PCE: 0.00  | Queue: 0.00  | Congestion: 0.00  | Total: 0.00
[2026-07-24 21:29:29] [INFO] [TrafficSystem.PriorityCalculator]: [Rank #3] Lane: East   | PCE: 0.00  | Queue: 0.00  | Congestion: 0.00  | Total: 0.00
[2026-07-24 21:29:29] [INFO] [TrafficSystem.PriorityCalculator]: [Rank #4] Lane: West   | PCE: 0.00  | Queue: 0.00  | Congestion: 0.00  | Total: 0.00
[2026-07-24 21:29:29] [INFO] [TrafficSystem.FairnessManager]: [Fairness] Lane: West   | Base Score: 0.00 | Wait Cycles: 3 | Bonus: +15.00 | Adjusted: 15.00
[2026-07-24 21:29:29] [INFO] [TrafficSystem.FairnessManager]: [Fairness] Lane: North  | Base Score: 0.00 | Wait Cycles: 2 | Bonus: +10.00 | Adjusted: 10.00
[2026-07-24 21:29:29] [INFO] [TrafficSystem.FairnessManager]: [Fairness] Lane: South  | Base Score: 0.00 | Wait Cycles: 1 | Bonus: +5.00 | Adjusted: 5.00
[2026-07-24 21:29:29] [INFO] [TrafficSystem.SignalScheduler]: [Scheduler] Winner: West   | Score: 15.00 | Green: 35s | Reason: NORMAL
[2026-07-24 21:29:29] [INFO] [TrafficSystem.FairnessManager]: [Fairness Updated] Green: 'West' (Reset to 0). Waiting cycles: {'North': 3, 'South': 2, 'East': 1, 'West': 0}
[2026-07-24 21:29:29] [INFO] [TrafficSystem.SignalController]: [ESP32 Hardware Command #264] GREEN -> 'West' (35s) | Reason: NORMAL
[2026-07-24 21:29:29] [INFO] [TrafficSystem.PriorityCalculator]: [Rank #1] Lane: North  | PCE: 0.00  | Queue: 0.00  | Congestion: 0.00  | Total: 0.00
[2026-07-24 21:29:29] [INFO] [TrafficSystem.PriorityCalculator]: [Rank #2] Lane: South  | PCE: 0.00  | Queue: 0.00  | Congestion: 0.00  | Total: 0.00
[2026-07-24 21:29:29] [INFO] [TrafficSystem.PriorityCalculator]: [Rank #3] Lane: East   | PCE: 0.00  | Queue: 0.00  | Congestion: 0.00  | Total: 0.00
[2026-07-24 21:29:29] [INFO] [TrafficSystem.PriorityCalculator]: [Rank #4] Lane: West   | PCE: 0.00  | Queue: 0.00  | Congestion: 0.00  | Total: 0.00
[2026-07-24 21:29:29] [INFO] [TrafficSystem.FairnessManager]: [Fairness] Lane: North  | Base Score: 0.00 | Wait Cycles: 3 | Bonus: +15.00 | Adjusted: 15.00
[2026-07-24 21:29:29] [INFO] [TrafficSystem.FairnessManager]: [Fairness] Lane: South  | Base Score: 0.00 | Wait Cycles: 2 | Bonus: +10.00 | Adjusted: 10.00
[2026-07-24 21:29:29] [INFO] [TrafficSystem.FairnessManager]: [Fairness] Lane: East   | Base Score: 0.00 | Wait Cycles: 1 | Bonus: +5.00 | Adjusted: 5.00
[2026-07-24 21:29:29] [INFO] [TrafficSystem.SignalScheduler]: [Scheduler] Winner: North  | Score: 15.00 | Green: 35s | Reason: NORMAL
[2026-07-24 21:29:29] [INFO] [TrafficSystem.FairnessManager]: [Fairness Updated] Green: 'North' (Reset to 0). Waiting cycles: {'North': 0, 'South': 3, 'East': 2, 'West': 1}
[2026-07-24 21:29:29] [INFO] [TrafficSystem.SignalController]: [ESP32 Hardware Command #265] GREEN -> 'North' (35s) | Reason: NORMAL
[2026-07-24 21:29:29] [INFO] [TrafficSystem.PriorityCalculator]: [Rank #1] Lane: North  | PCE: 0.00  | Queue: 0.00  | Congestion: 0.00  | Total: 0.00
[2026-07-24 21:29:29] [INFO] [TrafficSystem.PriorityCalculator]: [Rank #2] Lane: South  | PCE: 0.00  | Queue: 0.00  | Congestion: 0.00  | Total: 0.00
[2026-07-24 21:29:29] [INFO] [TrafficSystem.PriorityCalculator]: [Rank #3] Lane: East   | PCE: 0.00  | Queue: 0.00  | Congestion: 0.00  | Total: 0.00
[2026-07-24 21:29:29] [INFO] [TrafficSystem.PriorityCalculator]: [Rank #4] Lane: West   | PCE: 0.00  | Queue: 0.00  | Congestion: 0.00  | Total: 0.00
[2026-07-24 21:29:29] [INFO] [TrafficSystem.FairnessManager]: [Fairness] Lane: South  | Base Score: 0.00 | Wait Cycles: 3 | Bonus: +15.00 | Adjusted: 15.00
[2026-07-24 21:29:29] [INFO] [TrafficSystem.FairnessManager]: [Fairness] Lane: East   | Base Score: 0.00 | Wait Cycles: 2 | Bonus: +10.00 | Adjusted: 10.00
[2026-07-24 21:29:29] [INFO] [TrafficSystem.FairnessManager]: [Fairness] Lane: West   | Base Score: 0.00 | Wait Cycles: 1 | Bonus: +5.00 | Adjusted: 5.00
[2026-07-24 21:29:29] [INFO] [TrafficSystem.SignalScheduler]: [Scheduler] Winner: South  | Score: 15.00 | Green: 35s | Reason: NORMAL
[2026-07-24 21:29:29] [INFO] [TrafficSystem.FairnessManager]: [Fairness Updated] Green: 'South' (Reset to 0). Waiting cycles: {'North': 1, 'South': 0, 'East': 3, 'West': 2}
[2026-07-24 21:29:29] [INFO] [TrafficSystem.SignalController]: [ESP32 Hardware Command #266] GREEN -> 'South' (35s) | Reason: NORMAL
[2026-07-24 21:29:29] [INFO] [TrafficSystem.PriorityCalculator]: [Rank #1] Lane: North  | PCE: 0.00  | Queue: 0.00  | Congestion: 0.00  | Total: 0.00
[2026-07-24 21:29:29] [INFO] [TrafficSystem.PriorityCalculator]: [Rank #2] Lane: South  | PCE: 0.00  | Queue: 0.00  | Congestion: 0.00  | Total: 0.00
[2026-07-24 21:29:29] [INFO] [TrafficSystem.PriorityCalculator]: [Rank #3] Lane: East   | PCE: 0.00  | Queue: 0.00  | Congestion: 0.00  | Total: 0.00
[2026-07-24 21:29:29] [INFO] [TrafficSystem.PriorityCalculator]: [Rank #4] Lane: West   | PCE: 0.00  | Queue: 0.00  | Congestion: 0.00  | Total: 0.00
[2026-07-24 21:29:29] [INFO] [TrafficSystem.FairnessManager]: [Fairness] Lane: East   | Base Score: 0.00 | Wait Cycles: 3 | Bonus: +15.00 | Adjusted: 15.00
[2026-07-24 21:29:29] [INFO] [TrafficSystem.FairnessManager]: [Fairness] Lane: West   | Base Score: 0.00 | Wait Cycles: 2 | Bonus: +10.00 | Adjusted: 10.00
[2026-07-24 21:29:29] [INFO] [TrafficSystem.FairnessManager]: [Fairness] Lane: North  | Base Score: 0.00 | Wait Cycles: 1 | Bonus: +5.00 | Adjusted: 5.00
[2026-07-24 21:29:29] [INFO] [TrafficSystem.SignalScheduler]: [Scheduler] Winner: East   | Score: 15.00 | Green: 35s | Reason: NORMAL
[2026-07-24 21:29:29] [INFO] [TrafficSystem.FairnessManager]: [Fairness Updated] Green: 'East' (Reset to 0). Waiting cycles: {'North': 2, 'South': 1, 'East': 0, 'West': 3}
[2026-07-24 21:29:29] [INFO] [TrafficSystem.SignalController]: [ESP32 Hardware Command #267] GREEN -> 'East' (35s) | Reason: NORMAL
[2026-07-24 21:29:29] [INFO] [TrafficSystem.PriorityCalculator]: [Rank #1] Lane: North  | PCE: 0.00  | Queue: 0.00  | Congestion: 0.00  | Total: 0.00
[2026-07-24 21:29:29] [INFO] [TrafficSystem.PriorityCalculator]: [Rank #2] Lane: South  | PCE: 0.00  | Queue: 0.00  | Congestion: 0.00  | Total: 0.00
[2026-07-24 21:29:29] [INFO] [TrafficSystem.PriorityCalculator]: [Rank #3] Lane: East   | PCE: 0.00  | Queue: 0.00  | Congestion: 0.00  | Total: 0.00
[2026-07-24 21:29:29] [INFO] [TrafficSystem.PriorityCalculator]: [Rank #4] Lane: West   | PCE: 0.00  | Queue: 0.00  | Congestion: 0.00  | Total: 0.00
[2026-07-24 21:29:29] [INFO] [TrafficSystem.FairnessManager]: [Fairness] Lane: West   | Base Score: 0.00 | Wait Cycles: 3 | Bonus: +15.00 | Adjusted: 15.00
[2026-07-24 21:29:29] [INFO] [TrafficSystem.FairnessManager]: [Fairness] Lane: North  | Base Score: 0.00 | Wait Cycles: 2 | Bonus: +10.00 | Adjusted: 10.00
[2026-07-24 21:29:29] [INFO] [TrafficSystem.FairnessManager]: [Fairness] Lane: South  | Base Score: 0.00 | Wait Cycles: 1 | Bonus: +5.00 | Adjusted: 5.00
[2026-07-24 21:29:29] [INFO] [TrafficSystem.SignalScheduler]: [Scheduler] Winner: West   | Score: 15.00 | Green: 35s | Reason: NORMAL
[2026-07-24 21:29:29] [INFO] [TrafficSystem.FairnessManager]: [Fairness Updated] Green: 'West' (Reset to 0). Waiting cycles: {'North': 3, 'South': 2, 'East': 1, 'West': 0}
[2026-07-24 21:29:29] [INFO] [TrafficSystem.SignalController]: [ESP32 Hardware Command #268] GREEN -> 'West' (35s) | Reason: NORMAL
[2026-07-24 21:29:29] [INFO] [TrafficSystem.PriorityCalculator]: [Rank #1] Lane: North  | PCE: 0.00  | Queue: 0.00  | Congestion: 0.00  | Total: 0.00
[2026-07-24 21:29:29] [INFO] [TrafficSystem.PriorityCalculator]: [Rank #2] Lane: South  | PCE: 0.00  | Queue: 0.00  | Congestion: 0.00  | Total: 0.00
[2026-07-24 21:29:29] [INFO] [TrafficSystem.PriorityCalculator]: [Rank #3] Lane: East   | PCE: 0.00  | Queue: 0.00  | Congestion: 0.00  | Total: 0.00
[2026-07-24 21:29:29] [INFO] [TrafficSystem.PriorityCalculator]: [Rank #4] Lane: West   | PCE: 0.00  | Queue: 0.00  | Congestion: 0.00  | Total: 0.00
[2026-07-24 21:29:29] [INFO] [TrafficSystem.FairnessManager]: [Fairness] Lane: North  | Base Score: 0.00 | Wait Cycles: 3 | Bonus: +15.00 | Adjusted: 15.00
[2026-07-24 21:29:29] [INFO] [TrafficSystem.FairnessManager]: [Fairness] Lane: South  | Base Score: 0.00 | Wait Cycles: 2 | Bonus: +10.00 | Adjusted: 10.00
[2026-07-24 21:29:29] [INFO] [TrafficSystem.FairnessManager]: [Fairness] Lane: East   | Base Score: 0.00 | Wait Cycles: 1 | Bonus: +5.00 | Adjusted: 5.00
[2026-07-24 21:29:29] [INFO] [TrafficSystem.SignalScheduler]: [Scheduler] Winner: North  | Score: 15.00 | Green: 35s | Reason: NORMAL
[2026-07-24 21:29:29] [INFO] [TrafficSystem.FairnessManager]: [Fairness Updated] Green: 'North' (Reset to 0). Waiting cycles: {'North': 0, 'South': 3, 'East': 2, 'West': 1}
[2026-07-24 21:29:29] [INFO] [TrafficSystem.SignalController]: [ESP32 Hardware Command #269] GREEN -> 'North' (35s) | Reason: NORMAL
[2026-07-24 21:29:29] [INFO] [TrafficSystem.PriorityCalculator]: [Rank #1] Lane: North  | PCE: 0.00  | Queue: 0.00  | Congestion: 0.00  | Total: 0.00
[2026-07-24 21:29:29] [INFO] [TrafficSystem.PriorityCalculator]: [Rank #2] Lane: South  | PCE: 0.00  | Queue: 0.00  | Congestion: 0.00  | Total: 0.00
[2026-07-24 21:29:29] [INFO] [TrafficSystem.PriorityCalculator]: [Rank #3] Lane: East   | PCE: 0.00  | Queue: 0.00  | Congestion: 0.00  | Total: 0.00
[2026-07-24 21:29:29] [INFO] [TrafficSystem.PriorityCalculator]: [Rank #4] Lane: West   | PCE: 0.00  | Queue: 0.00  | Congestion: 0.00  | Total: 0.00
[2026-07-24 21:29:29] [INFO] [TrafficSystem.FairnessManager]: [Fairness] Lane: South  | Base Score: 0.00 | Wait Cycles: 3 | Bonus: +15.00 | Adjusted: 15.00
[2026-07-24 21:29:29] [INFO] [TrafficSystem.FairnessManager]: [Fairness] Lane: East   | Base Score: 0.00 | Wait Cycles: 2 | Bonus: +10.00 | Adjusted: 10.00
[2026-07-24 21:29:29] [INFO] [TrafficSystem.FairnessManager]: [Fairness] Lane: West   | Base Score: 0.00 | Wait Cycles: 1 | Bonus: +5.00 | Adjusted: 5.00
[2026-07-24 21:29:29] [INFO] [TrafficSystem.SignalScheduler]: [Scheduler] Winner: South  | Score: 15.00 | Green: 35s | Reason: NORMAL
[2026-07-24 21:29:29] [INFO] [TrafficSystem.FairnessManager]: [Fairness Updated] Green: 'South' (Reset to 0). Waiting cycles: {'North': 1, 'South': 0, 'East': 3, 'West': 2}
[2026-07-24 21:29:29] [INFO] [TrafficSystem.SignalController]: [ESP32 Hardware Command #270] GREEN -> 'South' (35s) | Reason: NORMAL
[2026-07-24 21:29:29] [INFO] [TrafficSystem.PriorityCalculator]: [Rank #1] Lane: North  | PCE: 0.00  | Queue: 0.00  | Congestion: 0.00  | Total: 0.00
[2026-07-24 21:29:29] [INFO] [TrafficSystem.PriorityCalculator]: [Rank #2] Lane: South  | PCE: 0.00  | Queue: 0.00  | Congestion: 0.00  | Total: 0.00
[2026-07-24 21:29:29] [INFO] [TrafficSystem.PriorityCalculator]: [Rank #3] Lane: East   | PCE: 0.00  | Queue: 0.00  | Congestion: 0.00  | Total: 0.00
[2026-07-24 21:29:29] [INFO] [TrafficSystem.PriorityCalculator]: [Rank #4] Lane: West   | PCE: 0.00  | Queue: 0.00  | Congestion: 0.00  | Total: 0.00
[2026-07-24 21:29:29] [INFO] [TrafficSystem.FairnessManager]: [Fairness] Lane: East   | Base Score: 0.00 | Wait Cycles: 3 | Bonus: +15.00 | Adjusted: 15.00
[2026-07-24 21:29:29] [INFO] [TrafficSystem.FairnessManager]: [Fairness] Lane: West   | Base Score: 0.00 | Wait Cycles: 2 | Bonus: +10.00 | Adjusted: 10.00
[2026-07-24 21:29:29] [INFO] [TrafficSystem.FairnessManager]: [Fairness] Lane: North  | Base Score: 0.00 | Wait Cycles: 1 | Bonus: +5.00 | Adjusted: 5.00
[2026-07-24 21:29:29] [INFO] [TrafficSystem.SignalScheduler]: [Scheduler] Winner: East   | Score: 15.00 | Green: 35s | Reason: NORMAL
[2026-07-24 21:29:29] [INFO] [TrafficSystem.FairnessManager]: [Fairness Updated] Green: 'East' (Reset to 0). Waiting cycles: {'North': 2, 'South': 1, 'East': 0, 'West': 3}
[2026-07-24 21:29:29] [INFO] [TrafficSystem.SignalController]: [ESP32 Hardware Command #271] GREEN -> 'East' (35s) | Reason: NORMAL
[2026-07-24 21:29:29] [INFO] [TrafficSystem.PriorityCalculator]: [Rank #1] Lane: North  | PCE: 0.00  | Queue: 0.00  | Congestion: 0.00  | Total: 0.00
[2026-07-24 21:29:29] [INFO] [TrafficSystem.PriorityCalculator]: [Rank #2] Lane: South  | PCE: 0.00  | Queue: 0.00  | Congestion: 0.00  | Total: 0.00
[2026-07-24 21:29:29] [INFO] [TrafficSystem.PriorityCalculator]: [Rank #3] Lane: East   | PCE: 0.00  | Queue: 0.00  | Congestion: 0.00  | Total: 0.00
[2026-07-24 21:29:29] [INFO] [TrafficSystem.PriorityCalculator]: [Rank #4] Lane: West   | PCE: 0.00  | Queue: 0.00  | Congestion: 0.00  | Total: 0.00
[2026-07-24 21:29:29] [INFO] [TrafficSystem.FairnessManager]: [Fairness] Lane: West   | Base Score: 0.00 | Wait Cycles: 3 | Bonus: +15.00 | Adjusted: 15.00
[2026-07-24 21:29:29] [INFO] [TrafficSystem.FairnessManager]: [Fairness] Lane: North  | Base Score: 0.00 | Wait Cycles: 2 | Bonus: +10.00 | Adjusted: 10.00
[2026-07-24 21:29:29] [INFO] [TrafficSystem.FairnessManager]: [Fairness] Lane: South  | Base Score: 0.00 | Wait Cycles: 1 | Bonus: +5.00 | Adjusted: 5.00
[2026-07-24 21:29:29] [INFO] [TrafficSystem.SignalScheduler]: [Scheduler] Winner: West   | Score: 15.00 | Green: 35s | Reason: NORMAL
[2026-07-24 21:29:29] [INFO] [TrafficSystem.FairnessManager]: [Fairness Updated] Green: 'West' (Reset to 0). Waiting cycles: {'North': 3, 'South': 2, 'East': 1, 'West': 0}
[2026-07-24 21:29:29] [INFO] [TrafficSystem.SignalController]: [ESP32 Hardware Command #272] GREEN -> 'West' (35s) | Reason: NORMAL
[2026-07-24 21:29:30] [INFO] [TrafficSystem.PriorityCalculator]: [Rank #1] Lane: North  | PCE: 0.00  | Queue: 0.00  | Congestion: 0.00  | Total: 0.00
[2026-07-24 21:29:30] [INFO] [TrafficSystem.PriorityCalculator]: [Rank #2] Lane: South  | PCE: 0.00  | Queue: 0.00  | Congestion: 0.00  | Total: 0.00
[2026-07-24 21:29:30] [INFO] [TrafficSystem.PriorityCalculator]: [Rank #3] Lane: East   | PCE: 0.00  | Queue: 0.00  | Congestion: 0.00  | Total: 0.00
[2026-07-24 21:29:30] [INFO] [TrafficSystem.PriorityCalculator]: [Rank #4] Lane: West   | PCE: 0.00  | Queue: 0.00  | Congestion: 0.00  | Total: 0.00
[2026-07-24 21:29:30] [INFO] [TrafficSystem.FairnessManager]: [Fairness] Lane: North  | Base Score: 0.00 | Wait Cycles: 3 | Bonus: +15.00 | Adjusted: 15.00
[2026-07-24 21:29:30] [INFO] [TrafficSystem.FairnessManager]: [Fairness] Lane: South  | Base Score: 0.00 | Wait Cycles: 2 | Bonus: +10.00 | Adjusted: 10.00
[2026-07-24 21:29:30] [INFO] [TrafficSystem.FairnessManager]: [Fairness] Lane: East   | Base Score: 0.00 | Wait Cycles: 1 | Bonus: +5.00 | Adjusted: 5.00
[2026-07-24 21:29:30] [INFO] [TrafficSystem.SignalScheduler]: [Scheduler] Winner: North  | Score: 15.00 | Green: 35s | Reason: NORMAL
[2026-07-24 21:29:30] [INFO] [TrafficSystem.FairnessManager]: [Fairness Updated] Green: 'North' (Reset to 0). Waiting cycles: {'North': 0, 'South': 3, 'East': 2, 'West': 1}
[2026-07-24 21:29:30] [INFO] [TrafficSystem.SignalController]: [ESP32 Hardware Command #273] GREEN -> 'North' (35s) | Reason: NORMAL
[2026-07-24 21:29:30] [INFO] [TrafficSystem.PriorityCalculator]: [Rank #1] Lane: North  | PCE: 0.00  | Queue: 0.00  | Congestion: 0.00  | Total: 0.00
[2026-07-24 21:29:30] [INFO] [TrafficSystem.PriorityCalculator]: [Rank #2] Lane: South  | PCE: 0.00  | Queue: 0.00  | Congestion: 0.00  | Total: 0.00
[2026-07-24 21:29:30] [INFO] [TrafficSystem.PriorityCalculator]: [Rank #3] Lane: East   | PCE: 0.00  | Queue: 0.00  | Congestion: 0.00  | Total: 0.00
[2026-07-24 21:29:30] [INFO] [TrafficSystem.PriorityCalculator]: [Rank #4] Lane: West   | PCE: 0.00  | Queue: 0.00  | Congestion: 0.00  | Total: 0.00
[2026-07-24 21:29:30] [INFO] [TrafficSystem.FairnessManager]: [Fairness] Lane: South  | Base Score: 0.00 | Wait Cycles: 3 | Bonus: +15.00 | Adjusted: 15.00
[2026-07-24 21:29:30] [INFO] [TrafficSystem.FairnessManager]: [Fairness] Lane: East   | Base Score: 0.00 | Wait Cycles: 2 | Bonus: +10.00 | Adjusted: 10.00
[2026-07-24 21:29:30] [INFO] [TrafficSystem.FairnessManager]: [Fairness] Lane: West   | Base Score: 0.00 | Wait Cycles: 1 | Bonus: +5.00 | Adjusted: 5.00
[2026-07-24 21:29:30] [INFO] [TrafficSystem.SignalScheduler]: [Scheduler] Winner: South  | Score: 15.00 | Green: 35s | Reason: NORMAL
[2026-07-24 21:29:30] [INFO] [TrafficSystem.FairnessManager]: [Fairness Updated] Green: 'South' (Reset to 0). Waiting cycles: {'North': 1, 'South': 0, 'East': 3, 'West': 2}
[2026-07-24 21:29:30] [INFO] [TrafficSystem.SignalController]: [ESP32 Hardware Command #274] GREEN -> 'South' (35s) | Reason: NORMAL
[2026-07-24 21:29:30] [INFO] [TrafficSystem.PriorityCalculator]: [Rank #1] Lane: North  | PCE: 0.00  | Queue: 0.00  | Congestion: 0.00  | Total: 0.00
[2026-07-24 21:29:30] [INFO] [TrafficSystem.PriorityCalculator]: [Rank #2] Lane: South  | PCE: 0.00  | Queue: 0.00  | Congestion: 0.00  | Total: 0.00
[2026-07-24 21:29:30] [INFO] [TrafficSystem.PriorityCalculator]: [Rank #3] Lane: East   | PCE: 0.00  | Queue: 0.00  | Congestion: 0.00  | Total: 0.00
[2026-07-24 21:29:30] [INFO] [TrafficSystem.PriorityCalculator]: [Rank #4] Lane: West   | PCE: 0.00  | Queue: 0.00  | Congestion: 0.00  | Total: 0.00
[2026-07-24 21:29:30] [INFO] [TrafficSystem.FairnessManager]: [Fairness] Lane: East   | Base Score: 0.00 | Wait Cycles: 3 | Bonus: +15.00 | Adjusted: 15.00
[2026-07-24 21:29:30] [INFO] [TrafficSystem.FairnessManager]: [Fairness] Lane: West   | Base Score: 0.00 | Wait Cycles: 2 | Bonus: +10.00 | Adjusted: 10.00
[2026-07-24 21:29:30] [INFO] [TrafficSystem.FairnessManager]: [Fairness] Lane: North  | Base Score: 0.00 | Wait Cycles: 1 | Bonus: +5.00 | Adjusted: 5.00
[2026-07-24 21:29:30] [INFO] [TrafficSystem.SignalScheduler]: [Scheduler] Winner: East   | Score: 15.00 | Green: 35s | Reason: NORMAL
[2026-07-24 21:29:30] [INFO] [TrafficSystem.FairnessManager]: [Fairness Updated] Green: 'East' (Reset to 0). Waiting cycles: {'North': 2, 'South': 1, 'East': 0, 'West': 3}
[2026-07-24 21:29:30] [INFO] [TrafficSystem.SignalController]: [ESP32 Hardware Command #275] GREEN -> 'East' (35s) | Reason: NORMAL
[2026-07-24 21:29:30] [INFO] [TrafficSystem.PriorityCalculator]: [Rank #1] Lane: North  | PCE: 0.00  | Queue: 0.00  | Congestion: 0.00  | Total: 0.00
[2026-07-24 21:29:30] [INFO] [TrafficSystem.PriorityCalculator]: [Rank #2] Lane: South  | PCE: 0.00  | Queue: 0.00  | Congestion: 0.00  | Total: 0.00
[2026-07-24 21:29:30] [INFO] [TrafficSystem.PriorityCalculator]: [Rank #3] Lane: East   | PCE: 0.00  | Queue: 0.00  | Congestion: 0.00  | Total: 0.00
[2026-07-24 21:29:30] [INFO] [TrafficSystem.PriorityCalculator]: [Rank #4] Lane: West   | PCE: 0.00  | Queue: 0.00  | Congestion: 0.00  | Total: 0.00
[2026-07-24 21:29:30] [INFO] [TrafficSystem.FairnessManager]: [Fairness] Lane: West   | Base Score: 0.00 | Wait Cycles: 3 | Bonus: +15.00 | Adjusted: 15.00
[2026-07-24 21:29:30] [INFO] [TrafficSystem.FairnessManager]: [Fairness] Lane: North  | Base Score: 0.00 | Wait Cycles: 2 | Bonus: +10.00 | Adjusted: 10.00
[2026-07-24 21:29:30] [INFO] [TrafficSystem.FairnessManager]: [Fairness] Lane: South  | Base Score: 0.00 | Wait Cycles: 1 | Bonus: +5.00 | Adjusted: 5.00
[2026-07-24 21:29:30] [INFO] [TrafficSystem.SignalScheduler]: [Scheduler] Winner: West   | Score: 15.00 | Green: 35s | Reason: NORMAL
[2026-07-24 21:29:30] [INFO] [TrafficSystem.FairnessManager]: [Fairness Updated] Green: 'West' (Reset to 0). Waiting cycles: {'North': 3, 'South': 2, 'East': 1, 'West': 0}
[2026-07-24 21:29:30] [INFO] [TrafficSystem.SignalController]: [ESP32 Hardware Command #276] GREEN -> 'West' (35s) | Reason: NORMAL
[2026-07-24 21:29:30] [INFO] [TrafficSystem.PriorityCalculator]: [Rank #1] Lane: North  | PCE: 0.00  | Queue: 0.00  | Congestion: 0.00  | Total: 0.00
[2026-07-24 21:29:30] [INFO] [TrafficSystem.PriorityCalculator]: [Rank #2] Lane: South  | PCE: 0.00  | Queue: 0.00  | Congestion: 0.00  | Total: 0.00
[2026-07-24 21:29:30] [INFO] [TrafficSystem.PriorityCalculator]: [Rank #3] Lane: East   | PCE: 0.00  | Queue: 0.00  | Congestion: 0.00  | Total: 0.00
[2026-07-24 21:29:30] [INFO] [TrafficSystem.PriorityCalculator]: [Rank #4] Lane: West   | PCE: 0.00  | Queue: 0.00  | Congestion: 0.00  | Total: 0.00
[2026-07-24 21:29:30] [INFO] [TrafficSystem.FairnessManager]: [Fairness] Lane: North  | Base Score: 0.00 | Wait Cycles: 3 | Bonus: +15.00 | Adjusted: 15.00
[2026-07-24 21:29:30] [INFO] [TrafficSystem.FairnessManager]: [Fairness] Lane: South  | Base Score: 0.00 | Wait Cycles: 2 | Bonus: +10.00 | Adjusted: 10.00
[2026-07-24 21:29:30] [INFO] [TrafficSystem.FairnessManager]: [Fairness] Lane: East   | Base Score: 0.00 | Wait Cycles: 1 | Bonus: +5.00 | Adjusted: 5.00
[2026-07-24 21:29:30] [INFO] [TrafficSystem.SignalScheduler]: [Scheduler] Winner: North  | Score: 15.00 | Green: 35s | Reason: NORMAL
[2026-07-24 21:29:30] [INFO] [TrafficSystem.FairnessManager]: [Fairness Updated] Green: 'North' (Reset to 0). Waiting cycles: {'North': 0, 'South': 3, 'East': 2, 'West': 1}
[2026-07-24 21:29:30] [INFO] [TrafficSystem.SignalController]: [ESP32 Hardware Command #277] GREEN -> 'North' (35s) | Reason: NORMAL
[2026-07-24 21:29:30] [INFO] [TrafficSystem.PriorityCalculator]: [Rank #1] Lane: North  | PCE: 0.00  | Queue: 0.00  | Congestion: 0.00  | Total: 0.00
[2026-07-24 21:29:30] [INFO] [TrafficSystem.PriorityCalculator]: [Rank #2] Lane: South  | PCE: 0.00  | Queue: 0.00  | Congestion: 0.00  | Total: 0.00
[2026-07-24 21:29:30] [INFO] [TrafficSystem.PriorityCalculator]: [Rank #3] Lane: East   | PCE: 0.00  | Queue: 0.00  | Congestion: 0.00  | Total: 0.00
[2026-07-24 21:29:30] [INFO] [TrafficSystem.PriorityCalculator]: [Rank #4] Lane: West   | PCE: 0.00  | Queue: 0.00  | Congestion: 0.00  | Total: 0.00
[2026-07-24 21:29:30] [INFO] [TrafficSystem.FairnessManager]: [Fairness] Lane: South  | Base Score: 0.00 | Wait Cycles: 3 | Bonus: +15.00 | Adjusted: 15.00
[2026-07-24 21:29:30] [INFO] [TrafficSystem.FairnessManager]: [Fairness] Lane: East   | Base Score: 0.00 | Wait Cycles: 2 | Bonus: +10.00 | Adjusted: 10.00
[2026-07-24 21:29:30] [INFO] [TrafficSystem.FairnessManager]: [Fairness] Lane: West   | Base Score: 0.00 | Wait Cycles: 1 | Bonus: +5.00 | Adjusted: 5.00
[2026-07-24 21:29:30] [INFO] [TrafficSystem.SignalScheduler]: [Scheduler] Winner: South  | Score: 15.00 | Green: 35s | Reason: NORMAL
[2026-07-24 21:29:30] [INFO] [TrafficSystem.FairnessManager]: [Fairness Updated] Green: 'South' (Reset to 0). Waiting cycles: {'North': 1, 'South': 0, 'East': 3, 'West': 2}
[2026-07-24 21:29:30] [INFO] [TrafficSystem.SignalController]: [ESP32 Hardware Command #278] GREEN -> 'South' (35s) | Reason: NORMAL
[2026-07-24 21:29:30] [INFO] [TrafficSystem.PriorityCalculator]: [Rank #1] Lane: North  | PCE: 0.00  | Queue: 0.00  | Congestion: 0.00  | Total: 0.00
[2026-07-24 21:29:30] [INFO] [TrafficSystem.PriorityCalculator]: [Rank #2] Lane: South  | PCE: 0.00  | Queue: 0.00  | Congestion: 0.00  | Total: 0.00
[2026-07-24 21:29:30] [INFO] [TrafficSystem.PriorityCalculator]: [Rank #3] Lane: East   | PCE: 0.00  | Queue: 0.00  | Congestion: 0.00  | Total: 0.00
[2026-07-24 21:29:30] [INFO] [TrafficSystem.PriorityCalculator]: [Rank #4] Lane: West   | PCE: 0.00  | Queue: 0.00  | Congestion: 0.00  | Total: 0.00
[2026-07-24 21:29:30] [INFO] [TrafficSystem.FairnessManager]: [Fairness] Lane: East   | Base Score: 0.00 | Wait Cycles: 3 | Bonus: +15.00 | Adjusted: 15.00
[2026-07-24 21:29:30] [INFO] [TrafficSystem.FairnessManager]: [Fairness] Lane: West   | Base Score: 0.00 | Wait Cycles: 2 | Bonus: +10.00 | Adjusted: 10.00
[2026-07-24 21:29:30] [INFO] [TrafficSystem.FairnessManager]: [Fairness] Lane: North  | Base Score: 0.00 | Wait Cycles: 1 | Bonus: +5.00 | Adjusted: 5.00
[2026-07-24 21:29:30] [INFO] [TrafficSystem.SignalScheduler]: [Scheduler] Winner: East   | Score: 15.00 | Green: 35s | Reason: NORMAL
[2026-07-24 21:29:30] [INFO] [TrafficSystem.FairnessManager]: [Fairness Updated] Green: 'East' (Reset to 0). Waiting cycles: {'North': 2, 'South': 1, 'East': 0, 'West': 3}
[2026-07-24 21:29:30] [INFO] [TrafficSystem.SignalController]: [ESP32 Hardware Command #279] GREEN -> 'East' (35s) | Reason: NORMAL
[2026-07-24 21:29:30] [INFO] [TrafficSystem.PriorityCalculator]: [Rank #1] Lane: North  | PCE: 0.00  | Queue: 0.00  | Congestion: 0.00  | Total: 0.00
[2026-07-24 21:29:30] [INFO] [TrafficSystem.PriorityCalculator]: [Rank #2] Lane: South  | PCE: 0.00  | Queue: 0.00  | Congestion: 0.00  | Total: 0.00
[2026-07-24 21:29:30] [INFO] [TrafficSystem.PriorityCalculator]: [Rank #3] Lane: East   | PCE: 0.00  | Queue: 0.00  | Congestion: 0.00  | Total: 0.00
[2026-07-24 21:29:30] [INFO] [TrafficSystem.PriorityCalculator]: [Rank #4] Lane: West   | PCE: 0.00  | Queue: 0.00  | Congestion: 0.00  | Total: 0.00
[2026-07-24 21:29:30] [INFO] [TrafficSystem.FairnessManager]: [Fairness] Lane: West   | Base Score: 0.00 | Wait Cycles: 3 | Bonus: +15.00 | Adjusted: 15.00
[2026-07-24 21:29:30] [INFO] [TrafficSystem.FairnessManager]: [Fairness] Lane: North  | Base Score: 0.00 | Wait Cycles: 2 | Bonus: +10.00 | Adjusted: 10.00
[2026-07-24 21:29:30] [INFO] [TrafficSystem.FairnessManager]: [Fairness] Lane: South  | Base Score: 0.00 | Wait Cycles: 1 | Bonus: +5.00 | Adjusted: 5.00
[2026-07-24 21:29:30] [INFO] [TrafficSystem.SignalScheduler]: [Scheduler] Winner: West   | Score: 15.00 | Green: 35s | Reason: NORMAL
[2026-07-24 21:29:30] [INFO] [TrafficSystem.FairnessManager]: [Fairness Updated] Green: 'West' (Reset to 0). Waiting cycles: {'North': 3, 'South': 2, 'East': 1, 'West': 0}
[2026-07-24 21:29:30] [INFO] [TrafficSystem.SignalController]: [ESP32 Hardware Command #280] GREEN -> 'West' (35s) | Reason: NORMAL
[2026-07-24 21:29:30] [INFO] [TrafficSystem.PriorityCalculator]: [Rank #1] Lane: North  | PCE: 0.00  | Queue: 0.00  | Congestion: 0.00  | Total: 0.00
[2026-07-24 21:29:30] [INFO] [TrafficSystem.PriorityCalculator]: [Rank #2] Lane: South  | PCE: 0.00  | Queue: 0.00  | Congestion: 0.00  | Total: 0.00
[2026-07-24 21:29:30] [INFO] [TrafficSystem.PriorityCalculator]: [Rank #3] Lane: East   | PCE: 0.00  | Queue: 0.00  | Congestion: 0.00  | Total: 0.00
[2026-07-24 21:29:30] [INFO] [TrafficSystem.PriorityCalculator]: [Rank #4] Lane: West   | PCE: 0.00  | Queue: 0.00  | Congestion: 0.00  | Total: 0.00
[2026-07-24 21:29:30] [INFO] [TrafficSystem.FairnessManager]: [Fairness] Lane: North  | Base Score: 0.00 | Wait Cycles: 3 | Bonus: +15.00 | Adjusted: 15.00
[2026-07-24 21:29:30] [INFO] [TrafficSystem.FairnessManager]: [Fairness] Lane: South  | Base Score: 0.00 | Wait Cycles: 2 | Bonus: +10.00 | Adjusted: 10.00
[2026-07-24 21:29:30] [INFO] [TrafficSystem.FairnessManager]: [Fairness] Lane: East   | Base Score: 0.00 | Wait Cycles: 1 | Bonus: +5.00 | Adjusted: 5.00
[2026-07-24 21:29:30] [INFO] [TrafficSystem.SignalScheduler]: [Scheduler] Winner: North  | Score: 15.00 | Green: 35s | Reason: NORMAL
[2026-07-24 21:29:30] [INFO] [TrafficSystem.FairnessManager]: [Fairness Updated] Green: 'North' (Reset to 0). Waiting cycles: {'North': 0, 'South': 3, 'East': 2, 'West': 1}
[2026-07-24 21:29:30] [INFO] [TrafficSystem.SignalController]: [ESP32 Hardware Command #281] GREEN -> 'North' (35s) | Reason: NORMAL
[2026-07-24 21:29:30] [INFO] [TrafficSystem.PriorityCalculator]: [Rank #1] Lane: North  | PCE: 0.00  | Queue: 0.00  | Congestion: 0.00  | Total: 0.00
[2026-07-24 21:29:30] [INFO] [TrafficSystem.PriorityCalculator]: [Rank #2] Lane: South  | PCE: 0.00  | Queue: 0.00  | Congestion: 0.00  | Total: 0.00
[2026-07-24 21:29:30] [INFO] [TrafficSystem.PriorityCalculator]: [Rank #3] Lane: East   | PCE: 0.00  | Queue: 0.00  | Congestion: 0.00  | Total: 0.00
[2026-07-24 21:29:30] [INFO] [TrafficSystem.PriorityCalculator]: [Rank #4] Lane: West   | PCE: 0.00  | Queue: 0.00  | Congestion: 0.00  | Total: 0.00
[2026-07-24 21:29:30] [INFO] [TrafficSystem.FairnessManager]: [Fairness] Lane: South  | Base Score: 0.00 | Wait Cycles: 3 | Bonus: +15.00 | Adjusted: 15.00
[2026-07-24 21:29:30] [INFO] [TrafficSystem.FairnessManager]: [Fairness] Lane: East   | Base Score: 0.00 | Wait Cycles: 2 | Bonus: +10.00 | Adjusted: 10.00
[2026-07-24 21:29:30] [INFO] [TrafficSystem.FairnessManager]: [Fairness] Lane: West   | Base Score: 0.00 | Wait Cycles: 1 | Bonus: +5.00 | Adjusted: 5.00
[2026-07-24 21:29:30] [INFO] [TrafficSystem.SignalScheduler]: [Scheduler] Winner: South  | Score: 15.00 | Green: 35s | Reason: NORMAL
[2026-07-24 21:29:30] [INFO] [TrafficSystem.FairnessManager]: [Fairness Updated] Green: 'South' (Reset to 0). Waiting cycles: {'North': 1, 'South': 0, 'East': 3, 'West': 2}
[2026-07-24 21:29:30] [INFO] [TrafficSystem.SignalController]: [ESP32 Hardware Command #282] GREEN -> 'South' (35s) | Reason: NORMAL
[2026-07-24 21:29:31] [INFO] [TrafficSystem.PriorityCalculator]: [Rank #1] Lane: North  | PCE: 0.00  | Queue: 0.00  | Congestion: 0.00  | Total: 0.00
[2026-07-24 21:29:31] [INFO] [TrafficSystem.PriorityCalculator]: [Rank #2] Lane: South  | PCE: 0.00  | Queue: 0.00  | Congestion: 0.00  | Total: 0.00
[2026-07-24 21:29:31] [INFO] [TrafficSystem.PriorityCalculator]: [Rank #3] Lane: East   | PCE: 0.00  | Queue: 0.00  | Congestion: 0.00  | Total: 0.00
[2026-07-24 21:29:31] [INFO] [TrafficSystem.PriorityCalculator]: [Rank #4] Lane: West   | PCE: 0.00  | Queue: 0.00  | Congestion: 0.00  | Total: 0.00
[2026-07-24 21:29:31] [INFO] [TrafficSystem.FairnessManager]: [Fairness] Lane: East   | Base Score: 0.00 | Wait Cycles: 3 | Bonus: +15.00 | Adjusted: 15.00
[2026-07-24 21:29:31] [INFO] [TrafficSystem.FairnessManager]: [Fairness] Lane: West   | Base Score: 0.00 | Wait Cycles: 2 | Bonus: +10.00 | Adjusted: 10.00
[2026-07-24 21:29:31] [INFO] [TrafficSystem.FairnessManager]: [Fairness] Lane: North  | Base Score: 0.00 | Wait Cycles: 1 | Bonus: +5.00 | Adjusted: 5.00
[2026-07-24 21:29:31] [INFO] [TrafficSystem.SignalScheduler]: [Scheduler] Winner: East   | Score: 15.00 | Green: 35s | Reason: NORMAL
[2026-07-24 21:29:31] [INFO] [TrafficSystem.FairnessManager]: [Fairness Updated] Green: 'East' (Reset to 0). Waiting cycles: {'North': 2, 'South': 1, 'East': 0, 'West': 3}
[2026-07-24 21:29:31] [INFO] [TrafficSystem.SignalController]: [ESP32 Hardware Command #283] GREEN -> 'East' (35s) | Reason: NORMAL
[2026-07-24 21:29:31] [INFO] [TrafficSystem.PriorityCalculator]: [Rank #1] Lane: North  | PCE: 0.00  | Queue: 0.00  | Congestion: 0.00  | Total: 0.00
[2026-07-24 21:29:31] [INFO] [TrafficSystem.PriorityCalculator]: [Rank #2] Lane: South  | PCE: 0.00  | Queue: 0.00  | Congestion: 0.00  | Total: 0.00
[2026-07-24 21:29:31] [INFO] [TrafficSystem.PriorityCalculator]: [Rank #3] Lane: East   | PCE: 0.00  | Queue: 0.00  | Congestion: 0.00  | Total: 0.00
[2026-07-24 21:29:31] [INFO] [TrafficSystem.PriorityCalculator]: [Rank #4] Lane: West   | PCE: 0.00  | Queue: 0.00  | Congestion: 0.00  | Total: 0.00
[2026-07-24 21:29:31] [INFO] [TrafficSystem.FairnessManager]: [Fairness] Lane: West   | Base Score: 0.00 | Wait Cycles: 3 | Bonus: +15.00 | Adjusted: 15.00
[2026-07-24 21:29:31] [INFO] [TrafficSystem.FairnessManager]: [Fairness] Lane: North  | Base Score: 0.00 | Wait Cycles: 2 | Bonus: +10.00 | Adjusted: 10.00
[2026-07-24 21:29:31] [INFO] [TrafficSystem.FairnessManager]: [Fairness] Lane: South  | Base Score: 0.00 | Wait Cycles: 1 | Bonus: +5.00 | Adjusted: 5.00
[2026-07-24 21:29:31] [INFO] [TrafficSystem.SignalScheduler]: [Scheduler] Winner: West   | Score: 15.00 | Green: 35s | Reason: NORMAL
[2026-07-24 21:29:31] [INFO] [TrafficSystem.FairnessManager]: [Fairness Updated] Green: 'West' (Reset to 0). Waiting cycles: {'North': 3, 'South': 2, 'East': 1, 'West': 0}
[2026-07-24 21:29:31] [INFO] [TrafficSystem.SignalController]: [ESP32 Hardware Command #284] GREEN -> 'West' (35s) | Reason: NORMAL
[2026-07-24 21:29:31] [INFO] [TrafficSystem.PriorityCalculator]: [Rank #1] Lane: North  | PCE: 0.00  | Queue: 0.00  | Congestion: 0.00  | Total: 0.00
[2026-07-24 21:29:31] [INFO] [TrafficSystem.PriorityCalculator]: [Rank #2] Lane: South  | PCE: 0.00  | Queue: 0.00  | Congestion: 0.00  | Total: 0.00
[2026-07-24 21:29:31] [INFO] [TrafficSystem.PriorityCalculator]: [Rank #3] Lane: East   | PCE: 0.00  | Queue: 0.00  | Congestion: 0.00  | Total: 0.00
[2026-07-24 21:29:31] [INFO] [TrafficSystem.PriorityCalculator]: [Rank #4] Lane: West   | PCE: 0.00  | Queue: 0.00  | Congestion: 0.00  | Total: 0.00
[2026-07-24 21:29:31] [INFO] [TrafficSystem.FairnessManager]: [Fairness] Lane: North  | Base Score: 0.00 | Wait Cycles: 3 | Bonus: +15.00 | Adjusted: 15.00
[2026-07-24 21:29:31] [INFO] [TrafficSystem.FairnessManager]: [Fairness] Lane: South  | Base Score: 0.00 | Wait Cycles: 2 | Bonus: +10.00 | Adjusted: 10.00
[2026-07-24 21:29:31] [INFO] [TrafficSystem.FairnessManager]: [Fairness] Lane: East   | Base Score: 0.00 | Wait Cycles: 1 | Bonus: +5.00 | Adjusted: 5.00
[2026-07-24 21:29:31] [INFO] [TrafficSystem.SignalScheduler]: [Scheduler] Winner: North  | Score: 15.00 | Green: 35s | Reason: NORMAL
[2026-07-24 21:29:31] [INFO] [TrafficSystem.FairnessManager]: [Fairness Updated] Green: 'North' (Reset to 0). Waiting cycles: {'North': 0, 'South': 3, 'East': 2, 'West': 1}
[2026-07-24 21:29:31] [INFO] [TrafficSystem.SignalController]: [ESP32 Hardware Command #285] GREEN -> 'North' (35s) | Reason: NORMAL
[2026-07-24 21:29:31] [INFO] [TrafficSystem.PriorityCalculator]: [Rank #1] Lane: North  | PCE: 0.00  | Queue: 0.00  | Congestion: 0.00  | Total: 0.00
[2026-07-24 21:29:31] [INFO] [TrafficSystem.PriorityCalculator]: [Rank #2] Lane: South  | PCE: 0.00  | Queue: 0.00  | Congestion: 0.00  | Total: 0.00
[2026-07-24 21:29:31] [INFO] [TrafficSystem.PriorityCalculator]: [Rank #3] Lane: East   | PCE: 0.00  | Queue: 0.00  | Congestion: 0.00  | Total: 0.00
[2026-07-24 21:29:31] [INFO] [TrafficSystem.PriorityCalculator]: [Rank #4] Lane: West   | PCE: 0.00  | Queue: 0.00  | Congestion: 0.00  | Total: 0.00
[2026-07-24 21:29:31] [INFO] [TrafficSystem.FairnessManager]: [Fairness] Lane: South  | Base Score: 0.00 | Wait Cycles: 3 | Bonus: +15.00 | Adjusted: 15.00
[2026-07-24 21:29:31] [INFO] [TrafficSystem.FairnessManager]: [Fairness] Lane: East   | Base Score: 0.00 | Wait Cycles: 2 | Bonus: +10.00 | Adjusted: 10.00
[2026-07-24 21:29:31] [INFO] [TrafficSystem.FairnessManager]: [Fairness] Lane: West   | Base Score: 0.00 | Wait Cycles: 1 | Bonus: +5.00 | Adjusted: 5.00
[2026-07-24 21:29:31] [INFO] [TrafficSystem.SignalScheduler]: [Scheduler] Winner: South  | Score: 15.00 | Green: 35s | Reason: NORMAL
[2026-07-24 21:29:31] [INFO] [TrafficSystem.FairnessManager]: [Fairness Updated] Green: 'South' (Reset to 0). Waiting cycles: {'North': 1, 'South': 0, 'East': 3, 'West': 2}
[2026-07-24 21:29:31] [INFO] [TrafficSystem.SignalController]: [ESP32 Hardware Command #286] GREEN -> 'South' (35s) | Reason: NORMAL
[2026-07-24 21:29:31] [INFO] [TrafficSystem.PriorityCalculator]: [Rank #1] Lane: North  | PCE: 0.00  | Queue: 0.00  | Congestion: 0.00  | Total: 0.00
[2026-07-24 21:29:31] [INFO] [TrafficSystem.PriorityCalculator]: [Rank #2] Lane: South  | PCE: 0.00  | Queue: 0.00  | Congestion: 0.00  | Total: 0.00
[2026-07-24 21:29:31] [INFO] [TrafficSystem.PriorityCalculator]: [Rank #3] Lane: East   | PCE: 0.00  | Queue: 0.00  | Congestion: 0.00  | Total: 0.00
[2026-07-24 21:29:31] [INFO] [TrafficSystem.PriorityCalculator]: [Rank #4] Lane: West   | PCE: 0.00  | Queue: 0.00  | Congestion: 0.00  | Total: 0.00
[2026-07-24 21:29:31] [INFO] [TrafficSystem.FairnessManager]: [Fairness] Lane: East   | Base Score: 0.00 | Wait Cycles: 3 | Bonus: +15.00 | Adjusted: 15.00
[2026-07-24 21:29:31] [INFO] [TrafficSystem.FairnessManager]: [Fairness] Lane: West   | Base Score: 0.00 | Wait Cycles: 2 | Bonus: +10.00 | Adjusted: 10.00
[2026-07-24 21:29:31] [INFO] [TrafficSystem.FairnessManager]: [Fairness] Lane: North  | Base Score: 0.00 | Wait Cycles: 1 | Bonus: +5.00 | Adjusted: 5.00
[2026-07-24 21:29:31] [INFO] [TrafficSystem.SignalScheduler]: [Scheduler] Winner: East   | Score: 15.00 | Green: 35s | Reason: NORMAL
[2026-07-24 21:29:31] [INFO] [TrafficSystem.FairnessManager]: [Fairness Updated] Green: 'East' (Reset to 0). Waiting cycles: {'North': 2, 'South': 1, 'East': 0, 'West': 3}
[2026-07-24 21:29:31] [INFO] [TrafficSystem.SignalController]: [ESP32 Hardware Command #287] GREEN -> 'East' (35s) | Reason: NORMAL
[2026-07-24 21:29:31] [INFO] [TrafficSystem.PriorityCalculator]: [Rank #1] Lane: North  | PCE: 0.00  | Queue: 0.00  | Congestion: 0.00  | Total: 0.00
[2026-07-24 21:29:31] [INFO] [TrafficSystem.PriorityCalculator]: [Rank #2] Lane: South  | PCE: 0.00  | Queue: 0.00  | Congestion: 0.00  | Total: 0.00
[2026-07-24 21:29:31] [INFO] [TrafficSystem.PriorityCalculator]: [Rank #3] Lane: East   | PCE: 0.00  | Queue: 0.00  | Congestion: 0.00  | Total: 0.00
[2026-07-24 21:29:31] [INFO] [TrafficSystem.PriorityCalculator]: [Rank #4] Lane: West   | PCE: 0.00  | Queue: 0.00  | Congestion: 0.00  | Total: 0.00
[2026-07-24 21:29:31] [INFO] [TrafficSystem.FairnessManager]: [Fairness] Lane: West   | Base Score: 0.00 | Wait Cycles: 3 | Bonus: +15.00 | Adjusted: 15.00
[2026-07-24 21:29:31] [INFO] [TrafficSystem.FairnessManager]: [Fairness] Lane: North  | Base Score: 0.00 | Wait Cycles: 2 | Bonus: +10.00 | Adjusted: 10.00
[2026-07-24 21:29:31] [INFO] [TrafficSystem.FairnessManager]: [Fairness] Lane: South  | Base Score: 0.00 | Wait Cycles: 1 | Bonus: +5.00 | Adjusted: 5.00
[2026-07-24 21:29:31] [INFO] [TrafficSystem.SignalScheduler]: [Scheduler] Winner: West   | Score: 15.00 | Green: 35s | Reason: NORMAL
[2026-07-24 21:29:31] [INFO] [TrafficSystem.FairnessManager]: [Fairness Updated] Green: 'West' (Reset to 0). Waiting cycles: {'North': 3, 'South': 2, 'East': 1, 'West': 0}
[2026-07-24 21:29:31] [INFO] [TrafficSystem.SignalController]: [ESP32 Hardware Command #288] GREEN -> 'West' (35s) | Reason: NORMAL
[2026-07-24 21:29:31] [INFO] [TrafficSystem.PriorityCalculator]: [Rank #1] Lane: North  | PCE: 0.00  | Queue: 0.00  | Congestion: 0.00  | Total: 0.00
[2026-07-24 21:29:31] [INFO] [TrafficSystem.PriorityCalculator]: [Rank #2] Lane: South  | PCE: 0.00  | Queue: 0.00  | Congestion: 0.00  | Total: 0.00
[2026-07-24 21:29:31] [INFO] [TrafficSystem.PriorityCalculator]: [Rank #3] Lane: East   | PCE: 0.00  | Queue: 0.00  | Congestion: 0.00  | Total: 0.00
[2026-07-24 21:29:31] [INFO] [TrafficSystem.PriorityCalculator]: [Rank #4] Lane: West   | PCE: 0.00  | Queue: 0.00  | Congestion: 0.00  | Total: 0.00
[2026-07-24 21:29:31] [INFO] [TrafficSystem.FairnessManager]: [Fairness] Lane: North  | Base Score: 0.00 | Wait Cycles: 3 | Bonus: +15.00 | Adjusted: 15.00
[2026-07-24 21:29:31] [INFO] [TrafficSystem.FairnessManager]: [Fairness] Lane: South  | Base Score: 0.00 | Wait Cycles: 2 | Bonus: +10.00 | Adjusted: 10.00
[2026-07-24 21:29:31] [INFO] [TrafficSystem.FairnessManager]: [Fairness] Lane: East   | Base Score: 0.00 | Wait Cycles: 1 | Bonus: +5.00 | Adjusted: 5.00
[2026-07-24 21:29:31] [INFO] [TrafficSystem.SignalScheduler]: [Scheduler] Winner: North  | Score: 15.00 | Green: 35s | Reason: NORMAL
[2026-07-24 21:29:31] [INFO] [TrafficSystem.FairnessManager]: [Fairness Updated] Green: 'North' (Reset to 0). Waiting cycles: {'North': 0, 'South': 3, 'East': 2, 'West': 1}
[2026-07-24 21:29:31] [INFO] [TrafficSystem.SignalController]: [ESP32 Hardware Command #289] GREEN -> 'North' (35s) | Reason: NORMAL
[2026-07-24 21:29:31] [INFO] [TrafficSystem.PriorityCalculator]: [Rank #1] Lane: North  | PCE: 0.00  | Queue: 0.00  | Congestion: 0.00  | Total: 0.00
[2026-07-24 21:29:31] [INFO] [TrafficSystem.PriorityCalculator]: [Rank #2] Lane: South  | PCE: 0.00  | Queue: 0.00  | Congestion: 0.00  | Total: 0.00
[2026-07-24 21:29:31] [INFO] [TrafficSystem.PriorityCalculator]: [Rank #3] Lane: East   | PCE: 0.00  | Queue: 0.00  | Congestion: 0.00  | Total: 0.00
[2026-07-24 21:29:31] [INFO] [TrafficSystem.PriorityCalculator]: [Rank #4] Lane: West   | PCE: 0.00  | Queue: 0.00  | Congestion: 0.00  | Total: 0.00
[2026-07-24 21:29:31] [INFO] [TrafficSystem.FairnessManager]: [Fairness] Lane: South  | Base Score: 0.00 | Wait Cycles: 3 | Bonus: +15.00 | Adjusted: 15.00
[2026-07-24 21:29:31] [INFO] [TrafficSystem.FairnessManager]: [Fairness] Lane: East   | Base Score: 0.00 | Wait Cycles: 2 | Bonus: +10.00 | Adjusted: 10.00
[2026-07-24 21:29:31] [INFO] [TrafficSystem.FairnessManager]: [Fairness] Lane: West   | Base Score: 0.00 | Wait Cycles: 1 | Bonus: +5.00 | Adjusted: 5.00
[2026-07-24 21:29:31] [INFO] [TrafficSystem.SignalScheduler]: [Scheduler] Winner: South  | Score: 15.00 | Green: 35s | Reason: NORMAL
[2026-07-24 21:29:31] [INFO] [TrafficSystem.FairnessManager]: [Fairness Updated] Green: 'South' (Reset to 0). Waiting cycles: {'North': 1, 'South': 0, 'East': 3, 'West': 2}
[2026-07-24 21:29:31] [INFO] [TrafficSystem.SignalController]: [ESP32 Hardware Command #290] GREEN -> 'South' (35s) | Reason: NORMAL
[2026-07-24 21:29:31] [INFO] [TrafficSystem.PriorityCalculator]: [Rank #1] Lane: North  | PCE: 0.00  | Queue: 0.00  | Congestion: 0.00  | Total: 0.00
[2026-07-24 21:29:31] [INFO] [TrafficSystem.PriorityCalculator]: [Rank #2] Lane: South  | PCE: 0.00  | Queue: 0.00  | Congestion: 0.00  | Total: 0.00
[2026-07-24 21:29:31] [INFO] [TrafficSystem.PriorityCalculator]: [Rank #3] Lane: East   | PCE: 0.00  | Queue: 0.00  | Congestion: 0.00  | Total: 0.00
[2026-07-24 21:29:31] [INFO] [TrafficSystem.PriorityCalculator]: [Rank #4] Lane: West   | PCE: 0.00  | Queue: 0.00  | Congestion: 0.00  | Total: 0.00
[2026-07-24 21:29:31] [INFO] [TrafficSystem.FairnessManager]: [Fairness] Lane: East   | Base Score: 0.00 | Wait Cycles: 3 | Bonus: +15.00 | Adjusted: 15.00
[2026-07-24 21:29:31] [INFO] [TrafficSystem.FairnessManager]: [Fairness] Lane: West   | Base Score: 0.00 | Wait Cycles: 2 | Bonus: +10.00 | Adjusted: 10.00
[2026-07-24 21:29:31] [INFO] [TrafficSystem.FairnessManager]: [Fairness] Lane: North  | Base Score: 0.00 | Wait Cycles: 1 | Bonus: +5.00 | Adjusted: 5.00
[2026-07-24 21:29:31] [INFO] [TrafficSystem.SignalScheduler]: [Scheduler] Winner: East   | Score: 15.00 | Green: 35s | Reason: NORMAL
[2026-07-24 21:29:31] [INFO] [TrafficSystem.FairnessManager]: [Fairness Updated] Green: 'East' (Reset to 0). Waiting cycles: {'North': 2, 'South': 1, 'East': 0, 'West': 3}
[2026-07-24 21:29:31] [INFO] [TrafficSystem.SignalController]: [ESP32 Hardware Command #291] GREEN -> 'East' (35s) | Reason: NORMAL
[2026-07-24 21:29:31] [INFO] [TrafficSystem.PriorityCalculator]: [Rank #1] Lane: North  | PCE: 0.00  | Queue: 0.00  | Congestion: 0.00  | Total: 0.00
[2026-07-24 21:29:31] [INFO] [TrafficSystem.PriorityCalculator]: [Rank #2] Lane: South  | PCE: 0.00  | Queue: 0.00  | Congestion: 0.00  | Total: 0.00
[2026-07-24 21:29:31] [INFO] [TrafficSystem.PriorityCalculator]: [Rank #3] Lane: East   | PCE: 0.00  | Queue: 0.00  | Congestion: 0.00  | Total: 0.00
[2026-07-24 21:29:31] [INFO] [TrafficSystem.PriorityCalculator]: [Rank #4] Lane: West   | PCE: 0.00  | Queue: 0.00  | Congestion: 0.00  | Total: 0.00
[2026-07-24 21:29:31] [INFO] [TrafficSystem.FairnessManager]: [Fairness] Lane: West   | Base Score: 0.00 | Wait Cycles: 3 | Bonus: +15.00 | Adjusted: 15.00
[2026-07-24 21:29:31] [INFO] [TrafficSystem.FairnessManager]: [Fairness] Lane: North  | Base Score: 0.00 | Wait Cycles: 2 | Bonus: +10.00 | Adjusted: 10.00
[2026-07-24 21:29:31] [INFO] [TrafficSystem.FairnessManager]: [Fairness] Lane: South  | Base Score: 0.00 | Wait Cycles: 1 | Bonus: +5.00 | Adjusted: 5.00
[2026-07-24 21:29:31] [INFO] [TrafficSystem.SignalScheduler]: [Scheduler] Winner: West   | Score: 15.00 | Green: 35s | Reason: NORMAL
[2026-07-24 21:29:31] [INFO] [TrafficSystem.FairnessManager]: [Fairness Updated] Green: 'West' (Reset to 0). Waiting cycles: {'North': 3, 'South': 2, 'East': 1, 'West': 0}
[2026-07-24 21:29:31] [INFO] [TrafficSystem.SignalController]: [ESP32 Hardware Command #292] GREEN -> 'West' (35s) | Reason: NORMAL
[2026-07-24 21:29:31] [INFO] [TrafficSystem.PriorityCalculator]: [Rank #1] Lane: North  | PCE: 0.00  | Queue: 0.00  | Congestion: 0.00  | Total: 0.00
[2026-07-24 21:29:31] [INFO] [TrafficSystem.PriorityCalculator]: [Rank #2] Lane: South  | PCE: 0.00  | Queue: 0.00  | Congestion: 0.00  | Total: 0.00
[2026-07-24 21:29:31] [INFO] [TrafficSystem.PriorityCalculator]: [Rank #3] Lane: East   | PCE: 0.00  | Queue: 0.00  | Congestion: 0.00  | Total: 0.00
[2026-07-24 21:29:31] [INFO] [TrafficSystem.PriorityCalculator]: [Rank #4] Lane: West   | PCE: 0.00  | Queue: 0.00  | Congestion: 0.00  | Total: 0.00
[2026-07-24 21:29:31] [INFO] [TrafficSystem.FairnessManager]: [Fairness] Lane: North  | Base Score: 0.00 | Wait Cycles: 3 | Bonus: +15.00 | Adjusted: 15.00
[2026-07-24 21:29:31] [INFO] [TrafficSystem.FairnessManager]: [Fairness] Lane: South  | Base Score: 0.00 | Wait Cycles: 2 | Bonus: +10.00 | Adjusted: 10.00
[2026-07-24 21:29:31] [INFO] [TrafficSystem.FairnessManager]: [Fairness] Lane: East   | Base Score: 0.00 | Wait Cycles: 1 | Bonus: +5.00 | Adjusted: 5.00
[2026-07-24 21:29:31] [INFO] [TrafficSystem.SignalScheduler]: [Scheduler] Winner: North  | Score: 15.00 | Green: 35s | Reason: NORMAL
[2026-07-24 21:29:31] [INFO] [TrafficSystem.FairnessManager]: [Fairness Updated] Green: 'North' (Reset to 0). Waiting cycles: {'North': 0, 'South': 3, 'East': 2, 'West': 1}
[2026-07-24 21:29:31] [INFO] [TrafficSystem.SignalController]: [ESP32 Hardware Command #293] GREEN -> 'North' (35s) | Reason: NORMAL
[2026-07-24 21:29:32] [INFO] [TrafficSystem.PriorityCalculator]: [Rank #1] Lane: North  | PCE: 0.00  | Queue: 0.00  | Congestion: 0.00  | Total: 0.00
[2026-07-24 21:29:32] [INFO] [TrafficSystem.PriorityCalculator]: [Rank #2] Lane: South  | PCE: 0.00  | Queue: 0.00  | Congestion: 0.00  | Total: 0.00
[2026-07-24 21:29:32] [INFO] [TrafficSystem.PriorityCalculator]: [Rank #3] Lane: East   | PCE: 0.00  | Queue: 0.00  | Congestion: 0.00  | Total: 0.00
[2026-07-24 21:29:32] [INFO] [TrafficSystem.PriorityCalculator]: [Rank #4] Lane: West   | PCE: 0.00  | Queue: 0.00  | Congestion: 0.00  | Total: 0.00
[2026-07-24 21:29:32] [INFO] [TrafficSystem.FairnessManager]: [Fairness] Lane: South  | Base Score: 0.00 | Wait Cycles: 3 | Bonus: +15.00 | Adjusted: 15.00
[2026-07-24 21:29:32] [INFO] [TrafficSystem.FairnessManager]: [Fairness] Lane: East   | Base Score: 0.00 | Wait Cycles: 2 | Bonus: +10.00 | Adjusted: 10.00
[2026-07-24 21:29:32] [INFO] [TrafficSystem.FairnessManager]: [Fairness] Lane: West   | Base Score: 0.00 | Wait Cycles: 1 | Bonus: +5.00 | Adjusted: 5.00
[2026-07-24 21:29:32] [INFO] [TrafficSystem.SignalScheduler]: [Scheduler] Winner: South  | Score: 15.00 | Green: 35s | Reason: NORMAL
[2026-07-24 21:29:32] [INFO] [TrafficSystem.FairnessManager]: [Fairness Updated] Green: 'South' (Reset to 0). Waiting cycles: {'North': 1, 'South': 0, 'East': 3, 'West': 2}
[2026-07-24 21:29:32] [INFO] [TrafficSystem.SignalController]: [ESP32 Hardware Command #294] GREEN -> 'South' (35s) | Reason: NORMAL
[2026-07-24 21:29:32] [INFO] [TrafficSystem.PriorityCalculator]: [Rank #1] Lane: North  | PCE: 0.00  | Queue: 0.00  | Congestion: 0.00  | Total: 0.00
[2026-07-24 21:29:32] [INFO] [TrafficSystem.PriorityCalculator]: [Rank #2] Lane: South  | PCE: 0.00  | Queue: 0.00  | Congestion: 0.00  | Total: 0.00
[2026-07-24 21:29:32] [INFO] [TrafficSystem.PriorityCalculator]: [Rank #3] Lane: East   | PCE: 0.00  | Queue: 0.00  | Congestion: 0.00  | Total: 0.00
[2026-07-24 21:29:32] [INFO] [TrafficSystem.PriorityCalculator]: [Rank #4] Lane: West   | PCE: 0.00  | Queue: 0.00  | Congestion: 0.00  | Total: 0.00
[2026-07-24 21:29:32] [INFO] [TrafficSystem.FairnessManager]: [Fairness] Lane: East   | Base Score: 0.00 | Wait Cycles: 3 | Bonus: +15.00 | Adjusted: 15.00
[2026-07-24 21:29:32] [INFO] [TrafficSystem.FairnessManager]: [Fairness] Lane: West   | Base Score: 0.00 | Wait Cycles: 2 | Bonus: +10.00 | Adjusted: 10.00
[2026-07-24 21:29:32] [INFO] [TrafficSystem.FairnessManager]: [Fairness] Lane: North  | Base Score: 0.00 | Wait Cycles: 1 | Bonus: +5.00 | Adjusted: 5.00
[2026-07-24 21:29:32] [INFO] [TrafficSystem.SignalScheduler]: [Scheduler] Winner: East   | Score: 15.00 | Green: 35s | Reason: NORMAL
[2026-07-24 21:29:32] [INFO] [TrafficSystem.FairnessManager]: [Fairness Updated] Green: 'East' (Reset to 0). Waiting cycles: {'North': 2, 'South': 1, 'East': 0, 'West': 3}
[2026-07-24 21:29:32] [INFO] [TrafficSystem.SignalController]: [ESP32 Hardware Command #295] GREEN -> 'East' (35s) | Reason: NORMAL
[2026-07-24 21:29:32] [INFO] [TrafficSystem.PriorityCalculator]: [Rank #1] Lane: North  | PCE: 0.00  | Queue: 0.00  | Congestion: 0.00  | Total: 0.00
[2026-07-24 21:29:32] [INFO] [TrafficSystem.PriorityCalculator]: [Rank #2] Lane: South  | PCE: 0.00  | Queue: 0.00  | Congestion: 0.00  | Total: 0.00
[2026-07-24 21:29:32] [INFO] [TrafficSystem.PriorityCalculator]: [Rank #3] Lane: East   | PCE: 0.00  | Queue: 0.00  | Congestion: 0.00  | Total: 0.00
[2026-07-24 21:29:32] [INFO] [TrafficSystem.PriorityCalculator]: [Rank #4] Lane: West   | PCE: 0.00  | Queue: 0.00  | Congestion: 0.00  | Total: 0.00
[2026-07-24 21:29:32] [INFO] [TrafficSystem.FairnessManager]: [Fairness] Lane: West   | Base Score: 0.00 | Wait Cycles: 3 | Bonus: +15.00 | Adjusted: 15.00
[2026-07-24 21:29:32] [INFO] [TrafficSystem.FairnessManager]: [Fairness] Lane: North  | Base Score: 0.00 | Wait Cycles: 2 | Bonus: +10.00 | Adjusted: 10.00
[2026-07-24 21:29:32] [INFO] [TrafficSystem.FairnessManager]: [Fairness] Lane: South  | Base Score: 0.00 | Wait Cycles: 1 | Bonus: +5.00 | Adjusted: 5.00
[2026-07-24 21:29:32] [INFO] [TrafficSystem.SignalScheduler]: [Scheduler] Winner: West   | Score: 15.00 | Green: 35s | Reason: NORMAL
[2026-07-24 21:29:32] [INFO] [TrafficSystem.FairnessManager]: [Fairness Updated] Green: 'West' (Reset to 0). Waiting cycles: {'North': 3, 'South': 2, 'East': 1, 'West': 0}
[2026-07-24 21:29:32] [INFO] [TrafficSystem.SignalController]: [ESP32 Hardware Command #296] GREEN -> 'West' (35s) | Reason: NORMAL
[2026-07-24 21:29:32] [INFO] [TrafficSystem.PriorityCalculator]: [Rank #1] Lane: North  | PCE: 0.00  | Queue: 0.00  | Congestion: 0.00  | Total: 0.00
[2026-07-24 21:29:32] [INFO] [TrafficSystem.PriorityCalculator]: [Rank #2] Lane: South  | PCE: 0.00  | Queue: 0.00  | Congestion: 0.00  | Total: 0.00
[2026-07-24 21:29:32] [INFO] [TrafficSystem.PriorityCalculator]: [Rank #3] Lane: East   | PCE: 0.00  | Queue: 0.00  | Congestion: 0.00  | Total: 0.00
[2026-07-24 21:29:32] [INFO] [TrafficSystem.PriorityCalculator]: [Rank #4] Lane: West   | PCE: 0.00  | Queue: 0.00  | Congestion: 0.00  | Total: 0.00
[2026-07-24 21:29:32] [INFO] [TrafficSystem.FairnessManager]: [Fairness] Lane: North  | Base Score: 0.00 | Wait Cycles: 3 | Bonus: +15.00 | Adjusted: 15.00
[2026-07-24 21:29:32] [INFO] [TrafficSystem.FairnessManager]: [Fairness] Lane: South  | Base Score: 0.00 | Wait Cycles: 2 | Bonus: +10.00 | Adjusted: 10.00
[2026-07-24 21:29:32] [INFO] [TrafficSystem.FairnessManager]: [Fairness] Lane: East   | Base Score: 0.00 | Wait Cycles: 1 | Bonus: +5.00 | Adjusted: 5.00
[2026-07-24 21:29:32] [INFO] [TrafficSystem.SignalScheduler]: [Scheduler] Winner: North  | Score: 15.00 | Green: 35s | Reason: NORMAL
[2026-07-24 21:29:32] [INFO] [TrafficSystem.FairnessManager]: [Fairness Updated] Green: 'North' (Reset to 0). Waiting cycles: {'North': 0, 'South': 3, 'East': 2, 'West': 1}
[2026-07-24 21:29:32] [INFO] [TrafficSystem.SignalController]: [ESP32 Hardware Command #297] GREEN -> 'North' (35s) | Reason: NORMAL
[2026-07-24 21:29:32] [INFO] [TrafficSystem.PriorityCalculator]: [Rank #1] Lane: North  | PCE: 0.00  | Queue: 0.00  | Congestion: 0.00  | Total: 0.00
[2026-07-24 21:29:32] [INFO] [TrafficSystem.PriorityCalculator]: [Rank #2] Lane: South  | PCE: 0.00  | Queue: 0.00  | Congestion: 0.00  | Total: 0.00
[2026-07-24 21:29:32] [INFO] [TrafficSystem.PriorityCalculator]: [Rank #3] Lane: East   | PCE: 0.00  | Queue: 0.00  | Congestion: 0.00  | Total: 0.00
[2026-07-24 21:29:32] [INFO] [TrafficSystem.PriorityCalculator]: [Rank #4] Lane: West   | PCE: 0.00  | Queue: 0.00  | Congestion: 0.00  | Total: 0.00
[2026-07-24 21:29:32] [INFO] [TrafficSystem.FairnessManager]: [Fairness] Lane: South  | Base Score: 0.00 | Wait Cycles: 3 | Bonus: +15.00 | Adjusted: 15.00
[2026-07-24 21:29:32] [INFO] [TrafficSystem.FairnessManager]: [Fairness] Lane: East   | Base Score: 0.00 | Wait Cycles: 2 | Bonus: +10.00 | Adjusted: 10.00
[2026-07-24 21:29:32] [INFO] [TrafficSystem.FairnessManager]: [Fairness] Lane: West   | Base Score: 0.00 | Wait Cycles: 1 | Bonus: +5.00 | Adjusted: 5.00
[2026-07-24 21:29:32] [INFO] [TrafficSystem.SignalScheduler]: [Scheduler] Winner: South  | Score: 15.00 | Green: 35s | Reason: NORMAL
[2026-07-24 21:29:32] [INFO] [TrafficSystem.FairnessManager]: [Fairness Updated] Green: 'South' (Reset to 0). Waiting cycles: {'North': 1, 'South': 0, 'East': 3, 'West': 2}
[2026-07-24 21:29:32] [INFO] [TrafficSystem.SignalController]: [ESP32 Hardware Command #298] GREEN -> 'South' (35s) | Reason: NORMAL
[2026-07-24 21:29:32] [INFO] [TrafficSystem.PriorityCalculator]: [Rank #1] Lane: North  | PCE: 0.00  | Queue: 0.00  | Congestion: 0.00  | Total: 0.00
[2026-07-24 21:29:32] [INFO] [TrafficSystem.PriorityCalculator]: [Rank #2] Lane: South  | PCE: 0.00  | Queue: 0.00  | Congestion: 0.00  | Total: 0.00
[2026-07-24 21:29:32] [INFO] [TrafficSystem.PriorityCalculator]: [Rank #3] Lane: East   | PCE: 0.00  | Queue: 0.00  | Congestion: 0.00  | Total: 0.00
[2026-07-24 21:29:32] [INFO] [TrafficSystem.PriorityCalculator]: [Rank #4] Lane: West   | PCE: 0.00  | Queue: 0.00  | Congestion: 0.00  | Total: 0.00
[2026-07-24 21:29:32] [INFO] [TrafficSystem.FairnessManager]: [Fairness] Lane: East   | Base Score: 0.00 | Wait Cycles: 3 | Bonus: +15.00 | Adjusted: 15.00
[2026-07-24 21:29:32] [INFO] [TrafficSystem.FairnessManager]: [Fairness] Lane: West   | Base Score: 0.00 | Wait Cycles: 2 | Bonus: +10.00 | Adjusted: 10.00
[2026-07-24 21:29:32] [INFO] [TrafficSystem.FairnessManager]: [Fairness] Lane: North  | Base Score: 0.00 | Wait Cycles: 1 | Bonus: +5.00 | Adjusted: 5.00
[2026-07-24 21:29:32] [INFO] [TrafficSystem.SignalScheduler]: [Scheduler] Winner: East   | Score: 15.00 | Green: 35s | Reason: NORMAL
[2026-07-24 21:29:32] [INFO] [TrafficSystem.FairnessManager]: [Fairness Updated] Green: 'East' (Reset to 0). Waiting cycles: {'North': 2, 'South': 1, 'East': 0, 'West': 3}
[2026-07-24 21:29:32] [INFO] [TrafficSystem.SignalController]: [ESP32 Hardware Command #299] GREEN -> 'East' (35s) | Reason: NORMAL
[2026-07-24 21:29:32] [INFO] [TrafficSystem.PriorityCalculator]: [Rank #1] Lane: North  | PCE: 0.00  | Queue: 0.00  | Congestion: 0.00  | Total: 0.00
[2026-07-24 21:29:32] [INFO] [TrafficSystem.PriorityCalculator]: [Rank #2] Lane: South  | PCE: 0.00  | Queue: 0.00  | Congestion: 0.00  | Total: 0.00
[2026-07-24 21:29:32] [INFO] [TrafficSystem.PriorityCalculator]: [Rank #3] Lane: East   | PCE: 0.00  | Queue: 0.00  | Congestion: 0.00  | Total: 0.00
[2026-07-24 21:29:32] [INFO] [TrafficSystem.PriorityCalculator]: [Rank #4] Lane: West   | PCE: 0.00  | Queue: 0.00  | Congestion: 0.00  | Total: 0.00
[2026-07-24 21:29:32] [INFO] [TrafficSystem.FairnessManager]: [Fairness] Lane: West   | Base Score: 0.00 | Wait Cycles: 3 | Bonus: +15.00 | Adjusted: 15.00
[2026-07-24 21:29:32] [INFO] [TrafficSystem.FairnessManager]: [Fairness] Lane: North  | Base Score: 0.00 | Wait Cycles: 2 | Bonus: +10.00 | Adjusted: 10.00
[2026-07-24 21:29:32] [INFO] [TrafficSystem.FairnessManager]: [Fairness] Lane: South  | Base Score: 0.00 | Wait Cycles: 1 | Bonus: +5.00 | Adjusted: 5.00
[2026-07-24 21:29:32] [INFO] [TrafficSystem.SignalScheduler]: [Scheduler] Winner: West   | Score: 15.00 | Green: 35s | Reason: NORMAL
[2026-07-24 21:29:32] [INFO] [TrafficSystem.FairnessManager]: [Fairness Updated] Green: 'West' (Reset to 0). Waiting cycles: {'North': 3, 'South': 2, 'East': 1, 'West': 0}
[2026-07-24 21:29:32] [INFO] [TrafficSystem.SignalController]: [ESP32 Hardware Command #300] GREEN -> 'West' (35s) | Reason: NORMAL
[2026-07-24 21:29:32] [INFO] [TrafficSystem.TrafficPipeline]: Frame #300 | Active Vehicles: 0 | Scheduled Green: 'LaneName.WEST' (35s) | FPS: 10.6 | Latency: 79.2ms
[2026-07-24 21:29:32] [INFO] [TrafficSystem.CameraManager]: Reached end of video stream or lost connection.
[2026-07-24 21:29:32] [INFO] [TrafficSystem.Main]: Video playback completed.
[2026-07-24 21:29:32] [INFO] [TrafficSystem.TrafficPipeline]: Shutting down Traffic Pipeline...
[2026-07-24 21:29:32] [INFO] [TrafficSystem.CameraManager]: Video stream released successfully.
[2026-07-24 21:29:32] [INFO] [TrafficSystem.Visualizer]: VideoWriter released successfully.
[2026-07-24 21:29:32] [INFO] [TrafficSystem.TrafficPipeline]: Pipeline Session Summary: Processed 300 frames in 29.62s (Avg FPS: 10.6, Avg Latency: 79.21ms)
[2026-07-24 21:29:32] [INFO] [TrafficSystem.Main]: Clean shutdown complete.
[2026-07-24 21:30:15] [INFO] [TrafficSystem.Main]: ==================================================
[2026-07-24 21:30:15] [INFO] [TrafficSystem.Main]:        Smart Traffic Management System           
[2026-07-24 21:30:15] [INFO] [TrafficSystem.Main]:  AI Perception + Analytics + Adaptive Signal Engine
[2026-07-24 21:30:15] [INFO] [TrafficSystem.Main]: ==================================================
[2026-07-24 21:30:15] [INFO] [TrafficSystem.TrafficPipeline]: Initializing Smart Traffic Management System Pipeline...
[2026-07-24 21:30:15] [INFO] [TrafficSystem.CameraManager]: Opening video source: 'C:\Users\ashek\Desktop\smart-traffic-management\videos\traffic.mp4'...
[2026-07-24 21:30:15] [INFO] [TrafficSystem.CameraManager]: Stream opened successfully. Resolution: (1280, 720), FPS: 30.0
[2026-07-24 21:30:15] [INFO] [TrafficSystem.ModelManager]: Initializing YOLO model: 'yolo11n.pt'...
[2026-07-24 21:30:15] [INFO] [TrafficSystem.ModelManager]: Model 'yolo11n.pt' loaded successfully!
[2026-07-24 21:30:15] [INFO] [TrafficSystem.VehicleDetector]: VehicleDetector initialized focusing on classes: {2: 'car', 3: 'motorcycle', 5: 'bus', 7: 'truck'}
[2026-07-24 21:30:15] [INFO] [TrafficSystem.ByteTracker]: ByteTracker initialized using Ultralytics ByteTrack algorithm.
[2026-07-24 21:30:15] [INFO] [TrafficSystem.LaneManager]: LaneManager initialized with 4 lanes: ['North', 'South', 'East', 'West']
[2026-07-24 21:30:15] [INFO] [TrafficSystem.PriorityCalculator]: PriorityCalculator initialized with normalized weights: {'pce': 0.45, 'queue': 0.35, 'congestion': 0.2}
[2026-07-24 21:30:15] [INFO] [TrafficSystem.FairnessManager]: FairnessManager initialized (Bonus/cycle: 5.0, Max Cap: 25.0)
[2026-07-24 21:30:15] [INFO] [TrafficSystem.EmergencyOverride]: EmergencyOverride initialized with boost score: 1000.0
[2026-07-24 21:30:15] [INFO] [TrafficSystem.SignalScheduler]: SignalScheduler initialized (Min Green: 10s, Max Green: 60s, Yellow: 3s)
[2026-07-24 21:30:15] [INFO] [TrafficSystem.SignalController]: SignalController initialized and ready for ESP32 hardware command generation.
[2026-07-24 21:30:15] [INFO] [TrafficSystem.TrafficPipeline]: Smart Traffic Management System Pipeline fully initialized and ready!
[2026-07-24 21:30:15] [INFO] [TrafficSystem.Main]: Starting video processing. Press 'q' in the window to exit.
[2026-07-24 21:30:15] [INFO] [TrafficSystem.PriorityCalculator]: [Rank #1] Lane: North  | PCE: 0.00  | Queue: 0.00  | Congestion: 0.00  | Total: 0.00
[2026-07-24 21:30:15] [INFO] [TrafficSystem.PriorityCalculator]: [Rank #2] Lane: South  | PCE: 0.00  | Queue: 0.00  | Congestion: 0.00  | Total: 0.00
[2026-07-24 21:30:15] [INFO] [TrafficSystem.PriorityCalculator]: [Rank #3] Lane: East   | PCE: 0.00  | Queue: 0.00  | Congestion: 0.00  | Total: 0.00
[2026-07-24 21:30:15] [INFO] [TrafficSystem.PriorityCalculator]: [Rank #4] Lane: West   | PCE: 0.00  | Queue: 0.00  | Congestion: 0.00  | Total: 0.00
[2026-07-24 21:30:15] [INFO] [TrafficSystem.SignalScheduler]: [Scheduler] Winner: North  | Score: 0.00  | Green: 10s | Reason: NORMAL
[2026-07-24 21:30:15] [INFO] [TrafficSystem.FairnessManager]: [Fairness Updated] Green: 'North' (Reset to 0). Waiting cycles: {'North': 0, 'South': 1, 'East': 1, 'West': 1}
[2026-07-24 21:30:15] [INFO] [TrafficSystem.SignalController]: [ESP32 Hardware Command #1] GREEN -> 'North' (10s) | Reason: NORMAL
[2026-07-24 21:30:15] [INFO] [TrafficSystem.Visualizer]: Output VideoWriter initialized: 'C:\Users\ashek\Desktop\smart-traffic-management\outputs\traffic_system_20260724_213015.mp4' (1280x720 @ 30.0 FPS)
[2026-07-24 21:30:15] [INFO] [TrafficSystem.PriorityCalculator]: [Rank #1] Lane: North  | PCE: 0.00  | Queue: 0.00  | Congestion: 0.00  | Total: 0.00
[2026-07-24 21:30:15] [INFO] [TrafficSystem.PriorityCalculator]: [Rank #2] Lane: South  | PCE: 0.00  | Queue: 0.00  | Congestion: 0.00  | Total: 0.00
[2026-07-24 21:30:15] [INFO] [TrafficSystem.PriorityCalculator]: [Rank #3] Lane: East   | PCE: 0.00  | Queue: 0.00  | Congestion: 0.00  | Total: 0.00
[2026-07-24 21:30:15] [INFO] [TrafficSystem.PriorityCalculator]: [Rank #4] Lane: West   | PCE: 0.00  | Queue: 0.00  | Congestion: 0.00  | Total: 0.00
[2026-07-24 21:30:15] [INFO] [TrafficSystem.FairnessManager]: [Fairness] Lane: South  | Base Score: 0.00 | Wait Cycles: 1 | Bonus: +5.00 | Adjusted: 5.00
[2026-07-24 21:30:15] [INFO] [TrafficSystem.FairnessManager]: [Fairness] Lane: East   | Base Score: 0.00 | Wait Cycles: 1 | Bonus: +5.00 | Adjusted: 5.00
[2026-07-24 21:30:15] [INFO] [TrafficSystem.FairnessManager]: [Fairness] Lane: West   | Base Score: 0.00 | Wait Cycles: 1 | Bonus: +5.00 | Adjusted: 5.00
[2026-07-24 21:30:15] [INFO] [TrafficSystem.SignalScheduler]: [Scheduler] Winner: South  | Score: 5.00  | Green: 27s | Reason: NORMAL
[2026-07-24 21:30:15] [INFO] [TrafficSystem.FairnessManager]: [Fairness Updated] Green: 'South' (Reset to 0). Waiting cycles: {'North': 1, 'South': 0, 'East': 2, 'West': 2}
[2026-07-24 21:30:15] [INFO] [TrafficSystem.SignalController]: [ESP32 Hardware Command #2] GREEN -> 'South' (27s) | Reason: NORMAL
[2026-07-24 21:30:15] [INFO] [TrafficSystem.PriorityCalculator]: [Rank #1] Lane: North  | PCE: 0.00  | Queue: 0.00  | Congestion: 0.00  | Total: 0.00
[2026-07-24 21:30:15] [INFO] [TrafficSystem.PriorityCalculator]: [Rank #2] Lane: South  | PCE: 0.00  | Queue: 0.00  | Congestion: 0.00  | Total: 0.00
[2026-07-24 21:30:15] [INFO] [TrafficSystem.PriorityCalculator]: [Rank #3] Lane: East   | PCE: 0.00  | Queue: 0.00  | Congestion: 0.00  | Total: 0.00
[2026-07-24 21:30:15] [INFO] [TrafficSystem.PriorityCalculator]: [Rank #4] Lane: West   | PCE: 0.00  | Queue: 0.00  | Congestion: 0.00  | Total: 0.00
[2026-07-24 21:30:15] [INFO] [TrafficSystem.FairnessManager]: [Fairness] Lane: East   | Base Score: 0.00 | Wait Cycles: 2 | Bonus: +10.00 | Adjusted: 10.00
[2026-07-24 21:30:15] [INFO] [TrafficSystem.FairnessManager]: [Fairness] Lane: West   | Base Score: 0.00 | Wait Cycles: 2 | Bonus: +10.00 | Adjusted: 10.00
[2026-07-24 21:30:15] [INFO] [TrafficSystem.FairnessManager]: [Fairness] Lane: North  | Base Score: 0.00 | Wait Cycles: 1 | Bonus: +5.00 | Adjusted: 5.00
[2026-07-24 21:30:15] [INFO] [TrafficSystem.SignalScheduler]: [Scheduler] Winner: East   | Score: 10.00 | Green: 30s | Reason: NORMAL
[2026-07-24 21:30:15] [INFO] [TrafficSystem.FairnessManager]: [Fairness Updated] Green: 'East' (Reset to 0). Waiting cycles: {'North': 2, 'South': 1, 'East': 0, 'West': 3}
[2026-07-24 21:30:15] [INFO] [TrafficSystem.SignalController]: [ESP32 Hardware Command #3] GREEN -> 'East' (30s) | Reason: NORMAL
[2026-07-24 21:30:16] [INFO] [TrafficSystem.PriorityCalculator]: [Rank #1] Lane: North  | PCE: 0.00  | Queue: 0.00  | Congestion: 0.00  | Total: 0.00
[2026-07-24 21:30:16] [INFO] [TrafficSystem.PriorityCalculator]: [Rank #2] Lane: South  | PCE: 0.00  | Queue: 0.00  | Congestion: 0.00  | Total: 0.00
[2026-07-24 21:30:16] [INFO] [TrafficSystem.PriorityCalculator]: [Rank #3] Lane: East   | PCE: 0.00  | Queue: 0.00  | Congestion: 0.00  | Total: 0.00
[2026-07-24 21:30:16] [INFO] [TrafficSystem.PriorityCalculator]: [Rank #4] Lane: West   | PCE: 0.00  | Queue: 0.00  | Congestion: 0.00  | Total: 0.00
[2026-07-24 21:30:16] [INFO] [TrafficSystem.FairnessManager]: [Fairness] Lane: West   | Base Score: 0.00 | Wait Cycles: 3 | Bonus: +15.00 | Adjusted: 15.00
[2026-07-24 21:30:16] [INFO] [TrafficSystem.FairnessManager]: [Fairness] Lane: North  | Base Score: 0.00 | Wait Cycles: 2 | Bonus: +10.00 | Adjusted: 10.00
[2026-07-24 21:30:16] [INFO] [TrafficSystem.FairnessManager]: [Fairness] Lane: South  | Base Score: 0.00 | Wait Cycles: 1 | Bonus: +5.00 | Adjusted: 5.00
[2026-07-24 21:30:16] [INFO] [TrafficSystem.SignalScheduler]: [Scheduler] Winner: West   | Score: 15.00 | Green: 35s | Reason: NORMAL
[2026-07-24 21:30:16] [INFO] [TrafficSystem.FairnessManager]: [Fairness Updated] Green: 'West' (Reset to 0). Waiting cycles: {'North': 3, 'South': 2, 'East': 1, 'West': 0}
[2026-07-24 21:30:16] [INFO] [TrafficSystem.SignalController]: [ESP32 Hardware Command #4] GREEN -> 'West' (35s) | Reason: NORMAL
[2026-07-24 21:30:16] [INFO] [TrafficSystem.PriorityCalculator]: [Rank #1] Lane: North  | PCE: 0.00  | Queue: 0.00  | Congestion: 0.00  | Total: 0.00
[2026-07-24 21:30:16] [INFO] [TrafficSystem.PriorityCalculator]: [Rank #2] Lane: South  | PCE: 0.00  | Queue: 0.00  | Congestion: 0.00  | Total: 0.00
[2026-07-24 21:30:16] [INFO] [TrafficSystem.PriorityCalculator]: [Rank #3] Lane: East   | PCE: 0.00  | Queue: 0.00  | Congestion: 0.00  | Total: 0.00
[2026-07-24 21:30:16] [INFO] [TrafficSystem.PriorityCalculator]: [Rank #4] Lane: West   | PCE: 0.00  | Queue: 0.00  | Congestion: 0.00  | Total: 0.00
[2026-07-24 21:30:16] [INFO] [TrafficSystem.FairnessManager]: [Fairness] Lane: North  | Base Score: 0.00 | Wait Cycles: 3 | Bonus: +15.00 | Adjusted: 15.00
[2026-07-24 21:30:16] [INFO] [TrafficSystem.FairnessManager]: [Fairness] Lane: South  | Base Score: 0.00 | Wait Cycles: 2 | Bonus: +10.00 | Adjusted: 10.00
[2026-07-24 21:30:16] [INFO] [TrafficSystem.FairnessManager]: [Fairness] Lane: East   | Base Score: 0.00 | Wait Cycles: 1 | Bonus: +5.00 | Adjusted: 5.00
[2026-07-24 21:30:16] [INFO] [TrafficSystem.SignalScheduler]: [Scheduler] Winner: North  | Score: 15.00 | Green: 35s | Reason: NORMAL
[2026-07-24 21:30:16] [INFO] [TrafficSystem.FairnessManager]: [Fairness Updated] Green: 'North' (Reset to 0). Waiting cycles: {'North': 0, 'South': 3, 'East': 2, 'West': 1}
[2026-07-24 21:30:16] [INFO] [TrafficSystem.SignalController]: [ESP32 Hardware Command #5] GREEN -> 'North' (35s) | Reason: NORMAL
[2026-07-24 21:30:16] [INFO] [TrafficSystem.PriorityCalculator]: [Rank #1] Lane: North  | PCE: 0.00  | Queue: 0.00  | Congestion: 0.00  | Total: 0.00
[2026-07-24 21:30:16] [INFO] [TrafficSystem.PriorityCalculator]: [Rank #2] Lane: South  | PCE: 0.00  | Queue: 0.00  | Congestion: 0.00  | Total: 0.00
[2026-07-24 21:30:16] [INFO] [TrafficSystem.PriorityCalculator]: [Rank #3] Lane: East   | PCE: 0.00  | Queue: 0.00  | Congestion: 0.00  | Total: 0.00
[2026-07-24 21:30:16] [INFO] [TrafficSystem.PriorityCalculator]: [Rank #4] Lane: West   | PCE: 0.00  | Queue: 0.00  | Congestion: 0.00  | Total: 0.00
[2026-07-24 21:30:16] [INFO] [TrafficSystem.FairnessManager]: [Fairness] Lane: South  | Base Score: 0.00 | Wait Cycles: 3 | Bonus: +15.00 | Adjusted: 15.00
[2026-07-24 21:30:16] [INFO] [TrafficSystem.FairnessManager]: [Fairness] Lane: East   | Base Score: 0.00 | Wait Cycles: 2 | Bonus: +10.00 | Adjusted: 10.00
[2026-07-24 21:30:16] [INFO] [TrafficSystem.FairnessManager]: [Fairness] Lane: West   | Base Score: 0.00 | Wait Cycles: 1 | Bonus: +5.00 | Adjusted: 5.00
[2026-07-24 21:30:16] [INFO] [TrafficSystem.SignalScheduler]: [Scheduler] Winner: South  | Score: 15.00 | Green: 35s | Reason: NORMAL
[2026-07-24 21:30:16] [INFO] [TrafficSystem.FairnessManager]: [Fairness Updated] Green: 'South' (Reset to 0). Waiting cycles: {'North': 1, 'South': 0, 'East': 3, 'West': 2}
[2026-07-24 21:30:16] [INFO] [TrafficSystem.SignalController]: [ESP32 Hardware Command #6] GREEN -> 'South' (35s) | Reason: NORMAL
[2026-07-24 21:30:16] [INFO] [TrafficSystem.PriorityCalculator]: [Rank #1] Lane: North  | PCE: 0.00  | Queue: 0.00  | Congestion: 0.00  | Total: 0.00
[2026-07-24 21:30:16] [INFO] [TrafficSystem.PriorityCalculator]: [Rank #2] Lane: South  | PCE: 0.00  | Queue: 0.00  | Congestion: 0.00  | Total: 0.00
[2026-07-24 21:30:16] [INFO] [TrafficSystem.PriorityCalculator]: [Rank #3] Lane: East   | PCE: 0.00  | Queue: 0.00  | Congestion: 0.00  | Total: 0.00
[2026-07-24 21:30:16] [INFO] [TrafficSystem.PriorityCalculator]: [Rank #4] Lane: West   | PCE: 0.00  | Queue: 0.00  | Congestion: 0.00  | Total: 0.00
[2026-07-24 21:30:16] [INFO] [TrafficSystem.FairnessManager]: [Fairness] Lane: East   | Base Score: 0.00 | Wait Cycles: 3 | Bonus: +15.00 | Adjusted: 15.00
[2026-07-24 21:30:16] [INFO] [TrafficSystem.FairnessManager]: [Fairness] Lane: West   | Base Score: 0.00 | Wait Cycles: 2 | Bonus: +10.00 | Adjusted: 10.00
[2026-07-24 21:30:16] [INFO] [TrafficSystem.FairnessManager]: [Fairness] Lane: North  | Base Score: 0.00 | Wait Cycles: 1 | Bonus: +5.00 | Adjusted: 5.00
[2026-07-24 21:30:16] [INFO] [TrafficSystem.SignalScheduler]: [Scheduler] Winner: East   | Score: 15.00 | Green: 35s | Reason: NORMAL
[2026-07-24 21:30:16] [INFO] [TrafficSystem.FairnessManager]: [Fairness Updated] Green: 'East' (Reset to 0). Waiting cycles: {'North': 2, 'South': 1, 'East': 0, 'West': 3}
[2026-07-24 21:30:16] [INFO] [TrafficSystem.SignalController]: [ESP32 Hardware Command #7] GREEN -> 'East' (35s) | Reason: NORMAL
[2026-07-24 21:30:16] [INFO] [TrafficSystem.PriorityCalculator]: [Rank #1] Lane: North  | PCE: 0.00  | Queue: 0.00  | Congestion: 0.00  | Total: 0.00
[2026-07-24 21:30:16] [INFO] [TrafficSystem.PriorityCalculator]: [Rank #2] Lane: South  | PCE: 0.00  | Queue: 0.00  | Congestion: 0.00  | Total: 0.00
[2026-07-24 21:30:16] [INFO] [TrafficSystem.PriorityCalculator]: [Rank #3] Lane: East   | PCE: 0.00  | Queue: 0.00  | Congestion: 0.00  | Total: 0.00
[2026-07-24 21:30:16] [INFO] [TrafficSystem.PriorityCalculator]: [Rank #4] Lane: West   | PCE: 0.00  | Queue: 0.00  | Congestion: 0.00  | Total: 0.00
[2026-07-24 21:30:16] [INFO] [TrafficSystem.FairnessManager]: [Fairness] Lane: West   | Base Score: 0.00 | Wait Cycles: 3 | Bonus: +15.00 | Adjusted: 15.00
[2026-07-24 21:30:16] [INFO] [TrafficSystem.FairnessManager]: [Fairness] Lane: North  | Base Score: 0.00 | Wait Cycles: 2 | Bonus: +10.00 | Adjusted: 10.00
[2026-07-24 21:30:16] [INFO] [TrafficSystem.FairnessManager]: [Fairness] Lane: South  | Base Score: 0.00 | Wait Cycles: 1 | Bonus: +5.00 | Adjusted: 5.00
[2026-07-24 21:30:16] [INFO] [TrafficSystem.SignalScheduler]: [Scheduler] Winner: West   | Score: 15.00 | Green: 35s | Reason: NORMAL
[2026-07-24 21:30:16] [INFO] [TrafficSystem.FairnessManager]: [Fairness Updated] Green: 'West' (Reset to 0). Waiting cycles: {'North': 3, 'South': 2, 'East': 1, 'West': 0}
[2026-07-24 21:30:16] [INFO] [TrafficSystem.SignalController]: [ESP32 Hardware Command #8] GREEN -> 'West' (35s) | Reason: NORMAL
[2026-07-24 21:30:16] [INFO] [TrafficSystem.PriorityCalculator]: [Rank #1] Lane: North  | PCE: 0.00  | Queue: 0.00  | Congestion: 0.00  | Total: 0.00
[2026-07-24 21:30:16] [INFO] [TrafficSystem.PriorityCalculator]: [Rank #2] Lane: South  | PCE: 0.00  | Queue: 0.00  | Congestion: 0.00  | Total: 0.00
[2026-07-24 21:30:16] [INFO] [TrafficSystem.PriorityCalculator]: [Rank #3] Lane: East   | PCE: 0.00  | Queue: 0.00  | Congestion: 0.00  | Total: 0.00
[2026-07-24 21:30:16] [INFO] [TrafficSystem.PriorityCalculator]: [Rank #4] Lane: West   | PCE: 0.00  | Queue: 0.00  | Congestion: 0.00  | Total: 0.00
[2026-07-24 21:30:16] [INFO] [TrafficSystem.FairnessManager]: [Fairness] Lane: North  | Base Score: 0.00 | Wait Cycles: 3 | Bonus: +15.00 | Adjusted: 15.00
[2026-07-24 21:30:16] [INFO] [TrafficSystem.FairnessManager]: [Fairness] Lane: South  | Base Score: 0.00 | Wait Cycles: 2 | Bonus: +10.00 | Adjusted: 10.00
[2026-07-24 21:30:16] [INFO] [TrafficSystem.FairnessManager]: [Fairness] Lane: East   | Base Score: 0.00 | Wait Cycles: 1 | Bonus: +5.00 | Adjusted: 5.00
[2026-07-24 21:30:16] [INFO] [TrafficSystem.SignalScheduler]: [Scheduler] Winner: North  | Score: 15.00 | Green: 35s | Reason: NORMAL
[2026-07-24 21:30:16] [INFO] [TrafficSystem.FairnessManager]: [Fairness Updated] Green: 'North' (Reset to 0). Waiting cycles: {'North': 0, 'South': 3, 'East': 2, 'West': 1}
[2026-07-24 21:30:16] [INFO] [TrafficSystem.SignalController]: [ESP32 Hardware Command #9] GREEN -> 'North' (35s) | Reason: NORMAL
[2026-07-24 21:30:16] [INFO] [TrafficSystem.PriorityCalculator]: [Rank #1] Lane: North  | PCE: 0.00  | Queue: 0.00  | Congestion: 0.00  | Total: 0.00
[2026-07-24 21:30:16] [INFO] [TrafficSystem.PriorityCalculator]: [Rank #2] Lane: South  | PCE: 0.00  | Queue: 0.00  | Congestion: 0.00  | Total: 0.00
[2026-07-24 21:30:16] [INFO] [TrafficSystem.PriorityCalculator]: [Rank #3] Lane: East   | PCE: 0.00  | Queue: 0.00  | Congestion: 0.00  | Total: 0.00
[2026-07-24 21:30:16] [INFO] [TrafficSystem.PriorityCalculator]: [Rank #4] Lane: West   | PCE: 0.00  | Queue: 0.00  | Congestion: 0.00  | Total: 0.00
[2026-07-24 21:30:16] [INFO] [TrafficSystem.FairnessManager]: [Fairness] Lane: South  | Base Score: 0.00 | Wait Cycles: 3 | Bonus: +15.00 | Adjusted: 15.00
[2026-07-24 21:30:16] [INFO] [TrafficSystem.FairnessManager]: [Fairness] Lane: East   | Base Score: 0.00 | Wait Cycles: 2 | Bonus: +10.00 | Adjusted: 10.00
[2026-07-24 21:30:16] [INFO] [TrafficSystem.FairnessManager]: [Fairness] Lane: West   | Base Score: 0.00 | Wait Cycles: 1 | Bonus: +5.00 | Adjusted: 5.00
[2026-07-24 21:30:16] [INFO] [TrafficSystem.SignalScheduler]: [Scheduler] Winner: South  | Score: 15.00 | Green: 35s | Reason: NORMAL
[2026-07-24 21:30:16] [INFO] [TrafficSystem.FairnessManager]: [Fairness Updated] Green: 'South' (Reset to 0). Waiting cycles: {'North': 1, 'South': 0, 'East': 3, 'West': 2}
[2026-07-24 21:30:16] [INFO] [TrafficSystem.SignalController]: [ESP32 Hardware Command #10] GREEN -> 'South' (35s) | Reason: NORMAL
[2026-07-24 21:30:16] [INFO] [TrafficSystem.PriorityCalculator]: [Rank #1] Lane: North  | PCE: 0.00  | Queue: 0.00  | Congestion: 0.00  | Total: 0.00
[2026-07-24 21:30:16] [INFO] [TrafficSystem.PriorityCalculator]: [Rank #2] Lane: South  | PCE: 0.00  | Queue: 0.00  | Congestion: 0.00  | Total: 0.00
[2026-07-24 21:30:16] [INFO] [TrafficSystem.PriorityCalculator]: [Rank #3] Lane: East   | PCE: 0.00  | Queue: 0.00  | Congestion: 0.00  | Total: 0.00
[2026-07-24 21:30:16] [INFO] [TrafficSystem.PriorityCalculator]: [Rank #4] Lane: West   | PCE: 0.00  | Queue: 0.00  | Congestion: 0.00  | Total: 0.00
[2026-07-24 21:30:16] [INFO] [TrafficSystem.FairnessManager]: [Fairness] Lane: East   | Base Score: 0.00 | Wait Cycles: 3 | Bonus: +15.00 | Adjusted: 15.00
[2026-07-24 21:30:16] [INFO] [TrafficSystem.FairnessManager]: [Fairness] Lane: West   | Base Score: 0.00 | Wait Cycles: 2 | Bonus: +10.00 | Adjusted: 10.00
[2026-07-24 21:30:16] [INFO] [TrafficSystem.FairnessManager]: [Fairness] Lane: North  | Base Score: 0.00 | Wait Cycles: 1 | Bonus: +5.00 | Adjusted: 5.00
[2026-07-24 21:30:16] [INFO] [TrafficSystem.SignalScheduler]: [Scheduler] Winner: East   | Score: 15.00 | Green: 35s | Reason: NORMAL
[2026-07-24 21:30:16] [INFO] [TrafficSystem.FairnessManager]: [Fairness Updated] Green: 'East' (Reset to 0). Waiting cycles: {'North': 2, 'South': 1, 'East': 0, 'West': 3}
[2026-07-24 21:30:16] [INFO] [TrafficSystem.SignalController]: [ESP32 Hardware Command #11] GREEN -> 'East' (35s) | Reason: NORMAL
[2026-07-24 21:30:16] [INFO] [TrafficSystem.PriorityCalculator]: [Rank #1] Lane: North  | PCE: 0.00  | Queue: 0.00  | Congestion: 0.00  | Total: 0.00
[2026-07-24 21:30:16] [INFO] [TrafficSystem.PriorityCalculator]: [Rank #2] Lane: South  | PCE: 0.00  | Queue: 0.00  | Congestion: 0.00  | Total: 0.00
[2026-07-24 21:30:16] [INFO] [TrafficSystem.PriorityCalculator]: [Rank #3] Lane: East   | PCE: 0.00  | Queue: 0.00  | Congestion: 0.00  | Total: 0.00
[2026-07-24 21:30:16] [INFO] [TrafficSystem.PriorityCalculator]: [Rank #4] Lane: West   | PCE: 0.00  | Queue: 0.00  | Congestion: 0.00  | Total: 0.00
[2026-07-24 21:30:16] [INFO] [TrafficSystem.FairnessManager]: [Fairness] Lane: West   | Base Score: 0.00 | Wait Cycles: 3 | Bonus: +15.00 | Adjusted: 15.00
[2026-07-24 21:30:16] [INFO] [TrafficSystem.FairnessManager]: [Fairness] Lane: North  | Base Score: 0.00 | Wait Cycles: 2 | Bonus: +10.00 | Adjusted: 10.00
[2026-07-24 21:30:16] [INFO] [TrafficSystem.FairnessManager]: [Fairness] Lane: South  | Base Score: 0.00 | Wait Cycles: 1 | Bonus: +5.00 | Adjusted: 5.00
[2026-07-24 21:30:16] [INFO] [TrafficSystem.SignalScheduler]: [Scheduler] Winner: West   | Score: 15.00 | Green: 35s | Reason: NORMAL
[2026-07-24 21:30:16] [INFO] [TrafficSystem.FairnessManager]: [Fairness Updated] Green: 'West' (Reset to 0). Waiting cycles: {'North': 3, 'South': 2, 'East': 1, 'West': 0}
[2026-07-24 21:30:16] [INFO] [TrafficSystem.SignalController]: [ESP32 Hardware Command #12] GREEN -> 'West' (35s) | Reason: NORMAL
[2026-07-24 21:30:16] [INFO] [TrafficSystem.PriorityCalculator]: [Rank #1] Lane: North  | PCE: 0.00  | Queue: 0.00  | Congestion: 0.00  | Total: 0.00
[2026-07-24 21:30:16] [INFO] [TrafficSystem.PriorityCalculator]: [Rank #2] Lane: South  | PCE: 0.00  | Queue: 0.00  | Congestion: 0.00  | Total: 0.00
[2026-07-24 21:30:16] [INFO] [TrafficSystem.PriorityCalculator]: [Rank #3] Lane: East   | PCE: 0.00  | Queue: 0.00  | Congestion: 0.00  | Total: 0.00
[2026-07-24 21:30:16] [INFO] [TrafficSystem.PriorityCalculator]: [Rank #4] Lane: West   | PCE: 0.00  | Queue: 0.00  | Congestion: 0.00  | Total: 0.00
[2026-07-24 21:30:16] [INFO] [TrafficSystem.FairnessManager]: [Fairness] Lane: North  | Base Score: 0.00 | Wait Cycles: 3 | Bonus: +15.00 | Adjusted: 15.00
[2026-07-24 21:30:16] [INFO] [TrafficSystem.FairnessManager]: [Fairness] Lane: South  | Base Score: 0.00 | Wait Cycles: 2 | Bonus: +10.00 | Adjusted: 10.00
[2026-07-24 21:30:16] [INFO] [TrafficSystem.FairnessManager]: [Fairness] Lane: East   | Base Score: 0.00 | Wait Cycles: 1 | Bonus: +5.00 | Adjusted: 5.00
[2026-07-24 21:30:16] [INFO] [TrafficSystem.SignalScheduler]: [Scheduler] Winner: North  | Score: 15.00 | Green: 35s | Reason: NORMAL
[2026-07-24 21:30:16] [INFO] [TrafficSystem.FairnessManager]: [Fairness Updated] Green: 'North' (Reset to 0). Waiting cycles: {'North': 0, 'South': 3, 'East': 2, 'West': 1}
[2026-07-24 21:30:16] [INFO] [TrafficSystem.SignalController]: [ESP32 Hardware Command #13] GREEN -> 'North' (35s) | Reason: NORMAL
[2026-07-24 21:30:17] [INFO] [TrafficSystem.PriorityCalculator]: [Rank #1] Lane: North  | PCE: 0.00  | Queue: 0.00  | Congestion: 0.00  | Total: 0.00
[2026-07-24 21:30:17] [INFO] [TrafficSystem.PriorityCalculator]: [Rank #2] Lane: South  | PCE: 0.00  | Queue: 0.00  | Congestion: 0.00  | Total: 0.00
[2026-07-24 21:30:17] [INFO] [TrafficSystem.PriorityCalculator]: [Rank #3] Lane: East   | PCE: 0.00  | Queue: 0.00  | Congestion: 0.00  | Total: 0.00
[2026-07-24 21:30:17] [INFO] [TrafficSystem.PriorityCalculator]: [Rank #4] Lane: West   | PCE: 0.00  | Queue: 0.00  | Congestion: 0.00  | Total: 0.00
[2026-07-24 21:30:17] [INFO] [TrafficSystem.FairnessManager]: [Fairness] Lane: South  | Base Score: 0.00 | Wait Cycles: 3 | Bonus: +15.00 | Adjusted: 15.00
[2026-07-24 21:30:17] [INFO] [TrafficSystem.FairnessManager]: [Fairness] Lane: East   | Base Score: 0.00 | Wait Cycles: 2 | Bonus: +10.00 | Adjusted: 10.00
[2026-07-24 21:30:17] [INFO] [TrafficSystem.FairnessManager]: [Fairness] Lane: West   | Base Score: 0.00 | Wait Cycles: 1 | Bonus: +5.00 | Adjusted: 5.00
[2026-07-24 21:30:17] [INFO] [TrafficSystem.SignalScheduler]: [Scheduler] Winner: South  | Score: 15.00 | Green: 35s | Reason: NORMAL
[2026-07-24 21:30:17] [INFO] [TrafficSystem.FairnessManager]: [Fairness Updated] Green: 'South' (Reset to 0). Waiting cycles: {'North': 1, 'South': 0, 'East': 3, 'West': 2}
[2026-07-24 21:30:17] [INFO] [TrafficSystem.SignalController]: [ESP32 Hardware Command #14] GREEN -> 'South' (35s) | Reason: NORMAL
[2026-07-24 21:30:17] [INFO] [TrafficSystem.PriorityCalculator]: [Rank #1] Lane: North  | PCE: 0.00  | Queue: 0.00  | Congestion: 0.00  | Total: 0.00
[2026-07-24 21:30:17] [INFO] [TrafficSystem.PriorityCalculator]: [Rank #2] Lane: South  | PCE: 0.00  | Queue: 0.00  | Congestion: 0.00  | Total: 0.00
[2026-07-24 21:30:17] [INFO] [TrafficSystem.PriorityCalculator]: [Rank #3] Lane: East   | PCE: 0.00  | Queue: 0.00  | Congestion: 0.00  | Total: 0.00
[2026-07-24 21:30:17] [INFO] [TrafficSystem.PriorityCalculator]: [Rank #4] Lane: West   | PCE: 0.00  | Queue: 0.00  | Congestion: 0.00  | Total: 0.00
[2026-07-24 21:30:17] [INFO] [TrafficSystem.FairnessManager]: [Fairness] Lane: East   | Base Score: 0.00 | Wait Cycles: 3 | Bonus: +15.00 | Adjusted: 15.00
[2026-07-24 21:30:17] [INFO] [TrafficSystem.FairnessManager]: [Fairness] Lane: West   | Base Score: 0.00 | Wait Cycles: 2 | Bonus: +10.00 | Adjusted: 10.00
[2026-07-24 21:30:17] [INFO] [TrafficSystem.FairnessManager]: [Fairness] Lane: North  | Base Score: 0.00 | Wait Cycles: 1 | Bonus: +5.00 | Adjusted: 5.00
[2026-07-24 21:30:17] [INFO] [TrafficSystem.SignalScheduler]: [Scheduler] Winner: East   | Score: 15.00 | Green: 35s | Reason: NORMAL
[2026-07-24 21:30:17] [INFO] [TrafficSystem.FairnessManager]: [Fairness Updated] Green: 'East' (Reset to 0). Waiting cycles: {'North': 2, 'South': 1, 'East': 0, 'West': 3}
[2026-07-24 21:30:17] [INFO] [TrafficSystem.SignalController]: [ESP32 Hardware Command #15] GREEN -> 'East' (35s) | Reason: NORMAL
[2026-07-24 21:30:17] [INFO] [TrafficSystem.PriorityCalculator]: [Rank #1] Lane: North  | PCE: 0.00  | Queue: 0.00  | Congestion: 0.00  | Total: 0.00
[2026-07-24 21:30:17] [INFO] [TrafficSystem.PriorityCalculator]: [Rank #2] Lane: South  | PCE: 0.00  | Queue: 0.00  | Congestion: 0.00  | Total: 0.00
[2026-07-24 21:30:17] [INFO] [TrafficSystem.PriorityCalculator]: [Rank #3] Lane: East   | PCE: 0.00  | Queue: 0.00  | Congestion: 0.00  | Total: 0.00
[2026-07-24 21:30:17] [INFO] [TrafficSystem.PriorityCalculator]: [Rank #4] Lane: West   | PCE: 0.00  | Queue: 0.00  | Congestion: 0.00  | Total: 0.00
[2026-07-24 21:30:17] [INFO] [TrafficSystem.FairnessManager]: [Fairness] Lane: West   | Base Score: 0.00 | Wait Cycles: 3 | Bonus: +15.00 | Adjusted: 15.00
[2026-07-24 21:30:17] [INFO] [TrafficSystem.FairnessManager]: [Fairness] Lane: North  | Base Score: 0.00 | Wait Cycles: 2 | Bonus: +10.00 | Adjusted: 10.00
[2026-07-24 21:30:17] [INFO] [TrafficSystem.FairnessManager]: [Fairness] Lane: South  | Base Score: 0.00 | Wait Cycles: 1 | Bonus: +5.00 | Adjusted: 5.00
[2026-07-24 21:30:17] [INFO] [TrafficSystem.SignalScheduler]: [Scheduler] Winner: West   | Score: 15.00 | Green: 35s | Reason: NORMAL
[2026-07-24 21:30:17] [INFO] [TrafficSystem.FairnessManager]: [Fairness Updated] Green: 'West' (Reset to 0). Waiting cycles: {'North': 3, 'South': 2, 'East': 1, 'West': 0}
[2026-07-24 21:30:17] [INFO] [TrafficSystem.SignalController]: [ESP32 Hardware Command #16] GREEN -> 'West' (35s) | Reason: NORMAL
[2026-07-24 21:30:17] [INFO] [TrafficSystem.PriorityCalculator]: [Rank #1] Lane: North  | PCE: 0.00  | Queue: 0.00  | Congestion: 0.00  | Total: 0.00
[2026-07-24 21:30:17] [INFO] [TrafficSystem.PriorityCalculator]: [Rank #2] Lane: South  | PCE: 0.00  | Queue: 0.00  | Congestion: 0.00  | Total: 0.00
[2026-07-24 21:30:17] [INFO] [TrafficSystem.PriorityCalculator]: [Rank #3] Lane: East   | PCE: 0.00  | Queue: 0.00  | Congestion: 0.00  | Total: 0.00
[2026-07-24 21:30:17] [INFO] [TrafficSystem.PriorityCalculator]: [Rank #4] Lane: West   | PCE: 0.00  | Queue: 0.00  | Congestion: 0.00  | Total: 0.00
[2026-07-24 21:30:17] [INFO] [TrafficSystem.FairnessManager]: [Fairness] Lane: North  | Base Score: 0.00 | Wait Cycles: 3 | Bonus: +15.00 | Adjusted: 15.00
[2026-07-24 21:30:17] [INFO] [TrafficSystem.FairnessManager]: [Fairness] Lane: South  | Base Score: 0.00 | Wait Cycles: 2 | Bonus: +10.00 | Adjusted: 10.00
[2026-07-24 21:30:17] [INFO] [TrafficSystem.FairnessManager]: [Fairness] Lane: East   | Base Score: 0.00 | Wait Cycles: 1 | Bonus: +5.00 | Adjusted: 5.00
[2026-07-24 21:30:17] [INFO] [TrafficSystem.SignalScheduler]: [Scheduler] Winner: North  | Score: 15.00 | Green: 35s | Reason: NORMAL
[2026-07-24 21:30:17] [INFO] [TrafficSystem.FairnessManager]: [Fairness Updated] Green: 'North' (Reset to 0). Waiting cycles: {'North': 0, 'South': 3, 'East': 2, 'West': 1}
[2026-07-24 21:30:17] [INFO] [TrafficSystem.SignalController]: [ESP32 Hardware Command #17] GREEN -> 'North' (35s) | Reason: NORMAL
[2026-07-24 21:30:17] [INFO] [TrafficSystem.PriorityCalculator]: [Rank #1] Lane: North  | PCE: 0.00  | Queue: 0.00  | Congestion: 0.00  | Total: 0.00
[2026-07-24 21:30:17] [INFO] [TrafficSystem.PriorityCalculator]: [Rank #2] Lane: South  | PCE: 0.00  | Queue: 0.00  | Congestion: 0.00  | Total: 0.00
[2026-07-24 21:30:17] [INFO] [TrafficSystem.PriorityCalculator]: [Rank #3] Lane: East   | PCE: 0.00  | Queue: 0.00  | Congestion: 0.00  | Total: 0.00
[2026-07-24 21:30:17] [INFO] [TrafficSystem.PriorityCalculator]: [Rank #4] Lane: West   | PCE: 0.00  | Queue: 0.00  | Congestion: 0.00  | Total: 0.00
[2026-07-24 21:30:17] [INFO] [TrafficSystem.FairnessManager]: [Fairness] Lane: South  | Base Score: 0.00 | Wait Cycles: 3 | Bonus: +15.00 | Adjusted: 15.00
[2026-07-24 21:30:17] [INFO] [TrafficSystem.FairnessManager]: [Fairness] Lane: East   | Base Score: 0.00 | Wait Cycles: 2 | Bonus: +10.00 | Adjusted: 10.00
[2026-07-24 21:30:17] [INFO] [TrafficSystem.FairnessManager]: [Fairness] Lane: West   | Base Score: 0.00 | Wait Cycles: 1 | Bonus: +5.00 | Adjusted: 5.00
[2026-07-24 21:30:17] [INFO] [TrafficSystem.SignalScheduler]: [Scheduler] Winner: South  | Score: 15.00 | Green: 35s | Reason: NORMAL
[2026-07-24 21:30:17] [INFO] [TrafficSystem.FairnessManager]: [Fairness Updated] Green: 'South' (Reset to 0). Waiting cycles: {'North': 1, 'South': 0, 'East': 3, 'West': 2}
[2026-07-24 21:30:17] [INFO] [TrafficSystem.SignalController]: [ESP32 Hardware Command #18] GREEN -> 'South' (35s) | Reason: NORMAL
[2026-07-24 21:30:17] [INFO] [TrafficSystem.PriorityCalculator]: [Rank #1] Lane: North  | PCE: 0.00  | Queue: 0.00  | Congestion: 0.00  | Total: 0.00
[2026-07-24 21:30:17] [INFO] [TrafficSystem.PriorityCalculator]: [Rank #2] Lane: South  | PCE: 0.00  | Queue: 0.00  | Congestion: 0.00  | Total: 0.00
[2026-07-24 21:30:17] [INFO] [TrafficSystem.PriorityCalculator]: [Rank #3] Lane: East   | PCE: 0.00  | Queue: 0.00  | Congestion: 0.00  | Total: 0.00
[2026-07-24 21:30:17] [INFO] [TrafficSystem.PriorityCalculator]: [Rank #4] Lane: West   | PCE: 0.00  | Queue: 0.00  | Congestion: 0.00  | Total: 0.00
[2026-07-24 21:30:17] [INFO] [TrafficSystem.FairnessManager]: [Fairness] Lane: East   | Base Score: 0.00 | Wait Cycles: 3 | Bonus: +15.00 | Adjusted: 15.00
[2026-07-24 21:30:17] [INFO] [TrafficSystem.FairnessManager]: [Fairness] Lane: West   | Base Score: 0.00 | Wait Cycles: 2 | Bonus: +10.00 | Adjusted: 10.00
[2026-07-24 21:30:17] [INFO] [TrafficSystem.FairnessManager]: [Fairness] Lane: North  | Base Score: 0.00 | Wait Cycles: 1 | Bonus: +5.00 | Adjusted: 5.00
[2026-07-24 21:30:17] [INFO] [TrafficSystem.SignalScheduler]: [Scheduler] Winner: East   | Score: 15.00 | Green: 35s | Reason: NORMAL
[2026-07-24 21:30:17] [INFO] [TrafficSystem.FairnessManager]: [Fairness Updated] Green: 'East' (Reset to 0). Waiting cycles: {'North': 2, 'South': 1, 'East': 0, 'West': 3}
[2026-07-24 21:30:17] [INFO] [TrafficSystem.SignalController]: [ESP32 Hardware Command #19] GREEN -> 'East' (35s) | Reason: NORMAL
[2026-07-24 21:30:17] [INFO] [TrafficSystem.PriorityCalculator]: [Rank #1] Lane: North  | PCE: 0.00  | Queue: 0.00  | Congestion: 0.00  | Total: 0.00
[2026-07-24 21:30:17] [INFO] [TrafficSystem.PriorityCalculator]: [Rank #2] Lane: South  | PCE: 0.00  | Queue: 0.00  | Congestion: 0.00  | Total: 0.00
[2026-07-24 21:30:17] [INFO] [TrafficSystem.PriorityCalculator]: [Rank #3] Lane: East   | PCE: 0.00  | Queue: 0.00  | Congestion: 0.00  | Total: 0.00
[2026-07-24 21:30:17] [INFO] [TrafficSystem.PriorityCalculator]: [Rank #4] Lane: West   | PCE: 0.00  | Queue: 0.00  | Congestion: 0.00  | Total: 0.00
[2026-07-24 21:30:17] [INFO] [TrafficSystem.FairnessManager]: [Fairness] Lane: West   | Base Score: 0.00 | Wait Cycles: 3 | Bonus: +15.00 | Adjusted: 15.00
[2026-07-24 21:30:17] [INFO] [TrafficSystem.FairnessManager]: [Fairness] Lane: North  | Base Score: 0.00 | Wait Cycles: 2 | Bonus: +10.00 | Adjusted: 10.00
[2026-07-24 21:30:17] [INFO] [TrafficSystem.FairnessManager]: [Fairness] Lane: South  | Base Score: 0.00 | Wait Cycles: 1 | Bonus: +5.00 | Adjusted: 5.00
[2026-07-24 21:30:17] [INFO] [TrafficSystem.SignalScheduler]: [Scheduler] Winner: West   | Score: 15.00 | Green: 35s | Reason: NORMAL
[2026-07-24 21:30:17] [INFO] [TrafficSystem.FairnessManager]: [Fairness Updated] Green: 'West' (Reset to 0). Waiting cycles: {'North': 3, 'South': 2, 'East': 1, 'West': 0}
[2026-07-24 21:30:17] [INFO] [TrafficSystem.SignalController]: [ESP32 Hardware Command #20] GREEN -> 'West' (35s) | Reason: NORMAL
[2026-07-24 21:30:17] [INFO] [TrafficSystem.PriorityCalculator]: [Rank #1] Lane: North  | PCE: 0.00  | Queue: 0.00  | Congestion: 0.00  | Total: 0.00
[2026-07-24 21:30:17] [INFO] [TrafficSystem.PriorityCalculator]: [Rank #2] Lane: South  | PCE: 0.00  | Queue: 0.00  | Congestion: 0.00  | Total: 0.00
[2026-07-24 21:30:17] [INFO] [TrafficSystem.PriorityCalculator]: [Rank #3] Lane: East   | PCE: 0.00  | Queue: 0.00  | Congestion: 0.00  | Total: 0.00
[2026-07-24 21:30:17] [INFO] [TrafficSystem.PriorityCalculator]: [Rank #4] Lane: West   | PCE: 0.00  | Queue: 0.00  | Congestion: 0.00  | Total: 0.00
[2026-07-24 21:30:17] [INFO] [TrafficSystem.FairnessManager]: [Fairness] Lane: North  | Base Score: 0.00 | Wait Cycles: 3 | Bonus: +15.00 | Adjusted: 15.00
[2026-07-24 21:30:17] [INFO] [TrafficSystem.FairnessManager]: [Fairness] Lane: South  | Base Score: 0.00 | Wait Cycles: 2 | Bonus: +10.00 | Adjusted: 10.00
[2026-07-24 21:30:17] [INFO] [TrafficSystem.FairnessManager]: [Fairness] Lane: East   | Base Score: 0.00 | Wait Cycles: 1 | Bonus: +5.00 | Adjusted: 5.00
[2026-07-24 21:30:17] [INFO] [TrafficSystem.SignalScheduler]: [Scheduler] Winner: North  | Score: 15.00 | Green: 35s | Reason: NORMAL
[2026-07-24 21:30:17] [INFO] [TrafficSystem.FairnessManager]: [Fairness Updated] Green: 'North' (Reset to 0). Waiting cycles: {'North': 0, 'South': 3, 'East': 2, 'West': 1}
[2026-07-24 21:30:17] [INFO] [TrafficSystem.SignalController]: [ESP32 Hardware Command #21] GREEN -> 'North' (35s) | Reason: NORMAL
[2026-07-24 21:30:17] [INFO] [TrafficSystem.PriorityCalculator]: [Rank #1] Lane: North  | PCE: 0.00  | Queue: 0.00  | Congestion: 0.00  | Total: 0.00
[2026-07-24 21:30:17] [INFO] [TrafficSystem.PriorityCalculator]: [Rank #2] Lane: South  | PCE: 0.00  | Queue: 0.00  | Congestion: 0.00  | Total: 0.00
[2026-07-24 21:30:17] [INFO] [TrafficSystem.PriorityCalculator]: [Rank #3] Lane: East   | PCE: 0.00  | Queue: 0.00  | Congestion: 0.00  | Total: 0.00
[2026-07-24 21:30:17] [INFO] [TrafficSystem.PriorityCalculator]: [Rank #4] Lane: West   | PCE: 0.00  | Queue: 0.00  | Congestion: 0.00  | Total: 0.00
[2026-07-24 21:30:17] [INFO] [TrafficSystem.FairnessManager]: [Fairness] Lane: South  | Base Score: 0.00 | Wait Cycles: 3 | Bonus: +15.00 | Adjusted: 15.00
[2026-07-24 21:30:17] [INFO] [TrafficSystem.FairnessManager]: [Fairness] Lane: East   | Base Score: 0.00 | Wait Cycles: 2 | Bonus: +10.00 | Adjusted: 10.00
[2026-07-24 21:30:17] [INFO] [TrafficSystem.FairnessManager]: [Fairness] Lane: West   | Base Score: 0.00 | Wait Cycles: 1 | Bonus: +5.00 | Adjusted: 5.00
[2026-07-24 21:30:17] [INFO] [TrafficSystem.SignalScheduler]: [Scheduler] Winner: South  | Score: 15.00 | Green: 35s | Reason: NORMAL
[2026-07-24 21:30:17] [INFO] [TrafficSystem.FairnessManager]: [Fairness Updated] Green: 'South' (Reset to 0). Waiting cycles: {'North': 1, 'South': 0, 'East': 3, 'West': 2}
[2026-07-24 21:30:17] [INFO] [TrafficSystem.SignalController]: [ESP32 Hardware Command #22] GREEN -> 'South' (35s) | Reason: NORMAL
[2026-07-24 21:30:18] [INFO] [TrafficSystem.PriorityCalculator]: [Rank #1] Lane: North  | PCE: 0.00  | Queue: 0.00  | Congestion: 0.00  | Total: 0.00
[2026-07-24 21:30:18] [INFO] [TrafficSystem.PriorityCalculator]: [Rank #2] Lane: South  | PCE: 0.00  | Queue: 0.00  | Congestion: 0.00  | Total: 0.00
[2026-07-24 21:30:18] [INFO] [TrafficSystem.PriorityCalculator]: [Rank #3] Lane: East   | PCE: 0.00  | Queue: 0.00  | Congestion: 0.00  | Total: 0.00
[2026-07-24 21:30:18] [INFO] [TrafficSystem.PriorityCalculator]: [Rank #4] Lane: West   | PCE: 0.00  | Queue: 0.00  | Congestion: 0.00  | Total: 0.00
[2026-07-24 21:30:18] [INFO] [TrafficSystem.FairnessManager]: [Fairness] Lane: East   | Base Score: 0.00 | Wait Cycles: 3 | Bonus: +15.00 | Adjusted: 15.00
[2026-07-24 21:30:18] [INFO] [TrafficSystem.FairnessManager]: [Fairness] Lane: West   | Base Score: 0.00 | Wait Cycles: 2 | Bonus: +10.00 | Adjusted: 10.00
[2026-07-24 21:30:18] [INFO] [TrafficSystem.FairnessManager]: [Fairness] Lane: North  | Base Score: 0.00 | Wait Cycles: 1 | Bonus: +5.00 | Adjusted: 5.00
[2026-07-24 21:30:18] [INFO] [TrafficSystem.SignalScheduler]: [Scheduler] Winner: East   | Score: 15.00 | Green: 35s | Reason: NORMAL
[2026-07-24 21:30:18] [INFO] [TrafficSystem.FairnessManager]: [Fairness Updated] Green: 'East' (Reset to 0). Waiting cycles: {'North': 2, 'South': 1, 'East': 0, 'West': 3}
[2026-07-24 21:30:18] [INFO] [TrafficSystem.SignalController]: [ESP32 Hardware Command #23] GREEN -> 'East' (35s) | Reason: NORMAL
[2026-07-24 21:30:18] [INFO] [TrafficSystem.PriorityCalculator]: [Rank #1] Lane: North  | PCE: 0.00  | Queue: 0.00  | Congestion: 0.00  | Total: 0.00
[2026-07-24 21:30:18] [INFO] [TrafficSystem.PriorityCalculator]: [Rank #2] Lane: South  | PCE: 0.00  | Queue: 0.00  | Congestion: 0.00  | Total: 0.00
[2026-07-24 21:30:18] [INFO] [TrafficSystem.PriorityCalculator]: [Rank #3] Lane: East   | PCE: 0.00  | Queue: 0.00  | Congestion: 0.00  | Total: 0.00
[2026-07-24 21:30:18] [INFO] [TrafficSystem.PriorityCalculator]: [Rank #4] Lane: West   | PCE: 0.00  | Queue: 0.00  | Congestion: 0.00  | Total: 0.00
[2026-07-24 21:30:18] [INFO] [TrafficSystem.FairnessManager]: [Fairness] Lane: West   | Base Score: 0.00 | Wait Cycles: 3 | Bonus: +15.00 | Adjusted: 15.00
[2026-07-24 21:30:18] [INFO] [TrafficSystem.FairnessManager]: [Fairness] Lane: North  | Base Score: 0.00 | Wait Cycles: 2 | Bonus: +10.00 | Adjusted: 10.00
[2026-07-24 21:30:18] [INFO] [TrafficSystem.FairnessManager]: [Fairness] Lane: South  | Base Score: 0.00 | Wait Cycles: 1 | Bonus: +5.00 | Adjusted: 5.00
[2026-07-24 21:30:18] [INFO] [TrafficSystem.SignalScheduler]: [Scheduler] Winner: West   | Score: 15.00 | Green: 35s | Reason: NORMAL
[2026-07-24 21:30:18] [INFO] [TrafficSystem.FairnessManager]: [Fairness Updated] Green: 'West' (Reset to 0). Waiting cycles: {'North': 3, 'South': 2, 'East': 1, 'West': 0}
[2026-07-24 21:30:18] [INFO] [TrafficSystem.SignalController]: [ESP32 Hardware Command #24] GREEN -> 'West' (35s) | Reason: NORMAL
[2026-07-24 21:30:18] [INFO] [TrafficSystem.PriorityCalculator]: [Rank #1] Lane: North  | PCE: 0.00  | Queue: 0.00  | Congestion: 0.00  | Total: 0.00
[2026-07-24 21:30:18] [INFO] [TrafficSystem.PriorityCalculator]: [Rank #2] Lane: South  | PCE: 0.00  | Queue: 0.00  | Congestion: 0.00  | Total: 0.00
[2026-07-24 21:30:18] [INFO] [TrafficSystem.PriorityCalculator]: [Rank #3] Lane: East   | PCE: 0.00  | Queue: 0.00  | Congestion: 0.00  | Total: 0.00
[2026-07-24 21:30:18] [INFO] [TrafficSystem.PriorityCalculator]: [Rank #4] Lane: West   | PCE: 0.00  | Queue: 0.00  | Congestion: 0.00  | Total: 0.00
[2026-07-24 21:30:18] [INFO] [TrafficSystem.FairnessManager]: [Fairness] Lane: North  | Base Score: 0.00 | Wait Cycles: 3 | Bonus: +15.00 | Adjusted: 15.00
[2026-07-24 21:30:18] [INFO] [TrafficSystem.FairnessManager]: [Fairness] Lane: South  | Base Score: 0.00 | Wait Cycles: 2 | Bonus: +10.00 | Adjusted: 10.00
[2026-07-24 21:30:18] [INFO] [TrafficSystem.FairnessManager]: [Fairness] Lane: East   | Base Score: 0.00 | Wait Cycles: 1 | Bonus: +5.00 | Adjusted: 5.00
[2026-07-24 21:30:18] [INFO] [TrafficSystem.SignalScheduler]: [Scheduler] Winner: North  | Score: 15.00 | Green: 35s | Reason: NORMAL
[2026-07-24 21:30:18] [INFO] [TrafficSystem.FairnessManager]: [Fairness Updated] Green: 'North' (Reset to 0). Waiting cycles: {'North': 0, 'South': 3, 'East': 2, 'West': 1}
[2026-07-24 21:30:18] [INFO] [TrafficSystem.SignalController]: [ESP32 Hardware Command #25] GREEN -> 'North' (35s) | Reason: NORMAL
[2026-07-24 21:30:18] [INFO] [TrafficSystem.PriorityCalculator]: [Rank #1] Lane: North  | PCE: 0.00  | Queue: 0.00  | Congestion: 0.00  | Total: 0.00
[2026-07-24 21:30:18] [INFO] [TrafficSystem.PriorityCalculator]: [Rank #2] Lane: South  | PCE: 0.00  | Queue: 0.00  | Congestion: 0.00  | Total: 0.00
[2026-07-24 21:30:18] [INFO] [TrafficSystem.PriorityCalculator]: [Rank #3] Lane: East   | PCE: 0.00  | Queue: 0.00  | Congestion: 0.00  | Total: 0.00
[2026-07-24 21:30:18] [INFO] [TrafficSystem.PriorityCalculator]: [Rank #4] Lane: West   | PCE: 0.00  | Queue: 0.00  | Congestion: 0.00  | Total: 0.00
[2026-07-24 21:30:18] [INFO] [TrafficSystem.FairnessManager]: [Fairness] Lane: South  | Base Score: 0.00 | Wait Cycles: 3 | Bonus: +15.00 | Adjusted: 15.00
[2026-07-24 21:30:18] [INFO] [TrafficSystem.FairnessManager]: [Fairness] Lane: East   | Base Score: 0.00 | Wait Cycles: 2 | Bonus: +10.00 | Adjusted: 10.00
[2026-07-24 21:30:18] [INFO] [TrafficSystem.FairnessManager]: [Fairness] Lane: West   | Base Score: 0.00 | Wait Cycles: 1 | Bonus: +5.00 | Adjusted: 5.00
[2026-07-24 21:30:18] [INFO] [TrafficSystem.SignalScheduler]: [Scheduler] Winner: South  | Score: 15.00 | Green: 35s | Reason: NORMAL
[2026-07-24 21:30:18] [INFO] [TrafficSystem.FairnessManager]: [Fairness Updated] Green: 'South' (Reset to 0). Waiting cycles: {'North': 1, 'South': 0, 'East': 3, 'West': 2}
[2026-07-24 21:30:18] [INFO] [TrafficSystem.SignalController]: [ESP32 Hardware Command #26] GREEN -> 'South' (35s) | Reason: NORMAL
[2026-07-24 21:30:18] [INFO] [TrafficSystem.PriorityCalculator]: [Rank #1] Lane: North  | PCE: 0.00  | Queue: 0.00  | Congestion: 0.00  | Total: 0.00
[2026-07-24 21:30:18] [INFO] [TrafficSystem.PriorityCalculator]: [Rank #2] Lane: South  | PCE: 0.00  | Queue: 0.00  | Congestion: 0.00  | Total: 0.00
[2026-07-24 21:30:18] [INFO] [TrafficSystem.PriorityCalculator]: [Rank #3] Lane: East   | PCE: 0.00  | Queue: 0.00  | Congestion: 0.00  | Total: 0.00
[2026-07-24 21:30:18] [INFO] [TrafficSystem.PriorityCalculator]: [Rank #4] Lane: West   | PCE: 0.00  | Queue: 0.00  | Congestion: 0.00  | Total: 0.00
[2026-07-24 21:30:18] [INFO] [TrafficSystem.FairnessManager]: [Fairness] Lane: East   | Base Score: 0.00 | Wait Cycles: 3 | Bonus: +15.00 | Adjusted: 15.00
[2026-07-24 21:30:18] [INFO] [TrafficSystem.FairnessManager]: [Fairness] Lane: West   | Base Score: 0.00 | Wait Cycles: 2 | Bonus: +10.00 | Adjusted: 10.00
[2026-07-24 21:30:18] [INFO] [TrafficSystem.FairnessManager]: [Fairness] Lane: North  | Base Score: 0.00 | Wait Cycles: 1 | Bonus: +5.00 | Adjusted: 5.00
[2026-07-24 21:30:18] [INFO] [TrafficSystem.SignalScheduler]: [Scheduler] Winner: East   | Score: 15.00 | Green: 35s | Reason: NORMAL
[2026-07-24 21:30:18] [INFO] [TrafficSystem.FairnessManager]: [Fairness Updated] Green: 'East' (Reset to 0). Waiting cycles: {'North': 2, 'South': 1, 'East': 0, 'West': 3}
[2026-07-24 21:30:18] [INFO] [TrafficSystem.SignalController]: [ESP32 Hardware Command #27] GREEN -> 'East' (35s) | Reason: NORMAL
[2026-07-24 21:30:18] [INFO] [TrafficSystem.PriorityCalculator]: [Rank #1] Lane: North  | PCE: 0.00  | Queue: 0.00  | Congestion: 0.00  | Total: 0.00
[2026-07-24 21:30:18] [INFO] [TrafficSystem.PriorityCalculator]: [Rank #2] Lane: South  | PCE: 0.00  | Queue: 0.00  | Congestion: 0.00  | Total: 0.00
[2026-07-24 21:30:18] [INFO] [TrafficSystem.PriorityCalculator]: [Rank #3] Lane: East   | PCE: 0.00  | Queue: 0.00  | Congestion: 0.00  | Total: 0.00
[2026-07-24 21:30:18] [INFO] [TrafficSystem.PriorityCalculator]: [Rank #4] Lane: West   | PCE: 0.00  | Queue: 0.00  | Congestion: 0.00  | Total: 0.00
[2026-07-24 21:30:18] [INFO] [TrafficSystem.FairnessManager]: [Fairness] Lane: West   | Base Score: 0.00 | Wait Cycles: 3 | Bonus: +15.00 | Adjusted: 15.00
[2026-07-24 21:30:18] [INFO] [TrafficSystem.FairnessManager]: [Fairness] Lane: North  | Base Score: 0.00 | Wait Cycles: 2 | Bonus: +10.00 | Adjusted: 10.00
[2026-07-24 21:30:18] [INFO] [TrafficSystem.FairnessManager]: [Fairness] Lane: South  | Base Score: 0.00 | Wait Cycles: 1 | Bonus: +5.00 | Adjusted: 5.00
[2026-07-24 21:30:18] [INFO] [TrafficSystem.SignalScheduler]: [Scheduler] Winner: West   | Score: 15.00 | Green: 35s | Reason: NORMAL
[2026-07-24 21:30:18] [INFO] [TrafficSystem.FairnessManager]: [Fairness Updated] Green: 'West' (Reset to 0). Waiting cycles: {'North': 3, 'South': 2, 'East': 1, 'West': 0}
[2026-07-24 21:30:18] [INFO] [TrafficSystem.SignalController]: [ESP32 Hardware Command #28] GREEN -> 'West' (35s) | Reason: NORMAL
[2026-07-24 21:30:18] [INFO] [TrafficSystem.PriorityCalculator]: [Rank #1] Lane: North  | PCE: 0.00  | Queue: 0.00  | Congestion: 0.00  | Total: 0.00
[2026-07-24 21:30:18] [INFO] [TrafficSystem.PriorityCalculator]: [Rank #2] Lane: South  | PCE: 0.00  | Queue: 0.00  | Congestion: 0.00  | Total: 0.00
[2026-07-24 21:30:18] [INFO] [TrafficSystem.PriorityCalculator]: [Rank #3] Lane: East   | PCE: 0.00  | Queue: 0.00  | Congestion: 0.00  | Total: 0.00
[2026-07-24 21:30:18] [INFO] [TrafficSystem.PriorityCalculator]: [Rank #4] Lane: West   | PCE: 0.00  | Queue: 0.00  | Congestion: 0.00  | Total: 0.00
[2026-07-24 21:30:18] [INFO] [TrafficSystem.FairnessManager]: [Fairness] Lane: North  | Base Score: 0.00 | Wait Cycles: 3 | Bonus: +15.00 | Adjusted: 15.00
[2026-07-24 21:30:18] [INFO] [TrafficSystem.FairnessManager]: [Fairness] Lane: South  | Base Score: 0.00 | Wait Cycles: 2 | Bonus: +10.00 | Adjusted: 10.00
[2026-07-24 21:30:18] [INFO] [TrafficSystem.FairnessManager]: [Fairness] Lane: East   | Base Score: 0.00 | Wait Cycles: 1 | Bonus: +5.00 | Adjusted: 5.00
[2026-07-24 21:30:18] [INFO] [TrafficSystem.SignalScheduler]: [Scheduler] Winner: North  | Score: 15.00 | Green: 35s | Reason: NORMAL
[2026-07-24 21:30:18] [INFO] [TrafficSystem.FairnessManager]: [Fairness Updated] Green: 'North' (Reset to 0). Waiting cycles: {'North': 0, 'South': 3, 'East': 2, 'West': 1}
[2026-07-24 21:30:18] [INFO] [TrafficSystem.SignalController]: [ESP32 Hardware Command #29] GREEN -> 'North' (35s) | Reason: NORMAL
[2026-07-24 21:30:18] [INFO] [TrafficSystem.PriorityCalculator]: [Rank #1] Lane: North  | PCE: 0.00  | Queue: 0.00  | Congestion: 0.00  | Total: 0.00
[2026-07-24 21:30:18] [INFO] [TrafficSystem.PriorityCalculator]: [Rank #2] Lane: South  | PCE: 0.00  | Queue: 0.00  | Congestion: 0.00  | Total: 0.00
[2026-07-24 21:30:18] [INFO] [TrafficSystem.PriorityCalculator]: [Rank #3] Lane: East   | PCE: 0.00  | Queue: 0.00  | Congestion: 0.00  | Total: 0.00
[2026-07-24 21:30:18] [INFO] [TrafficSystem.PriorityCalculator]: [Rank #4] Lane: West   | PCE: 0.00  | Queue: 0.00  | Congestion: 0.00  | Total: 0.00
[2026-07-24 21:30:18] [INFO] [TrafficSystem.FairnessManager]: [Fairness] Lane: South  | Base Score: 0.00 | Wait Cycles: 3 | Bonus: +15.00 | Adjusted: 15.00
[2026-07-24 21:30:18] [INFO] [TrafficSystem.FairnessManager]: [Fairness] Lane: East   | Base Score: 0.00 | Wait Cycles: 2 | Bonus: +10.00 | Adjusted: 10.00
[2026-07-24 21:30:18] [INFO] [TrafficSystem.FairnessManager]: [Fairness] Lane: West   | Base Score: 0.00 | Wait Cycles: 1 | Bonus: +5.00 | Adjusted: 5.00
[2026-07-24 21:30:18] [INFO] [TrafficSystem.SignalScheduler]: [Scheduler] Winner: South  | Score: 15.00 | Green: 35s | Reason: NORMAL
[2026-07-24 21:30:18] [INFO] [TrafficSystem.FairnessManager]: [Fairness Updated] Green: 'South' (Reset to 0). Waiting cycles: {'North': 1, 'South': 0, 'East': 3, 'West': 2}
[2026-07-24 21:30:18] [INFO] [TrafficSystem.SignalController]: [ESP32 Hardware Command #30] GREEN -> 'South' (35s) | Reason: NORMAL
[2026-07-24 21:30:19] [INFO] [TrafficSystem.PriorityCalculator]: [Rank #1] Lane: North  | PCE: 0.00  | Queue: 0.00  | Congestion: 0.00  | Total: 0.00
[2026-07-24 21:30:19] [INFO] [TrafficSystem.PriorityCalculator]: [Rank #2] Lane: South  | PCE: 0.00  | Queue: 0.00  | Congestion: 0.00  | Total: 0.00
[2026-07-24 21:30:19] [INFO] [TrafficSystem.PriorityCalculator]: [Rank #3] Lane: East   | PCE: 0.00  | Queue: 0.00  | Congestion: 0.00  | Total: 0.00
[2026-07-24 21:30:19] [INFO] [TrafficSystem.PriorityCalculator]: [Rank #4] Lane: West   | PCE: 0.00  | Queue: 0.00  | Congestion: 0.00  | Total: 0.00
[2026-07-24 21:30:19] [INFO] [TrafficSystem.FairnessManager]: [Fairness] Lane: East   | Base Score: 0.00 | Wait Cycles: 3 | Bonus: +15.00 | Adjusted: 15.00
[2026-07-24 21:30:19] [INFO] [TrafficSystem.FairnessManager]: [Fairness] Lane: West   | Base Score: 0.00 | Wait Cycles: 2 | Bonus: +10.00 | Adjusted: 10.00
[2026-07-24 21:30:19] [INFO] [TrafficSystem.FairnessManager]: [Fairness] Lane: North  | Base Score: 0.00 | Wait Cycles: 1 | Bonus: +5.00 | Adjusted: 5.00
[2026-07-24 21:30:19] [INFO] [TrafficSystem.SignalScheduler]: [Scheduler] Winner: East   | Score: 15.00 | Green: 35s | Reason: NORMAL
[2026-07-24 21:30:19] [INFO] [TrafficSystem.FairnessManager]: [Fairness Updated] Green: 'East' (Reset to 0). Waiting cycles: {'North': 2, 'South': 1, 'East': 0, 'West': 3}
[2026-07-24 21:30:19] [INFO] [TrafficSystem.SignalController]: [ESP32 Hardware Command #31] GREEN -> 'East' (35s) | Reason: NORMAL
[2026-07-24 21:30:19] [INFO] [TrafficSystem.PriorityCalculator]: [Rank #1] Lane: North  | PCE: 0.00  | Queue: 0.00  | Congestion: 0.00  | Total: 0.00
[2026-07-24 21:30:19] [INFO] [TrafficSystem.PriorityCalculator]: [Rank #2] Lane: South  | PCE: 0.00  | Queue: 0.00  | Congestion: 0.00  | Total: 0.00
[2026-07-24 21:30:19] [INFO] [TrafficSystem.PriorityCalculator]: [Rank #3] Lane: East   | PCE: 0.00  | Queue: 0.00  | Congestion: 0.00  | Total: 0.00
[2026-07-24 21:30:19] [INFO] [TrafficSystem.PriorityCalculator]: [Rank #4] Lane: West   | PCE: 0.00  | Queue: 0.00  | Congestion: 0.00  | Total: 0.00
[2026-07-24 21:30:19] [INFO] [TrafficSystem.FairnessManager]: [Fairness] Lane: West   | Base Score: 0.00 | Wait Cycles: 3 | Bonus: +15.00 | Adjusted: 15.00
[2026-07-24 21:30:19] [INFO] [TrafficSystem.FairnessManager]: [Fairness] Lane: North  | Base Score: 0.00 | Wait Cycles: 2 | Bonus: +10.00 | Adjusted: 10.00
[2026-07-24 21:30:19] [INFO] [TrafficSystem.FairnessManager]: [Fairness] Lane: South  | Base Score: 0.00 | Wait Cycles: 1 | Bonus: +5.00 | Adjusted: 5.00
[2026-07-24 21:30:19] [INFO] [TrafficSystem.SignalScheduler]: [Scheduler] Winner: West   | Score: 15.00 | Green: 35s | Reason: NORMAL
[2026-07-24 21:30:19] [INFO] [TrafficSystem.FairnessManager]: [Fairness Updated] Green: 'West' (Reset to 0). Waiting cycles: {'North': 3, 'South': 2, 'East': 1, 'West': 0}
[2026-07-24 21:30:19] [INFO] [TrafficSystem.SignalController]: [ESP32 Hardware Command #32] GREEN -> 'West' (35s) | Reason: NORMAL
[2026-07-24 21:30:20] [INFO] [TrafficSystem.PriorityCalculator]: [Rank #1] Lane: North  | PCE: 0.00  | Queue: 0.00  | Congestion: 0.00  | Total: 0.00
[2026-07-24 21:30:20] [INFO] [TrafficSystem.PriorityCalculator]: [Rank #2] Lane: South  | PCE: 0.00  | Queue: 0.00  | Congestion: 0.00  | Total: 0.00
[2026-07-24 21:30:20] [INFO] [TrafficSystem.PriorityCalculator]: [Rank #3] Lane: East   | PCE: 0.00  | Queue: 0.00  | Congestion: 0.00  | Total: 0.00
[2026-07-24 21:30:20] [INFO] [TrafficSystem.PriorityCalculator]: [Rank #4] Lane: West   | PCE: 0.00  | Queue: 0.00  | Congestion: 0.00  | Total: 0.00
[2026-07-24 21:30:20] [INFO] [TrafficSystem.FairnessManager]: [Fairness] Lane: North  | Base Score: 0.00 | Wait Cycles: 3 | Bonus: +15.00 | Adjusted: 15.00
[2026-07-24 21:30:20] [INFO] [TrafficSystem.FairnessManager]: [Fairness] Lane: South  | Base Score: 0.00 | Wait Cycles: 2 | Bonus: +10.00 | Adjusted: 10.00
[2026-07-24 21:30:20] [INFO] [TrafficSystem.FairnessManager]: [Fairness] Lane: East   | Base Score: 0.00 | Wait Cycles: 1 | Bonus: +5.00 | Adjusted: 5.00
[2026-07-24 21:30:20] [INFO] [TrafficSystem.SignalScheduler]: [Scheduler] Winner: North  | Score: 15.00 | Green: 35s | Reason: NORMAL
[2026-07-24 21:30:20] [INFO] [TrafficSystem.FairnessManager]: [Fairness Updated] Green: 'North' (Reset to 0). Waiting cycles: {'North': 0, 'South': 3, 'East': 2, 'West': 1}
[2026-07-24 21:30:20] [INFO] [TrafficSystem.SignalController]: [ESP32 Hardware Command #33] GREEN -> 'North' (35s) | Reason: NORMAL
[2026-07-24 21:30:20] [INFO] [TrafficSystem.PriorityCalculator]: [Rank #1] Lane: North  | PCE: 0.00  | Queue: 0.00  | Congestion: 0.00  | Total: 0.00
[2026-07-24 21:30:20] [INFO] [TrafficSystem.PriorityCalculator]: [Rank #2] Lane: South  | PCE: 0.00  | Queue: 0.00  | Congestion: 0.00  | Total: 0.00
[2026-07-24 21:30:20] [INFO] [TrafficSystem.PriorityCalculator]: [Rank #3] Lane: East   | PCE: 0.00  | Queue: 0.00  | Congestion: 0.00  | Total: 0.00
[2026-07-24 21:30:20] [INFO] [TrafficSystem.PriorityCalculator]: [Rank #4] Lane: West   | PCE: 0.00  | Queue: 0.00  | Congestion: 0.00  | Total: 0.00
[2026-07-24 21:30:20] [INFO] [TrafficSystem.FairnessManager]: [Fairness] Lane: South  | Base Score: 0.00 | Wait Cycles: 3 | Bonus: +15.00 | Adjusted: 15.00
[2026-07-24 21:30:20] [INFO] [TrafficSystem.FairnessManager]: [Fairness] Lane: East   | Base Score: 0.00 | Wait Cycles: 2 | Bonus: +10.00 | Adjusted: 10.00
[2026-07-24 21:30:20] [INFO] [TrafficSystem.FairnessManager]: [Fairness] Lane: West   | Base Score: 0.00 | Wait Cycles: 1 | Bonus: +5.00 | Adjusted: 5.00
[2026-07-24 21:30:20] [INFO] [TrafficSystem.SignalScheduler]: [Scheduler] Winner: South  | Score: 15.00 | Green: 35s | Reason: NORMAL
[2026-07-24 21:30:20] [INFO] [TrafficSystem.FairnessManager]: [Fairness Updated] Green: 'South' (Reset to 0). Waiting cycles: {'North': 1, 'South': 0, 'East': 3, 'West': 2}
[2026-07-24 21:30:20] [INFO] [TrafficSystem.SignalController]: [ESP32 Hardware Command #34] GREEN -> 'South' (35s) | Reason: NORMAL
[2026-07-24 21:30:21] [INFO] [TrafficSystem.PriorityCalculator]: [Rank #1] Lane: North  | PCE: 0.00  | Queue: 0.00  | Congestion: 0.00  | Total: 0.00
[2026-07-24 21:30:21] [INFO] [TrafficSystem.PriorityCalculator]: [Rank #2] Lane: South  | PCE: 0.00  | Queue: 0.00  | Congestion: 0.00  | Total: 0.00
[2026-07-24 21:30:21] [INFO] [TrafficSystem.PriorityCalculator]: [Rank #3] Lane: East   | PCE: 0.00  | Queue: 0.00  | Congestion: 0.00  | Total: 0.00
[2026-07-24 21:30:21] [INFO] [TrafficSystem.PriorityCalculator]: [Rank #4] Lane: West   | PCE: 0.00  | Queue: 0.00  | Congestion: 0.00  | Total: 0.00
[2026-07-24 21:30:21] [INFO] [TrafficSystem.FairnessManager]: [Fairness] Lane: East   | Base Score: 0.00 | Wait Cycles: 3 | Bonus: +15.00 | Adjusted: 15.00
[2026-07-24 21:30:21] [INFO] [TrafficSystem.FairnessManager]: [Fairness] Lane: West   | Base Score: 0.00 | Wait Cycles: 2 | Bonus: +10.00 | Adjusted: 10.00
[2026-07-24 21:30:21] [INFO] [TrafficSystem.FairnessManager]: [Fairness] Lane: North  | Base Score: 0.00 | Wait Cycles: 1 | Bonus: +5.00 | Adjusted: 5.00
[2026-07-24 21:30:21] [INFO] [TrafficSystem.SignalScheduler]: [Scheduler] Winner: East   | Score: 15.00 | Green: 35s | Reason: NORMAL
[2026-07-24 21:30:21] [INFO] [TrafficSystem.FairnessManager]: [Fairness Updated] Green: 'East' (Reset to 0). Waiting cycles: {'North': 2, 'South': 1, 'East': 0, 'West': 3}
[2026-07-24 21:30:21] [INFO] [TrafficSystem.SignalController]: [ESP32 Hardware Command #35] GREEN -> 'East' (35s) | Reason: NORMAL
[2026-07-24 21:30:21] [INFO] [TrafficSystem.PriorityCalculator]: [Rank #1] Lane: North  | PCE: 0.00  | Queue: 0.00  | Congestion: 0.00  | Total: 0.00
[2026-07-24 21:30:21] [INFO] [TrafficSystem.PriorityCalculator]: [Rank #2] Lane: South  | PCE: 0.00  | Queue: 0.00  | Congestion: 0.00  | Total: 0.00
[2026-07-24 21:30:21] [INFO] [TrafficSystem.PriorityCalculator]: [Rank #3] Lane: East   | PCE: 0.00  | Queue: 0.00  | Congestion: 0.00  | Total: 0.00
[2026-07-24 21:30:21] [INFO] [TrafficSystem.PriorityCalculator]: [Rank #4] Lane: West   | PCE: 0.00  | Queue: 0.00  | Congestion: 0.00  | Total: 0.00
[2026-07-24 21:30:21] [INFO] [TrafficSystem.FairnessManager]: [Fairness] Lane: West   | Base Score: 0.00 | Wait Cycles: 3 | Bonus: +15.00 | Adjusted: 15.00
[2026-07-24 21:30:21] [INFO] [TrafficSystem.FairnessManager]: [Fairness] Lane: North  | Base Score: 0.00 | Wait Cycles: 2 | Bonus: +10.00 | Adjusted: 10.00
[2026-07-24 21:30:21] [INFO] [TrafficSystem.FairnessManager]: [Fairness] Lane: South  | Base Score: 0.00 | Wait Cycles: 1 | Bonus: +5.00 | Adjusted: 5.00
[2026-07-24 21:30:21] [INFO] [TrafficSystem.SignalScheduler]: [Scheduler] Winner: West   | Score: 15.00 | Green: 35s | Reason: NORMAL
[2026-07-24 21:30:21] [INFO] [TrafficSystem.FairnessManager]: [Fairness Updated] Green: 'West' (Reset to 0). Waiting cycles: {'North': 3, 'South': 2, 'East': 1, 'West': 0}
[2026-07-24 21:30:21] [INFO] [TrafficSystem.SignalController]: [ESP32 Hardware Command #36] GREEN -> 'West' (35s) | Reason: NORMAL
[2026-07-24 21:30:21] [INFO] [TrafficSystem.PriorityCalculator]: [Rank #1] Lane: North  | PCE: 0.00  | Queue: 0.00  | Congestion: 0.00  | Total: 0.00
[2026-07-24 21:30:21] [INFO] [TrafficSystem.PriorityCalculator]: [Rank #2] Lane: South  | PCE: 0.00  | Queue: 0.00  | Congestion: 0.00  | Total: 0.00
[2026-07-24 21:30:21] [INFO] [TrafficSystem.PriorityCalculator]: [Rank #3] Lane: East   | PCE: 0.00  | Queue: 0.00  | Congestion: 0.00  | Total: 0.00
[2026-07-24 21:30:21] [INFO] [TrafficSystem.PriorityCalculator]: [Rank #4] Lane: West   | PCE: 0.00  | Queue: 0.00  | Congestion: 0.00  | Total: 0.00
[2026-07-24 21:30:21] [INFO] [TrafficSystem.FairnessManager]: [Fairness] Lane: North  | Base Score: 0.00 | Wait Cycles: 3 | Bonus: +15.00 | Adjusted: 15.00
[2026-07-24 21:30:21] [INFO] [TrafficSystem.FairnessManager]: [Fairness] Lane: South  | Base Score: 0.00 | Wait Cycles: 2 | Bonus: +10.00 | Adjusted: 10.00
[2026-07-24 21:30:21] [INFO] [TrafficSystem.FairnessManager]: [Fairness] Lane: East   | Base Score: 0.00 | Wait Cycles: 1 | Bonus: +5.00 | Adjusted: 5.00
[2026-07-24 21:30:21] [INFO] [TrafficSystem.SignalScheduler]: [Scheduler] Winner: North  | Score: 15.00 | Green: 35s | Reason: NORMAL
[2026-07-24 21:30:21] [INFO] [TrafficSystem.FairnessManager]: [Fairness Updated] Green: 'North' (Reset to 0). Waiting cycles: {'North': 0, 'South': 3, 'East': 2, 'West': 1}
[2026-07-24 21:30:21] [INFO] [TrafficSystem.SignalController]: [ESP32 Hardware Command #37] GREEN -> 'North' (35s) | Reason: NORMAL
[2026-07-24 21:30:21] [INFO] [TrafficSystem.PriorityCalculator]: [Rank #1] Lane: North  | PCE: 0.00  | Queue: 0.00  | Congestion: 0.00  | Total: 0.00
[2026-07-24 21:30:21] [INFO] [TrafficSystem.PriorityCalculator]: [Rank #2] Lane: South  | PCE: 0.00  | Queue: 0.00  | Congestion: 0.00  | Total: 0.00
[2026-07-24 21:30:21] [INFO] [TrafficSystem.PriorityCalculator]: [Rank #3] Lane: East   | PCE: 0.00  | Queue: 0.00  | Congestion: 0.00  | Total: 0.00
[2026-07-24 21:30:21] [INFO] [TrafficSystem.PriorityCalculator]: [Rank #4] Lane: West   | PCE: 0.00  | Queue: 0.00  | Congestion: 0.00  | Total: 0.00
[2026-07-24 21:30:21] [INFO] [TrafficSystem.FairnessManager]: [Fairness] Lane: South  | Base Score: 0.00 | Wait Cycles: 3 | Bonus: +15.00 | Adjusted: 15.00
[2026-07-24 21:30:21] [INFO] [TrafficSystem.FairnessManager]: [Fairness] Lane: East   | Base Score: 0.00 | Wait Cycles: 2 | Bonus: +10.00 | Adjusted: 10.00
[2026-07-24 21:30:21] [INFO] [TrafficSystem.FairnessManager]: [Fairness] Lane: West   | Base Score: 0.00 | Wait Cycles: 1 | Bonus: +5.00 | Adjusted: 5.00
[2026-07-24 21:30:21] [INFO] [TrafficSystem.SignalScheduler]: [Scheduler] Winner: South  | Score: 15.00 | Green: 35s | Reason: NORMAL
[2026-07-24 21:30:21] [INFO] [TrafficSystem.FairnessManager]: [Fairness Updated] Green: 'South' (Reset to 0). Waiting cycles: {'North': 1, 'South': 0, 'East': 3, 'West': 2}
[2026-07-24 21:30:21] [INFO] [TrafficSystem.SignalController]: [ESP32 Hardware Command #38] GREEN -> 'South' (35s) | Reason: NORMAL
[2026-07-24 21:30:21] [INFO] [TrafficSystem.PriorityCalculator]: [Rank #1] Lane: North  | PCE: 0.00  | Queue: 0.00  | Congestion: 0.00  | Total: 0.00
[2026-07-24 21:30:21] [INFO] [TrafficSystem.PriorityCalculator]: [Rank #2] Lane: South  | PCE: 0.00  | Queue: 0.00  | Congestion: 0.00  | Total: 0.00
[2026-07-24 21:30:21] [INFO] [TrafficSystem.PriorityCalculator]: [Rank #3] Lane: East   | PCE: 0.00  | Queue: 0.00  | Congestion: 0.00  | Total: 0.00
[2026-07-24 21:30:21] [INFO] [TrafficSystem.PriorityCalculator]: [Rank #4] Lane: West   | PCE: 0.00  | Queue: 0.00  | Congestion: 0.00  | Total: 0.00
[2026-07-24 21:30:21] [INFO] [TrafficSystem.FairnessManager]: [Fairness] Lane: East   | Base Score: 0.00 | Wait Cycles: 3 | Bonus: +15.00 | Adjusted: 15.00
[2026-07-24 21:30:21] [INFO] [TrafficSystem.FairnessManager]: [Fairness] Lane: West   | Base Score: 0.00 | Wait Cycles: 2 | Bonus: +10.00 | Adjusted: 10.00
[2026-07-24 21:30:21] [INFO] [TrafficSystem.FairnessManager]: [Fairness] Lane: North  | Base Score: 0.00 | Wait Cycles: 1 | Bonus: +5.00 | Adjusted: 5.00
[2026-07-24 21:30:21] [INFO] [TrafficSystem.SignalScheduler]: [Scheduler] Winner: East   | Score: 15.00 | Green: 35s | Reason: NORMAL
[2026-07-24 21:30:21] [INFO] [TrafficSystem.FairnessManager]: [Fairness Updated] Green: 'East' (Reset to 0). Waiting cycles: {'North': 2, 'South': 1, 'East': 0, 'West': 3}
[2026-07-24 21:30:21] [INFO] [TrafficSystem.SignalController]: [ESP32 Hardware Command #39] GREEN -> 'East' (35s) | Reason: NORMAL
[2026-07-24 21:30:21] [INFO] [TrafficSystem.PriorityCalculator]: [Rank #1] Lane: North  | PCE: 0.00  | Queue: 0.00  | Congestion: 0.00  | Total: 0.00
[2026-07-24 21:30:21] [INFO] [TrafficSystem.PriorityCalculator]: [Rank #2] Lane: South  | PCE: 0.00  | Queue: 0.00  | Congestion: 0.00  | Total: 0.00
[2026-07-24 21:30:21] [INFO] [TrafficSystem.PriorityCalculator]: [Rank #3] Lane: East   | PCE: 0.00  | Queue: 0.00  | Congestion: 0.00  | Total: 0.00
[2026-07-24 21:30:21] [INFO] [TrafficSystem.PriorityCalculator]: [Rank #4] Lane: West   | PCE: 0.00  | Queue: 0.00  | Congestion: 0.00  | Total: 0.00
[2026-07-24 21:30:21] [INFO] [TrafficSystem.FairnessManager]: [Fairness] Lane: West   | Base Score: 0.00 | Wait Cycles: 3 | Bonus: +15.00 | Adjusted: 15.00
[2026-07-24 21:30:21] [INFO] [TrafficSystem.FairnessManager]: [Fairness] Lane: North  | Base Score: 0.00 | Wait Cycles: 2 | Bonus: +10.00 | Adjusted: 10.00
[2026-07-24 21:30:21] [INFO] [TrafficSystem.FairnessManager]: [Fairness] Lane: South  | Base Score: 0.00 | Wait Cycles: 1 | Bonus: +5.00 | Adjusted: 5.00
[2026-07-24 21:30:21] [INFO] [TrafficSystem.SignalScheduler]: [Scheduler] Winner: West   | Score: 15.00 | Green: 35s | Reason: NORMAL
[2026-07-24 21:30:21] [INFO] [TrafficSystem.FairnessManager]: [Fairness Updated] Green: 'West' (Reset to 0). Waiting cycles: {'North': 3, 'South': 2, 'East': 1, 'West': 0}
[2026-07-24 21:30:21] [INFO] [TrafficSystem.SignalController]: [ESP32 Hardware Command #40] GREEN -> 'West' (35s) | Reason: NORMAL
[2026-07-24 21:30:21] [INFO] [TrafficSystem.PriorityCalculator]: [Rank #1] Lane: North  | PCE: 0.00  | Queue: 0.00  | Congestion: 0.00  | Total: 0.00
[2026-07-24 21:30:21] [INFO] [TrafficSystem.PriorityCalculator]: [Rank #2] Lane: South  | PCE: 0.00  | Queue: 0.00  | Congestion: 0.00  | Total: 0.00
[2026-07-24 21:30:21] [INFO] [TrafficSystem.PriorityCalculator]: [Rank #3] Lane: East   | PCE: 0.00  | Queue: 0.00  | Congestion: 0.00  | Total: 0.00
[2026-07-24 21:30:21] [INFO] [TrafficSystem.PriorityCalculator]: [Rank #4] Lane: West   | PCE: 0.00  | Queue: 0.00  | Congestion: 0.00  | Total: 0.00
[2026-07-24 21:30:21] [INFO] [TrafficSystem.FairnessManager]: [Fairness] Lane: North  | Base Score: 0.00 | Wait Cycles: 3 | Bonus: +15.00 | Adjusted: 15.00
[2026-07-24 21:30:21] [INFO] [TrafficSystem.FairnessManager]: [Fairness] Lane: South  | Base Score: 0.00 | Wait Cycles: 2 | Bonus: +10.00 | Adjusted: 10.00
[2026-07-24 21:30:21] [INFO] [TrafficSystem.FairnessManager]: [Fairness] Lane: East   | Base Score: 0.00 | Wait Cycles: 1 | Bonus: +5.00 | Adjusted: 5.00
[2026-07-24 21:30:21] [INFO] [TrafficSystem.SignalScheduler]: [Scheduler] Winner: North  | Score: 15.00 | Green: 35s | Reason: NORMAL
[2026-07-24 21:30:21] [INFO] [TrafficSystem.FairnessManager]: [Fairness Updated] Green: 'North' (Reset to 0). Waiting cycles: {'North': 0, 'South': 3, 'East': 2, 'West': 1}
[2026-07-24 21:30:21] [INFO] [TrafficSystem.SignalController]: [ESP32 Hardware Command #41] GREEN -> 'North' (35s) | Reason: NORMAL
[2026-07-24 21:30:21] [INFO] [TrafficSystem.PriorityCalculator]: [Rank #1] Lane: North  | PCE: 0.00  | Queue: 0.00  | Congestion: 0.00  | Total: 0.00
[2026-07-24 21:30:21] [INFO] [TrafficSystem.PriorityCalculator]: [Rank #2] Lane: South  | PCE: 0.00  | Queue: 0.00  | Congestion: 0.00  | Total: 0.00
[2026-07-24 21:30:21] [INFO] [TrafficSystem.PriorityCalculator]: [Rank #3] Lane: East   | PCE: 0.00  | Queue: 0.00  | Congestion: 0.00  | Total: 0.00
[2026-07-24 21:30:21] [INFO] [TrafficSystem.PriorityCalculator]: [Rank #4] Lane: West   | PCE: 0.00  | Queue: 0.00  | Congestion: 0.00  | Total: 0.00
[2026-07-24 21:30:21] [INFO] [TrafficSystem.FairnessManager]: [Fairness] Lane: South  | Base Score: 0.00 | Wait Cycles: 3 | Bonus: +15.00 | Adjusted: 15.00
[2026-07-24 21:30:21] [INFO] [TrafficSystem.FairnessManager]: [Fairness] Lane: East   | Base Score: 0.00 | Wait Cycles: 2 | Bonus: +10.00 | Adjusted: 10.00
[2026-07-24 21:30:21] [INFO] [TrafficSystem.FairnessManager]: [Fairness] Lane: West   | Base Score: 0.00 | Wait Cycles: 1 | Bonus: +5.00 | Adjusted: 5.00
[2026-07-24 21:30:21] [INFO] [TrafficSystem.SignalScheduler]: [Scheduler] Winner: South  | Score: 15.00 | Green: 35s | Reason: NORMAL
[2026-07-24 21:30:21] [INFO] [TrafficSystem.FairnessManager]: [Fairness Updated] Green: 'South' (Reset to 0). Waiting cycles: {'North': 1, 'South': 0, 'East': 3, 'West': 2}
[2026-07-24 21:30:21] [INFO] [TrafficSystem.SignalController]: [ESP32 Hardware Command #42] GREEN -> 'South' (35s) | Reason: NORMAL
[2026-07-24 21:30:21] [INFO] [TrafficSystem.PriorityCalculator]: [Rank #1] Lane: North  | PCE: 0.00  | Queue: 0.00  | Congestion: 0.00  | Total: 0.00
[2026-07-24 21:30:21] [INFO] [TrafficSystem.PriorityCalculator]: [Rank #2] Lane: South  | PCE: 0.00  | Queue: 0.00  | Congestion: 0.00  | Total: 0.00
[2026-07-24 21:30:21] [INFO] [TrafficSystem.PriorityCalculator]: [Rank #3] Lane: East   | PCE: 0.00  | Queue: 0.00  | Congestion: 0.00  | Total: 0.00
[2026-07-24 21:30:21] [INFO] [TrafficSystem.PriorityCalculator]: [Rank #4] Lane: West   | PCE: 0.00  | Queue: 0.00  | Congestion: 0.00  | Total: 0.00
[2026-07-24 21:30:21] [INFO] [TrafficSystem.FairnessManager]: [Fairness] Lane: East   | Base Score: 0.00 | Wait Cycles: 3 | Bonus: +15.00 | Adjusted: 15.00
[2026-07-24 21:30:21] [INFO] [TrafficSystem.FairnessManager]: [Fairness] Lane: West   | Base Score: 0.00 | Wait Cycles: 2 | Bonus: +10.00 | Adjusted: 10.00
[2026-07-24 21:30:21] [INFO] [TrafficSystem.FairnessManager]: [Fairness] Lane: North  | Base Score: 0.00 | Wait Cycles: 1 | Bonus: +5.00 | Adjusted: 5.00
[2026-07-24 21:30:21] [INFO] [TrafficSystem.SignalScheduler]: [Scheduler] Winner: East   | Score: 15.00 | Green: 35s | Reason: NORMAL
[2026-07-24 21:30:21] [INFO] [TrafficSystem.FairnessManager]: [Fairness Updated] Green: 'East' (Reset to 0). Waiting cycles: {'North': 2, 'South': 1, 'East': 0, 'West': 3}
[2026-07-24 21:30:21] [INFO] [TrafficSystem.SignalController]: [ESP32 Hardware Command #43] GREEN -> 'East' (35s) | Reason: NORMAL
[2026-07-24 21:30:21] [INFO] [TrafficSystem.PriorityCalculator]: [Rank #1] Lane: North  | PCE: 0.00  | Queue: 0.00  | Congestion: 0.00  | Total: 0.00
[2026-07-24 21:30:21] [INFO] [TrafficSystem.PriorityCalculator]: [Rank #2] Lane: South  | PCE: 0.00  | Queue: 0.00  | Congestion: 0.00  | Total: 0.00
[2026-07-24 21:30:21] [INFO] [TrafficSystem.PriorityCalculator]: [Rank #3] Lane: East   | PCE: 0.00  | Queue: 0.00  | Congestion: 0.00  | Total: 0.00
[2026-07-24 21:30:21] [INFO] [TrafficSystem.PriorityCalculator]: [Rank #4] Lane: West   | PCE: 0.00  | Queue: 0.00  | Congestion: 0.00  | Total: 0.00
[2026-07-24 21:30:21] [INFO] [TrafficSystem.FairnessManager]: [Fairness] Lane: West   | Base Score: 0.00 | Wait Cycles: 3 | Bonus: +15.00 | Adjusted: 15.00
[2026-07-24 21:30:21] [INFO] [TrafficSystem.FairnessManager]: [Fairness] Lane: North  | Base Score: 0.00 | Wait Cycles: 2 | Bonus: +10.00 | Adjusted: 10.00
[2026-07-24 21:30:21] [INFO] [TrafficSystem.FairnessManager]: [Fairness] Lane: South  | Base Score: 0.00 | Wait Cycles: 1 | Bonus: +5.00 | Adjusted: 5.00
[2026-07-24 21:30:21] [INFO] [TrafficSystem.SignalScheduler]: [Scheduler] Winner: West   | Score: 15.00 | Green: 35s | Reason: NORMAL
[2026-07-24 21:30:21] [INFO] [TrafficSystem.FairnessManager]: [Fairness Updated] Green: 'West' (Reset to 0). Waiting cycles: {'North': 3, 'South': 2, 'East': 1, 'West': 0}
[2026-07-24 21:30:21] [INFO] [TrafficSystem.SignalController]: [ESP32 Hardware Command #44] GREEN -> 'West' (35s) | Reason: NORMAL
[2026-07-24 21:30:21] [INFO] [TrafficSystem.PriorityCalculator]: [Rank #1] Lane: North  | PCE: 0.00  | Queue: 0.00  | Congestion: 0.00  | Total: 0.00
[2026-07-24 21:30:21] [INFO] [TrafficSystem.PriorityCalculator]: [Rank #2] Lane: South  | PCE: 0.00  | Queue: 0.00  | Congestion: 0.00  | Total: 0.00
[2026-07-24 21:30:21] [INFO] [TrafficSystem.PriorityCalculator]: [Rank #3] Lane: East   | PCE: 0.00  | Queue: 0.00  | Congestion: 0.00  | Total: 0.00
[2026-07-24 21:30:21] [INFO] [TrafficSystem.PriorityCalculator]: [Rank #4] Lane: West   | PCE: 0.00  | Queue: 0.00  | Congestion: 0.00  | Total: 0.00
[2026-07-24 21:30:21] [INFO] [TrafficSystem.FairnessManager]: [Fairness] Lane: North  | Base Score: 0.00 | Wait Cycles: 3 | Bonus: +15.00 | Adjusted: 15.00
[2026-07-24 21:30:21] [INFO] [TrafficSystem.FairnessManager]: [Fairness] Lane: South  | Base Score: 0.00 | Wait Cycles: 2 | Bonus: +10.00 | Adjusted: 10.00
[2026-07-24 21:30:21] [INFO] [TrafficSystem.FairnessManager]: [Fairness] Lane: East   | Base Score: 0.00 | Wait Cycles: 1 | Bonus: +5.00 | Adjusted: 5.00
[2026-07-24 21:30:21] [INFO] [TrafficSystem.SignalScheduler]: [Scheduler] Winner: North  | Score: 15.00 | Green: 35s | Reason: NORMAL
[2026-07-24 21:30:21] [INFO] [TrafficSystem.FairnessManager]: [Fairness Updated] Green: 'North' (Reset to 0). Waiting cycles: {'North': 0, 'South': 3, 'East': 2, 'West': 1}
[2026-07-24 21:30:21] [INFO] [TrafficSystem.SignalController]: [ESP32 Hardware Command #45] GREEN -> 'North' (35s) | Reason: NORMAL
[2026-07-24 21:30:22] [INFO] [TrafficSystem.PriorityCalculator]: [Rank #1] Lane: North  | PCE: 0.00  | Queue: 0.00  | Congestion: 0.00  | Total: 0.00
[2026-07-24 21:30:22] [INFO] [TrafficSystem.PriorityCalculator]: [Rank #2] Lane: South  | PCE: 0.00  | Queue: 0.00  | Congestion: 0.00  | Total: 0.00
[2026-07-24 21:30:22] [INFO] [TrafficSystem.PriorityCalculator]: [Rank #3] Lane: East   | PCE: 0.00  | Queue: 0.00  | Congestion: 0.00  | Total: 0.00
[2026-07-24 21:30:22] [INFO] [TrafficSystem.PriorityCalculator]: [Rank #4] Lane: West   | PCE: 0.00  | Queue: 0.00  | Congestion: 0.00  | Total: 0.00
[2026-07-24 21:30:22] [INFO] [TrafficSystem.FairnessManager]: [Fairness] Lane: South  | Base Score: 0.00 | Wait Cycles: 3 | Bonus: +15.00 | Adjusted: 15.00
[2026-07-24 21:30:22] [INFO] [TrafficSystem.FairnessManager]: [Fairness] Lane: East   | Base Score: 0.00 | Wait Cycles: 2 | Bonus: +10.00 | Adjusted: 10.00
[2026-07-24 21:30:22] [INFO] [TrafficSystem.FairnessManager]: [Fairness] Lane: West   | Base Score: 0.00 | Wait Cycles: 1 | Bonus: +5.00 | Adjusted: 5.00
[2026-07-24 21:30:22] [INFO] [TrafficSystem.SignalScheduler]: [Scheduler] Winner: South  | Score: 15.00 | Green: 35s | Reason: NORMAL
[2026-07-24 21:30:22] [INFO] [TrafficSystem.FairnessManager]: [Fairness Updated] Green: 'South' (Reset to 0). Waiting cycles: {'North': 1, 'South': 0, 'East': 3, 'West': 2}
[2026-07-24 21:30:22] [INFO] [TrafficSystem.SignalController]: [ESP32 Hardware Command #46] GREEN -> 'South' (35s) | Reason: NORMAL
[2026-07-24 21:30:22] [INFO] [TrafficSystem.PriorityCalculator]: [Rank #1] Lane: North  | PCE: 0.00  | Queue: 0.00  | Congestion: 0.00  | Total: 0.00
[2026-07-24 21:30:22] [INFO] [TrafficSystem.PriorityCalculator]: [Rank #2] Lane: South  | PCE: 0.00  | Queue: 0.00  | Congestion: 0.00  | Total: 0.00
[2026-07-24 21:30:22] [INFO] [TrafficSystem.PriorityCalculator]: [Rank #3] Lane: East   | PCE: 0.00  | Queue: 0.00  | Congestion: 0.00  | Total: 0.00
[2026-07-24 21:30:22] [INFO] [TrafficSystem.PriorityCalculator]: [Rank #4] Lane: West   | PCE: 0.00  | Queue: 0.00  | Congestion: 0.00  | Total: 0.00
[2026-07-24 21:30:22] [INFO] [TrafficSystem.FairnessManager]: [Fairness] Lane: East   | Base Score: 0.00 | Wait Cycles: 3 | Bonus: +15.00 | Adjusted: 15.00
[2026-07-24 21:30:22] [INFO] [TrafficSystem.FairnessManager]: [Fairness] Lane: West   | Base Score: 0.00 | Wait Cycles: 2 | Bonus: +10.00 | Adjusted: 10.00
[2026-07-24 21:30:22] [INFO] [TrafficSystem.FairnessManager]: [Fairness] Lane: North  | Base Score: 0.00 | Wait Cycles: 1 | Bonus: +5.00 | Adjusted: 5.00
[2026-07-24 21:30:22] [INFO] [TrafficSystem.SignalScheduler]: [Scheduler] Winner: East   | Score: 15.00 | Green: 35s | Reason: NORMAL
[2026-07-24 21:30:22] [INFO] [TrafficSystem.FairnessManager]: [Fairness Updated] Green: 'East' (Reset to 0). Waiting cycles: {'North': 2, 'South': 1, 'East': 0, 'West': 3}
[2026-07-24 21:30:22] [INFO] [TrafficSystem.SignalController]: [ESP32 Hardware Command #47] GREEN -> 'East' (35s) | Reason: NORMAL
[2026-07-24 21:30:22] [INFO] [TrafficSystem.PriorityCalculator]: [Rank #1] Lane: North  | PCE: 0.00  | Queue: 0.00  | Congestion: 0.00  | Total: 0.00
[2026-07-24 21:30:22] [INFO] [TrafficSystem.PriorityCalculator]: [Rank #2] Lane: South  | PCE: 0.00  | Queue: 0.00  | Congestion: 0.00  | Total: 0.00
[2026-07-24 21:30:22] [INFO] [TrafficSystem.PriorityCalculator]: [Rank #3] Lane: East   | PCE: 0.00  | Queue: 0.00  | Congestion: 0.00  | Total: 0.00
[2026-07-24 21:30:22] [INFO] [TrafficSystem.PriorityCalculator]: [Rank #4] Lane: West   | PCE: 0.00  | Queue: 0.00  | Congestion: 0.00  | Total: 0.00
[2026-07-24 21:30:22] [INFO] [TrafficSystem.FairnessManager]: [Fairness] Lane: West   | Base Score: 0.00 | Wait Cycles: 3 | Bonus: +15.00 | Adjusted: 15.00
[2026-07-24 21:30:22] [INFO] [TrafficSystem.FairnessManager]: [Fairness] Lane: North  | Base Score: 0.00 | Wait Cycles: 2 | Bonus: +10.00 | Adjusted: 10.00
[2026-07-24 21:30:22] [INFO] [TrafficSystem.FairnessManager]: [Fairness] Lane: South  | Base Score: 0.00 | Wait Cycles: 1 | Bonus: +5.00 | Adjusted: 5.00
[2026-07-24 21:30:22] [INFO] [TrafficSystem.SignalScheduler]: [Scheduler] Winner: West   | Score: 15.00 | Green: 35s | Reason: NORMAL
[2026-07-24 21:30:22] [INFO] [TrafficSystem.FairnessManager]: [Fairness Updated] Green: 'West' (Reset to 0). Waiting cycles: {'North': 3, 'South': 2, 'East': 1, 'West': 0}
[2026-07-24 21:30:22] [INFO] [TrafficSystem.SignalController]: [ESP32 Hardware Command #48] GREEN -> 'West' (35s) | Reason: NORMAL
[2026-07-24 21:30:22] [INFO] [TrafficSystem.PriorityCalculator]: [Rank #1] Lane: North  | PCE: 0.00  | Queue: 0.00  | Congestion: 0.00  | Total: 0.00
[2026-07-24 21:30:22] [INFO] [TrafficSystem.PriorityCalculator]: [Rank #2] Lane: South  | PCE: 0.00  | Queue: 0.00  | Congestion: 0.00  | Total: 0.00
[2026-07-24 21:30:22] [INFO] [TrafficSystem.PriorityCalculator]: [Rank #3] Lane: East   | PCE: 0.00  | Queue: 0.00  | Congestion: 0.00  | Total: 0.00
[2026-07-24 21:30:22] [INFO] [TrafficSystem.PriorityCalculator]: [Rank #4] Lane: West   | PCE: 0.00  | Queue: 0.00  | Congestion: 0.00  | Total: 0.00
[2026-07-24 21:30:22] [INFO] [TrafficSystem.FairnessManager]: [Fairness] Lane: North  | Base Score: 0.00 | Wait Cycles: 3 | Bonus: +15.00 | Adjusted: 15.00
[2026-07-24 21:30:22] [INFO] [TrafficSystem.FairnessManager]: [Fairness] Lane: South  | Base Score: 0.00 | Wait Cycles: 2 | Bonus: +10.00 | Adjusted: 10.00
[2026-07-24 21:30:22] [INFO] [TrafficSystem.FairnessManager]: [Fairness] Lane: East   | Base Score: 0.00 | Wait Cycles: 1 | Bonus: +5.00 | Adjusted: 5.00
[2026-07-24 21:30:22] [INFO] [TrafficSystem.SignalScheduler]: [Scheduler] Winner: North  | Score: 15.00 | Green: 35s | Reason: NORMAL
[2026-07-24 21:30:22] [INFO] [TrafficSystem.FairnessManager]: [Fairness Updated] Green: 'North' (Reset to 0). Waiting cycles: {'North': 0, 'South': 3, 'East': 2, 'West': 1}
[2026-07-24 21:30:22] [INFO] [TrafficSystem.SignalController]: [ESP32 Hardware Command #49] GREEN -> 'North' (35s) | Reason: NORMAL
[2026-07-24 21:30:22] [INFO] [TrafficSystem.PriorityCalculator]: [Rank #1] Lane: North  | PCE: 0.00  | Queue: 0.00  | Congestion: 0.00  | Total: 0.00
[2026-07-24 21:30:22] [INFO] [TrafficSystem.PriorityCalculator]: [Rank #2] Lane: South  | PCE: 0.00  | Queue: 0.00  | Congestion: 0.00  | Total: 0.00
[2026-07-24 21:30:22] [INFO] [TrafficSystem.PriorityCalculator]: [Rank #3] Lane: East   | PCE: 0.00  | Queue: 0.00  | Congestion: 0.00  | Total: 0.00
[2026-07-24 21:30:22] [INFO] [TrafficSystem.PriorityCalculator]: [Rank #4] Lane: West   | PCE: 0.00  | Queue: 0.00  | Congestion: 0.00  | Total: 0.00
[2026-07-24 21:30:22] [INFO] [TrafficSystem.FairnessManager]: [Fairness] Lane: South  | Base Score: 0.00 | Wait Cycles: 3 | Bonus: +15.00 | Adjusted: 15.00
[2026-07-24 21:30:22] [INFO] [TrafficSystem.FairnessManager]: [Fairness] Lane: East   | Base Score: 0.00 | Wait Cycles: 2 | Bonus: +10.00 | Adjusted: 10.00
[2026-07-24 21:30:22] [INFO] [TrafficSystem.FairnessManager]: [Fairness] Lane: West   | Base Score: 0.00 | Wait Cycles: 1 | Bonus: +5.00 | Adjusted: 5.00
[2026-07-24 21:30:22] [INFO] [TrafficSystem.SignalScheduler]: [Scheduler] Winner: South  | Score: 15.00 | Green: 35s | Reason: NORMAL
[2026-07-24 21:30:22] [INFO] [TrafficSystem.FairnessManager]: [Fairness Updated] Green: 'South' (Reset to 0). Waiting cycles: {'North': 1, 'South': 0, 'East': 3, 'West': 2}
[2026-07-24 21:30:22] [INFO] [TrafficSystem.SignalController]: [ESP32 Hardware Command #50] GREEN -> 'South' (35s) | Reason: NORMAL
[2026-07-24 21:30:22] [INFO] [TrafficSystem.PriorityCalculator]: [Rank #1] Lane: North  | PCE: 0.00  | Queue: 0.00  | Congestion: 0.00  | Total: 0.00
[2026-07-24 21:30:22] [INFO] [TrafficSystem.PriorityCalculator]: [Rank #2] Lane: South  | PCE: 0.00  | Queue: 0.00  | Congestion: 0.00  | Total: 0.00
[2026-07-24 21:30:22] [INFO] [TrafficSystem.PriorityCalculator]: [Rank #3] Lane: East   | PCE: 0.00  | Queue: 0.00  | Congestion: 0.00  | Total: 0.00
[2026-07-24 21:30:22] [INFO] [TrafficSystem.PriorityCalculator]: [Rank #4] Lane: West   | PCE: 0.00  | Queue: 0.00  | Congestion: 0.00  | Total: 0.00
[2026-07-24 21:30:22] [INFO] [TrafficSystem.FairnessManager]: [Fairness] Lane: East   | Base Score: 0.00 | Wait Cycles: 3 | Bonus: +15.00 | Adjusted: 15.00
[2026-07-24 21:30:22] [INFO] [TrafficSystem.FairnessManager]: [Fairness] Lane: West   | Base Score: 0.00 | Wait Cycles: 2 | Bonus: +10.00 | Adjusted: 10.00
[2026-07-24 21:30:22] [INFO] [TrafficSystem.FairnessManager]: [Fairness] Lane: North  | Base Score: 0.00 | Wait Cycles: 1 | Bonus: +5.00 | Adjusted: 5.00
[2026-07-24 21:30:22] [INFO] [TrafficSystem.SignalScheduler]: [Scheduler] Winner: East   | Score: 15.00 | Green: 35s | Reason: NORMAL
[2026-07-24 21:30:22] [INFO] [TrafficSystem.FairnessManager]: [Fairness Updated] Green: 'East' (Reset to 0). Waiting cycles: {'North': 2, 'South': 1, 'East': 0, 'West': 3}
[2026-07-24 21:30:22] [INFO] [TrafficSystem.SignalController]: [ESP32 Hardware Command #51] GREEN -> 'East' (35s) | Reason: NORMAL
[2026-07-24 21:30:22] [INFO] [TrafficSystem.PriorityCalculator]: [Rank #1] Lane: North  | PCE: 0.00  | Queue: 0.00  | Congestion: 0.00  | Total: 0.00
[2026-07-24 21:30:22] [INFO] [TrafficSystem.PriorityCalculator]: [Rank #2] Lane: South  | PCE: 0.00  | Queue: 0.00  | Congestion: 0.00  | Total: 0.00
[2026-07-24 21:30:22] [INFO] [TrafficSystem.PriorityCalculator]: [Rank #3] Lane: East   | PCE: 0.00  | Queue: 0.00  | Congestion: 0.00  | Total: 0.00
[2026-07-24 21:30:22] [INFO] [TrafficSystem.PriorityCalculator]: [Rank #4] Lane: West   | PCE: 0.00  | Queue: 0.00  | Congestion: 0.00  | Total: 0.00
[2026-07-24 21:30:22] [INFO] [TrafficSystem.FairnessManager]: [Fairness] Lane: West   | Base Score: 0.00 | Wait Cycles: 3 | Bonus: +15.00 | Adjusted: 15.00
[2026-07-24 21:30:22] [INFO] [TrafficSystem.FairnessManager]: [Fairness] Lane: North  | Base Score: 0.00 | Wait Cycles: 2 | Bonus: +10.00 | Adjusted: 10.00
[2026-07-24 21:30:22] [INFO] [TrafficSystem.FairnessManager]: [Fairness] Lane: South  | Base Score: 0.00 | Wait Cycles: 1 | Bonus: +5.00 | Adjusted: 5.00
[2026-07-24 21:30:22] [INFO] [TrafficSystem.SignalScheduler]: [Scheduler] Winner: West   | Score: 15.00 | Green: 35s | Reason: NORMAL
[2026-07-24 21:30:22] [INFO] [TrafficSystem.FairnessManager]: [Fairness Updated] Green: 'West' (Reset to 0). Waiting cycles: {'North': 3, 'South': 2, 'East': 1, 'West': 0}
[2026-07-24 21:30:22] [INFO] [TrafficSystem.SignalController]: [ESP32 Hardware Command #52] GREEN -> 'West' (35s) | Reason: NORMAL
[2026-07-24 21:30:22] [INFO] [TrafficSystem.PriorityCalculator]: [Rank #1] Lane: North  | PCE: 0.00  | Queue: 0.00  | Congestion: 0.00  | Total: 0.00
[2026-07-24 21:30:22] [INFO] [TrafficSystem.PriorityCalculator]: [Rank #2] Lane: South  | PCE: 0.00  | Queue: 0.00  | Congestion: 0.00  | Total: 0.00
[2026-07-24 21:30:22] [INFO] [TrafficSystem.PriorityCalculator]: [Rank #3] Lane: East   | PCE: 0.00  | Queue: 0.00  | Congestion: 0.00  | Total: 0.00
[2026-07-24 21:30:22] [INFO] [TrafficSystem.PriorityCalculator]: [Rank #4] Lane: West   | PCE: 0.00  | Queue: 0.00  | Congestion: 0.00  | Total: 0.00
[2026-07-24 21:30:22] [INFO] [TrafficSystem.FairnessManager]: [Fairness] Lane: North  | Base Score: 0.00 | Wait Cycles: 3 | Bonus: +15.00 | Adjusted: 15.00
[2026-07-24 21:30:22] [INFO] [TrafficSystem.FairnessManager]: [Fairness] Lane: South  | Base Score: 0.00 | Wait Cycles: 2 | Bonus: +10.00 | Adjusted: 10.00
[2026-07-24 21:30:22] [INFO] [TrafficSystem.FairnessManager]: [Fairness] Lane: East   | Base Score: 0.00 | Wait Cycles: 1 | Bonus: +5.00 | Adjusted: 5.00
[2026-07-24 21:30:22] [INFO] [TrafficSystem.SignalScheduler]: [Scheduler] Winner: North  | Score: 15.00 | Green: 35s | Reason: NORMAL
[2026-07-24 21:30:22] [INFO] [TrafficSystem.FairnessManager]: [Fairness Updated] Green: 'North' (Reset to 0). Waiting cycles: {'North': 0, 'South': 3, 'East': 2, 'West': 1}
[2026-07-24 21:30:22] [INFO] [TrafficSystem.SignalController]: [ESP32 Hardware Command #53] GREEN -> 'North' (35s) | Reason: NORMAL
[2026-07-24 21:30:23] [INFO] [TrafficSystem.PriorityCalculator]: [Rank #1] Lane: North  | PCE: 0.00  | Queue: 0.00  | Congestion: 0.00  | Total: 0.00
[2026-07-24 21:30:23] [INFO] [TrafficSystem.PriorityCalculator]: [Rank #2] Lane: South  | PCE: 0.00  | Queue: 0.00  | Congestion: 0.00  | Total: 0.00
[2026-07-24 21:30:23] [INFO] [TrafficSystem.PriorityCalculator]: [Rank #3] Lane: East   | PCE: 0.00  | Queue: 0.00  | Congestion: 0.00  | Total: 0.00
[2026-07-24 21:30:23] [INFO] [TrafficSystem.PriorityCalculator]: [Rank #4] Lane: West   | PCE: 0.00  | Queue: 0.00  | Congestion: 0.00  | Total: 0.00
[2026-07-24 21:30:23] [INFO] [TrafficSystem.FairnessManager]: [Fairness] Lane: South  | Base Score: 0.00 | Wait Cycles: 3 | Bonus: +15.00 | Adjusted: 15.00
[2026-07-24 21:30:23] [INFO] [TrafficSystem.FairnessManager]: [Fairness] Lane: East   | Base Score: 0.00 | Wait Cycles: 2 | Bonus: +10.00 | Adjusted: 10.00
[2026-07-24 21:30:23] [INFO] [TrafficSystem.FairnessManager]: [Fairness] Lane: West   | Base Score: 0.00 | Wait Cycles: 1 | Bonus: +5.00 | Adjusted: 5.00
[2026-07-24 21:30:23] [INFO] [TrafficSystem.SignalScheduler]: [Scheduler] Winner: South  | Score: 15.00 | Green: 35s | Reason: NORMAL
[2026-07-24 21:30:23] [INFO] [TrafficSystem.FairnessManager]: [Fairness Updated] Green: 'South' (Reset to 0). Waiting cycles: {'North': 1, 'South': 0, 'East': 3, 'West': 2}
[2026-07-24 21:30:23] [INFO] [TrafficSystem.SignalController]: [ESP32 Hardware Command #54] GREEN -> 'South' (35s) | Reason: NORMAL
[2026-07-24 21:30:23] [INFO] [TrafficSystem.PriorityCalculator]: [Rank #1] Lane: North  | PCE: 0.00  | Queue: 0.00  | Congestion: 0.00  | Total: 0.00
[2026-07-24 21:30:23] [INFO] [TrafficSystem.PriorityCalculator]: [Rank #2] Lane: South  | PCE: 0.00  | Queue: 0.00  | Congestion: 0.00  | Total: 0.00
[2026-07-24 21:30:23] [INFO] [TrafficSystem.PriorityCalculator]: [Rank #3] Lane: East   | PCE: 0.00  | Queue: 0.00  | Congestion: 0.00  | Total: 0.00
[2026-07-24 21:30:23] [INFO] [TrafficSystem.PriorityCalculator]: [Rank #4] Lane: West   | PCE: 0.00  | Queue: 0.00  | Congestion: 0.00  | Total: 0.00
[2026-07-24 21:30:23] [INFO] [TrafficSystem.FairnessManager]: [Fairness] Lane: East   | Base Score: 0.00 | Wait Cycles: 3 | Bonus: +15.00 | Adjusted: 15.00
[2026-07-24 21:30:23] [INFO] [TrafficSystem.FairnessManager]: [Fairness] Lane: West   | Base Score: 0.00 | Wait Cycles: 2 | Bonus: +10.00 | Adjusted: 10.00
[2026-07-24 21:30:23] [INFO] [TrafficSystem.FairnessManager]: [Fairness] Lane: North  | Base Score: 0.00 | Wait Cycles: 1 | Bonus: +5.00 | Adjusted: 5.00
[2026-07-24 21:30:23] [INFO] [TrafficSystem.SignalScheduler]: [Scheduler] Winner: East   | Score: 15.00 | Green: 35s | Reason: NORMAL
[2026-07-24 21:30:23] [INFO] [TrafficSystem.FairnessManager]: [Fairness Updated] Green: 'East' (Reset to 0). Waiting cycles: {'North': 2, 'South': 1, 'East': 0, 'West': 3}
[2026-07-24 21:30:23] [INFO] [TrafficSystem.SignalController]: [ESP32 Hardware Command #55] GREEN -> 'East' (35s) | Reason: NORMAL
[2026-07-24 21:30:24] [INFO] [TrafficSystem.PriorityCalculator]: [Rank #1] Lane: North  | PCE: 0.00  | Queue: 0.00  | Congestion: 0.00  | Total: 0.00
[2026-07-24 21:30:24] [INFO] [TrafficSystem.PriorityCalculator]: [Rank #2] Lane: South  | PCE: 0.00  | Queue: 0.00  | Congestion: 0.00  | Total: 0.00
[2026-07-24 21:30:24] [INFO] [TrafficSystem.PriorityCalculator]: [Rank #3] Lane: East   | PCE: 0.00  | Queue: 0.00  | Congestion: 0.00  | Total: 0.00
[2026-07-24 21:30:24] [INFO] [TrafficSystem.PriorityCalculator]: [Rank #4] Lane: West   | PCE: 0.00  | Queue: 0.00  | Congestion: 0.00  | Total: 0.00
[2026-07-24 21:30:24] [INFO] [TrafficSystem.FairnessManager]: [Fairness] Lane: West   | Base Score: 0.00 | Wait Cycles: 3 | Bonus: +15.00 | Adjusted: 15.00
[2026-07-24 21:30:24] [INFO] [TrafficSystem.FairnessManager]: [Fairness] Lane: North  | Base Score: 0.00 | Wait Cycles: 2 | Bonus: +10.00 | Adjusted: 10.00
[2026-07-24 21:30:24] [INFO] [TrafficSystem.FairnessManager]: [Fairness] Lane: South  | Base Score: 0.00 | Wait Cycles: 1 | Bonus: +5.00 | Adjusted: 5.00
[2026-07-24 21:30:24] [INFO] [TrafficSystem.SignalScheduler]: [Scheduler] Winner: West   | Score: 15.00 | Green: 35s | Reason: NORMAL
[2026-07-24 21:30:24] [INFO] [TrafficSystem.FairnessManager]: [Fairness Updated] Green: 'West' (Reset to 0). Waiting cycles: {'North': 3, 'South': 2, 'East': 1, 'West': 0}
[2026-07-24 21:30:24] [INFO] [TrafficSystem.SignalController]: [ESP32 Hardware Command #56] GREEN -> 'West' (35s) | Reason: NORMAL
[2026-07-24 21:30:24] [INFO] [TrafficSystem.PriorityCalculator]: [Rank #1] Lane: North  | PCE: 0.00  | Queue: 0.00  | Congestion: 0.00  | Total: 0.00
[2026-07-24 21:30:24] [INFO] [TrafficSystem.PriorityCalculator]: [Rank #2] Lane: South  | PCE: 0.00  | Queue: 0.00  | Congestion: 0.00  | Total: 0.00
[2026-07-24 21:30:24] [INFO] [TrafficSystem.PriorityCalculator]: [Rank #3] Lane: East   | PCE: 0.00  | Queue: 0.00  | Congestion: 0.00  | Total: 0.00
[2026-07-24 21:30:24] [INFO] [TrafficSystem.PriorityCalculator]: [Rank #4] Lane: West   | PCE: 0.00  | Queue: 0.00  | Congestion: 0.00  | Total: 0.00
[2026-07-24 21:30:24] [INFO] [TrafficSystem.FairnessManager]: [Fairness] Lane: North  | Base Score: 0.00 | Wait Cycles: 3 | Bonus: +15.00 | Adjusted: 15.00
[2026-07-24 21:30:24] [INFO] [TrafficSystem.FairnessManager]: [Fairness] Lane: South  | Base Score: 0.00 | Wait Cycles: 2 | Bonus: +10.00 | Adjusted: 10.00
[2026-07-24 21:30:24] [INFO] [TrafficSystem.FairnessManager]: [Fairness] Lane: East   | Base Score: 0.00 | Wait Cycles: 1 | Bonus: +5.00 | Adjusted: 5.00
[2026-07-24 21:30:24] [INFO] [TrafficSystem.SignalScheduler]: [Scheduler] Winner: North  | Score: 15.00 | Green: 35s | Reason: NORMAL
[2026-07-24 21:30:24] [INFO] [TrafficSystem.FairnessManager]: [Fairness Updated] Green: 'North' (Reset to 0). Waiting cycles: {'North': 0, 'South': 3, 'East': 2, 'West': 1}
[2026-07-24 21:30:24] [INFO] [TrafficSystem.SignalController]: [ESP32 Hardware Command #57] GREEN -> 'North' (35s) | Reason: NORMAL
[2026-07-24 21:30:25] [INFO] [TrafficSystem.PriorityCalculator]: [Rank #1] Lane: North  | PCE: 0.00  | Queue: 0.00  | Congestion: 0.00  | Total: 0.00
[2026-07-24 21:30:25] [INFO] [TrafficSystem.PriorityCalculator]: [Rank #2] Lane: South  | PCE: 0.00  | Queue: 0.00  | Congestion: 0.00  | Total: 0.00
[2026-07-24 21:30:25] [INFO] [TrafficSystem.PriorityCalculator]: [Rank #3] Lane: East   | PCE: 0.00  | Queue: 0.00  | Congestion: 0.00  | Total: 0.00
[2026-07-24 21:30:25] [INFO] [TrafficSystem.PriorityCalculator]: [Rank #4] Lane: West   | PCE: 0.00  | Queue: 0.00  | Congestion: 0.00  | Total: 0.00
[2026-07-24 21:30:25] [INFO] [TrafficSystem.FairnessManager]: [Fairness] Lane: South  | Base Score: 0.00 | Wait Cycles: 3 | Bonus: +15.00 | Adjusted: 15.00
[2026-07-24 21:30:25] [INFO] [TrafficSystem.FairnessManager]: [Fairness] Lane: East   | Base Score: 0.00 | Wait Cycles: 2 | Bonus: +10.00 | Adjusted: 10.00
[2026-07-24 21:30:25] [INFO] [TrafficSystem.FairnessManager]: [Fairness] Lane: West   | Base Score: 0.00 | Wait Cycles: 1 | Bonus: +5.00 | Adjusted: 5.00
[2026-07-24 21:30:25] [INFO] [TrafficSystem.SignalScheduler]: [Scheduler] Winner: South  | Score: 15.00 | Green: 35s | Reason: NORMAL
[2026-07-24 21:30:25] [INFO] [TrafficSystem.FairnessManager]: [Fairness Updated] Green: 'South' (Reset to 0). Waiting cycles: {'North': 1, 'South': 0, 'East': 3, 'West': 2}
[2026-07-24 21:30:25] [INFO] [TrafficSystem.SignalController]: [ESP32 Hardware Command #58] GREEN -> 'South' (35s) | Reason: NORMAL
[2026-07-24 21:30:25] [INFO] [TrafficSystem.PriorityCalculator]: [Rank #1] Lane: North  | PCE: 0.00  | Queue: 0.00  | Congestion: 0.00  | Total: 0.00
[2026-07-24 21:30:25] [INFO] [TrafficSystem.PriorityCalculator]: [Rank #2] Lane: South  | PCE: 0.00  | Queue: 0.00  | Congestion: 0.00  | Total: 0.00
[2026-07-24 21:30:25] [INFO] [TrafficSystem.PriorityCalculator]: [Rank #3] Lane: East   | PCE: 0.00  | Queue: 0.00  | Congestion: 0.00  | Total: 0.00
[2026-07-24 21:30:25] [INFO] [TrafficSystem.PriorityCalculator]: [Rank #4] Lane: West   | PCE: 0.00  | Queue: 0.00  | Congestion: 0.00  | Total: 0.00
[2026-07-24 21:30:25] [INFO] [TrafficSystem.FairnessManager]: [Fairness] Lane: East   | Base Score: 0.00 | Wait Cycles: 3 | Bonus: +15.00 | Adjusted: 15.00
[2026-07-24 21:30:25] [INFO] [TrafficSystem.FairnessManager]: [Fairness] Lane: West   | Base Score: 0.00 | Wait Cycles: 2 | Bonus: +10.00 | Adjusted: 10.00
[2026-07-24 21:30:25] [INFO] [TrafficSystem.FairnessManager]: [Fairness] Lane: North  | Base Score: 0.00 | Wait Cycles: 1 | Bonus: +5.00 | Adjusted: 5.00
[2026-07-24 21:30:25] [INFO] [TrafficSystem.SignalScheduler]: [Scheduler] Winner: East   | Score: 15.00 | Green: 35s | Reason: NORMAL
[2026-07-24 21:30:25] [INFO] [TrafficSystem.FairnessManager]: [Fairness Updated] Green: 'East' (Reset to 0). Waiting cycles: {'North': 2, 'South': 1, 'East': 0, 'West': 3}
[2026-07-24 21:30:25] [INFO] [TrafficSystem.SignalController]: [ESP32 Hardware Command #59] GREEN -> 'East' (35s) | Reason: NORMAL
[2026-07-24 21:30:26] [INFO] [TrafficSystem.PriorityCalculator]: [Rank #1] Lane: North  | PCE: 0.00  | Queue: 0.00  | Congestion: 0.00  | Total: 0.00
[2026-07-24 21:30:26] [INFO] [TrafficSystem.PriorityCalculator]: [Rank #2] Lane: South  | PCE: 0.00  | Queue: 0.00  | Congestion: 0.00  | Total: 0.00
[2026-07-24 21:30:26] [INFO] [TrafficSystem.PriorityCalculator]: [Rank #3] Lane: East   | PCE: 0.00  | Queue: 0.00  | Congestion: 0.00  | Total: 0.00
[2026-07-24 21:30:26] [INFO] [TrafficSystem.PriorityCalculator]: [Rank #4] Lane: West   | PCE: 0.00  | Queue: 0.00  | Congestion: 0.00  | Total: 0.00
[2026-07-24 21:30:26] [INFO] [TrafficSystem.FairnessManager]: [Fairness] Lane: West   | Base Score: 0.00 | Wait Cycles: 3 | Bonus: +15.00 | Adjusted: 15.00
[2026-07-24 21:30:26] [INFO] [TrafficSystem.FairnessManager]: [Fairness] Lane: North  | Base Score: 0.00 | Wait Cycles: 2 | Bonus: +10.00 | Adjusted: 10.00
[2026-07-24 21:30:26] [INFO] [TrafficSystem.FairnessManager]: [Fairness] Lane: South  | Base Score: 0.00 | Wait Cycles: 1 | Bonus: +5.00 | Adjusted: 5.00
[2026-07-24 21:30:26] [INFO] [TrafficSystem.SignalScheduler]: [Scheduler] Winner: West   | Score: 15.00 | Green: 35s | Reason: NORMAL
[2026-07-24 21:30:26] [INFO] [TrafficSystem.FairnessManager]: [Fairness Updated] Green: 'West' (Reset to 0). Waiting cycles: {'North': 3, 'South': 2, 'East': 1, 'West': 0}
[2026-07-24 21:30:26] [INFO] [TrafficSystem.SignalController]: [ESP32 Hardware Command #60] GREEN -> 'West' (35s) | Reason: NORMAL
[2026-07-24 21:30:26] [INFO] [TrafficSystem.PriorityCalculator]: [Rank #1] Lane: North  | PCE: 0.00  | Queue: 0.00  | Congestion: 0.00  | Total: 0.00
[2026-07-24 21:30:26] [INFO] [TrafficSystem.PriorityCalculator]: [Rank #2] Lane: South  | PCE: 0.00  | Queue: 0.00  | Congestion: 0.00  | Total: 0.00
[2026-07-24 21:30:26] [INFO] [TrafficSystem.PriorityCalculator]: [Rank #3] Lane: East   | PCE: 0.00  | Queue: 0.00  | Congestion: 0.00  | Total: 0.00
[2026-07-24 21:30:26] [INFO] [TrafficSystem.PriorityCalculator]: [Rank #4] Lane: West   | PCE: 0.00  | Queue: 0.00  | Congestion: 0.00  | Total: 0.00
[2026-07-24 21:30:26] [INFO] [TrafficSystem.FairnessManager]: [Fairness] Lane: North  | Base Score: 0.00 | Wait Cycles: 3 | Bonus: +15.00 | Adjusted: 15.00
[2026-07-24 21:30:26] [INFO] [TrafficSystem.FairnessManager]: [Fairness] Lane: South  | Base Score: 0.00 | Wait Cycles: 2 | Bonus: +10.00 | Adjusted: 10.00
[2026-07-24 21:30:26] [INFO] [TrafficSystem.FairnessManager]: [Fairness] Lane: East   | Base Score: 0.00 | Wait Cycles: 1 | Bonus: +5.00 | Adjusted: 5.00
[2026-07-24 21:30:26] [INFO] [TrafficSystem.SignalScheduler]: [Scheduler] Winner: North  | Score: 15.00 | Green: 35s | Reason: NORMAL
[2026-07-24 21:30:26] [INFO] [TrafficSystem.FairnessManager]: [Fairness Updated] Green: 'North' (Reset to 0). Waiting cycles: {'North': 0, 'South': 3, 'East': 2, 'West': 1}
[2026-07-24 21:30:26] [INFO] [TrafficSystem.SignalController]: [ESP32 Hardware Command #61] GREEN -> 'North' (35s) | Reason: NORMAL
[2026-07-24 21:30:27] [INFO] [TrafficSystem.PriorityCalculator]: [Rank #1] Lane: North  | PCE: 0.00  | Queue: 0.00  | Congestion: 0.00  | Total: 0.00
[2026-07-24 21:30:27] [INFO] [TrafficSystem.PriorityCalculator]: [Rank #2] Lane: South  | PCE: 0.00  | Queue: 0.00  | Congestion: 0.00  | Total: 0.00
[2026-07-24 21:30:27] [INFO] [TrafficSystem.PriorityCalculator]: [Rank #3] Lane: East   | PCE: 0.00  | Queue: 0.00  | Congestion: 0.00  | Total: 0.00
[2026-07-24 21:30:27] [INFO] [TrafficSystem.PriorityCalculator]: [Rank #4] Lane: West   | PCE: 0.00  | Queue: 0.00  | Congestion: 0.00  | Total: 0.00
[2026-07-24 21:30:27] [INFO] [TrafficSystem.FairnessManager]: [Fairness] Lane: South  | Base Score: 0.00 | Wait Cycles: 3 | Bonus: +15.00 | Adjusted: 15.00
[2026-07-24 21:30:27] [INFO] [TrafficSystem.FairnessManager]: [Fairness] Lane: East   | Base Score: 0.00 | Wait Cycles: 2 | Bonus: +10.00 | Adjusted: 10.00
[2026-07-24 21:30:27] [INFO] [TrafficSystem.FairnessManager]: [Fairness] Lane: West   | Base Score: 0.00 | Wait Cycles: 1 | Bonus: +5.00 | Adjusted: 5.00
[2026-07-24 21:30:27] [INFO] [TrafficSystem.SignalScheduler]: [Scheduler] Winner: South  | Score: 15.00 | Green: 35s | Reason: NORMAL
[2026-07-24 21:30:27] [INFO] [TrafficSystem.FairnessManager]: [Fairness Updated] Green: 'South' (Reset to 0). Waiting cycles: {'North': 1, 'South': 0, 'East': 3, 'West': 2}
[2026-07-24 21:30:27] [INFO] [TrafficSystem.SignalController]: [ESP32 Hardware Command #62] GREEN -> 'South' (35s) | Reason: NORMAL
[2026-07-24 21:30:27] [INFO] [TrafficSystem.PriorityCalculator]: [Rank #1] Lane: North  | PCE: 0.00  | Queue: 0.00  | Congestion: 0.00  | Total: 0.00
[2026-07-24 21:30:27] [INFO] [TrafficSystem.PriorityCalculator]: [Rank #2] Lane: South  | PCE: 0.00  | Queue: 0.00  | Congestion: 0.00  | Total: 0.00
[2026-07-24 21:30:27] [INFO] [TrafficSystem.PriorityCalculator]: [Rank #3] Lane: East   | PCE: 0.00  | Queue: 0.00  | Congestion: 0.00  | Total: 0.00
[2026-07-24 21:30:27] [INFO] [TrafficSystem.PriorityCalculator]: [Rank #4] Lane: West   | PCE: 0.00  | Queue: 0.00  | Congestion: 0.00  | Total: 0.00
[2026-07-24 21:30:27] [INFO] [TrafficSystem.FairnessManager]: [Fairness] Lane: East   | Base Score: 0.00 | Wait Cycles: 3 | Bonus: +15.00 | Adjusted: 15.00
[2026-07-24 21:30:27] [INFO] [TrafficSystem.FairnessManager]: [Fairness] Lane: West   | Base Score: 0.00 | Wait Cycles: 2 | Bonus: +10.00 | Adjusted: 10.00
[2026-07-24 21:30:27] [INFO] [TrafficSystem.FairnessManager]: [Fairness] Lane: North  | Base Score: 0.00 | Wait Cycles: 1 | Bonus: +5.00 | Adjusted: 5.00
[2026-07-24 21:30:27] [INFO] [TrafficSystem.SignalScheduler]: [Scheduler] Winner: East   | Score: 15.00 | Green: 35s | Reason: NORMAL
[2026-07-24 21:30:27] [INFO] [TrafficSystem.FairnessManager]: [Fairness Updated] Green: 'East' (Reset to 0). Waiting cycles: {'North': 2, 'South': 1, 'East': 0, 'West': 3}
[2026-07-24 21:30:27] [INFO] [TrafficSystem.SignalController]: [ESP32 Hardware Command #63] GREEN -> 'East' (35s) | Reason: NORMAL
[2026-07-24 21:30:27] [INFO] [TrafficSystem.PriorityCalculator]: [Rank #1] Lane: North  | PCE: 0.00  | Queue: 0.00  | Congestion: 0.00  | Total: 0.00
[2026-07-24 21:30:27] [INFO] [TrafficSystem.PriorityCalculator]: [Rank #2] Lane: South  | PCE: 0.00  | Queue: 0.00  | Congestion: 0.00  | Total: 0.00
[2026-07-24 21:30:27] [INFO] [TrafficSystem.PriorityCalculator]: [Rank #3] Lane: East   | PCE: 0.00  | Queue: 0.00  | Congestion: 0.00  | Total: 0.00
[2026-07-24 21:30:27] [INFO] [TrafficSystem.PriorityCalculator]: [Rank #4] Lane: West   | PCE: 0.00  | Queue: 0.00  | Congestion: 0.00  | Total: 0.00
[2026-07-24 21:30:27] [INFO] [TrafficSystem.FairnessManager]: [Fairness] Lane: West   | Base Score: 0.00 | Wait Cycles: 3 | Bonus: +15.00 | Adjusted: 15.00
[2026-07-24 21:30:28] [INFO] [TrafficSystem.FairnessManager]: [Fairness] Lane: North  | Base Score: 0.00 | Wait Cycles: 2 | Bonus: +10.00 | Adjusted: 10.00
[2026-07-24 21:30:28] [INFO] [TrafficSystem.FairnessManager]: [Fairness] Lane: South  | Base Score: 0.00 | Wait Cycles: 1 | Bonus: +5.00 | Adjusted: 5.00
[2026-07-24 21:30:28] [INFO] [TrafficSystem.SignalScheduler]: [Scheduler] Winner: West   | Score: 15.00 | Green: 35s | Reason: NORMAL
[2026-07-24 21:30:28] [INFO] [TrafficSystem.FairnessManager]: [Fairness Updated] Green: 'West' (Reset to 0). Waiting cycles: {'North': 3, 'South': 2, 'East': 1, 'West': 0}
[2026-07-24 21:30:28] [INFO] [TrafficSystem.SignalController]: [ESP32 Hardware Command #64] GREEN -> 'West' (35s) | Reason: NORMAL
[2026-07-24 21:30:28] [INFO] [TrafficSystem.PriorityCalculator]: [Rank #1] Lane: North  | PCE: 0.00  | Queue: 0.00  | Congestion: 0.00  | Total: 0.00
[2026-07-24 21:30:28] [INFO] [TrafficSystem.PriorityCalculator]: [Rank #2] Lane: South  | PCE: 0.00  | Queue: 0.00  | Congestion: 0.00  | Total: 0.00
[2026-07-24 21:30:28] [INFO] [TrafficSystem.PriorityCalculator]: [Rank #3] Lane: East   | PCE: 0.00  | Queue: 0.00  | Congestion: 0.00  | Total: 0.00
[2026-07-24 21:30:28] [INFO] [TrafficSystem.PriorityCalculator]: [Rank #4] Lane: West   | PCE: 0.00  | Queue: 0.00  | Congestion: 0.00  | Total: 0.00
[2026-07-24 21:30:28] [INFO] [TrafficSystem.FairnessManager]: [Fairness] Lane: North  | Base Score: 0.00 | Wait Cycles: 3 | Bonus: +15.00 | Adjusted: 15.00
[2026-07-24 21:30:28] [INFO] [TrafficSystem.FairnessManager]: [Fairness] Lane: South  | Base Score: 0.00 | Wait Cycles: 2 | Bonus: +10.00 | Adjusted: 10.00
[2026-07-24 21:30:28] [INFO] [TrafficSystem.FairnessManager]: [Fairness] Lane: East   | Base Score: 0.00 | Wait Cycles: 1 | Bonus: +5.00 | Adjusted: 5.00
[2026-07-24 21:30:28] [INFO] [TrafficSystem.SignalScheduler]: [Scheduler] Winner: North  | Score: 15.00 | Green: 35s | Reason: NORMAL
[2026-07-24 21:30:28] [INFO] [TrafficSystem.FairnessManager]: [Fairness Updated] Green: 'North' (Reset to 0). Waiting cycles: {'North': 0, 'South': 3, 'East': 2, 'West': 1}
[2026-07-24 21:30:28] [INFO] [TrafficSystem.SignalController]: [ESP32 Hardware Command #65] GREEN -> 'North' (35s) | Reason: NORMAL
[2026-07-24 21:30:29] [INFO] [TrafficSystem.PriorityCalculator]: [Rank #1] Lane: North  | PCE: 0.00  | Queue: 0.00  | Congestion: 0.00  | Total: 0.00
[2026-07-24 21:30:29] [INFO] [TrafficSystem.PriorityCalculator]: [Rank #2] Lane: South  | PCE: 0.00  | Queue: 0.00  | Congestion: 0.00  | Total: 0.00
[2026-07-24 21:30:29] [INFO] [TrafficSystem.PriorityCalculator]: [Rank #3] Lane: East   | PCE: 0.00  | Queue: 0.00  | Congestion: 0.00  | Total: 0.00
[2026-07-24 21:30:29] [INFO] [TrafficSystem.PriorityCalculator]: [Rank #4] Lane: West   | PCE: 0.00  | Queue: 0.00  | Congestion: 0.00  | Total: 0.00
[2026-07-24 21:30:29] [INFO] [TrafficSystem.FairnessManager]: [Fairness] Lane: South  | Base Score: 0.00 | Wait Cycles: 3 | Bonus: +15.00 | Adjusted: 15.00
[2026-07-24 21:30:29] [INFO] [TrafficSystem.FairnessManager]: [Fairness] Lane: East   | Base Score: 0.00 | Wait Cycles: 2 | Bonus: +10.00 | Adjusted: 10.00
[2026-07-24 21:30:29] [INFO] [TrafficSystem.FairnessManager]: [Fairness] Lane: West   | Base Score: 0.00 | Wait Cycles: 1 | Bonus: +5.00 | Adjusted: 5.00
[2026-07-24 21:30:29] [INFO] [TrafficSystem.SignalScheduler]: [Scheduler] Winner: South  | Score: 15.00 | Green: 35s | Reason: NORMAL
[2026-07-24 21:30:29] [INFO] [TrafficSystem.FairnessManager]: [Fairness Updated] Green: 'South' (Reset to 0). Waiting cycles: {'North': 1, 'South': 0, 'East': 3, 'West': 2}
[2026-07-24 21:30:29] [INFO] [TrafficSystem.SignalController]: [ESP32 Hardware Command #66] GREEN -> 'South' (35s) | Reason: NORMAL
[2026-07-24 21:30:29] [INFO] [TrafficSystem.PriorityCalculator]: [Rank #1] Lane: North  | PCE: 0.00  | Queue: 0.00  | Congestion: 0.00  | Total: 0.00
[2026-07-24 21:30:29] [INFO] [TrafficSystem.PriorityCalculator]: [Rank #2] Lane: South  | PCE: 0.00  | Queue: 0.00  | Congestion: 0.00  | Total: 0.00
[2026-07-24 21:30:29] [INFO] [TrafficSystem.PriorityCalculator]: [Rank #3] Lane: East   | PCE: 0.00  | Queue: 0.00  | Congestion: 0.00  | Total: 0.00
[2026-07-24 21:30:29] [INFO] [TrafficSystem.PriorityCalculator]: [Rank #4] Lane: West   | PCE: 0.00  | Queue: 0.00  | Congestion: 0.00  | Total: 0.00
[2026-07-24 21:30:29] [INFO] [TrafficSystem.FairnessManager]: [Fairness] Lane: East   | Base Score: 0.00 | Wait Cycles: 3 | Bonus: +15.00 | Adjusted: 15.00
[2026-07-24 21:30:29] [INFO] [TrafficSystem.FairnessManager]: [Fairness] Lane: West   | Base Score: 0.00 | Wait Cycles: 2 | Bonus: +10.00 | Adjusted: 10.00
[2026-07-24 21:30:29] [INFO] [TrafficSystem.FairnessManager]: [Fairness] Lane: North  | Base Score: 0.00 | Wait Cycles: 1 | Bonus: +5.00 | Adjusted: 5.00
[2026-07-24 21:30:29] [INFO] [TrafficSystem.SignalScheduler]: [Scheduler] Winner: East   | Score: 15.00 | Green: 35s | Reason: NORMAL
[2026-07-24 21:30:29] [INFO] [TrafficSystem.FairnessManager]: [Fairness Updated] Green: 'East' (Reset to 0). Waiting cycles: {'North': 2, 'South': 1, 'East': 0, 'West': 3}
[2026-07-24 21:30:29] [INFO] [TrafficSystem.SignalController]: [ESP32 Hardware Command #67] GREEN -> 'East' (35s) | Reason: NORMAL
[2026-07-24 21:30:30] [INFO] [TrafficSystem.PriorityCalculator]: [Rank #1] Lane: North  | PCE: 0.00  | Queue: 0.00  | Congestion: 0.00  | Total: 0.00
[2026-07-24 21:30:30] [INFO] [TrafficSystem.PriorityCalculator]: [Rank #2] Lane: South  | PCE: 0.00  | Queue: 0.00  | Congestion: 0.00  | Total: 0.00
[2026-07-24 21:30:30] [INFO] [TrafficSystem.PriorityCalculator]: [Rank #3] Lane: East   | PCE: 0.00  | Queue: 0.00  | Congestion: 0.00  | Total: 0.00
[2026-07-24 21:30:30] [INFO] [TrafficSystem.PriorityCalculator]: [Rank #4] Lane: West   | PCE: 0.00  | Queue: 0.00  | Congestion: 0.00  | Total: 0.00
[2026-07-24 21:30:30] [INFO] [TrafficSystem.FairnessManager]: [Fairness] Lane: West   | Base Score: 0.00 | Wait Cycles: 3 | Bonus: +15.00 | Adjusted: 15.00
[2026-07-24 21:30:30] [INFO] [TrafficSystem.FairnessManager]: [Fairness] Lane: North  | Base Score: 0.00 | Wait Cycles: 2 | Bonus: +10.00 | Adjusted: 10.00
[2026-07-24 21:30:30] [INFO] [TrafficSystem.FairnessManager]: [Fairness] Lane: South  | Base Score: 0.00 | Wait Cycles: 1 | Bonus: +5.00 | Adjusted: 5.00
[2026-07-24 21:30:30] [INFO] [TrafficSystem.SignalScheduler]: [Scheduler] Winner: West   | Score: 15.00 | Green: 35s | Reason: NORMAL
[2026-07-24 21:30:30] [INFO] [TrafficSystem.FairnessManager]: [Fairness Updated] Green: 'West' (Reset to 0). Waiting cycles: {'North': 3, 'South': 2, 'East': 1, 'West': 0}
[2026-07-24 21:30:30] [INFO] [TrafficSystem.SignalController]: [ESP32 Hardware Command #68] GREEN -> 'West' (35s) | Reason: NORMAL
[2026-07-24 21:30:30] [INFO] [TrafficSystem.PriorityCalculator]: [Rank #1] Lane: North  | PCE: 0.00  | Queue: 0.00  | Congestion: 0.00  | Total: 0.00
[2026-07-24 21:30:30] [INFO] [TrafficSystem.PriorityCalculator]: [Rank #2] Lane: South  | PCE: 0.00  | Queue: 0.00  | Congestion: 0.00  | Total: 0.00
[2026-07-24 21:30:30] [INFO] [TrafficSystem.PriorityCalculator]: [Rank #3] Lane: East   | PCE: 0.00  | Queue: 0.00  | Congestion: 0.00  | Total: 0.00
[2026-07-24 21:30:30] [INFO] [TrafficSystem.PriorityCalculator]: [Rank #4] Lane: West   | PCE: 0.00  | Queue: 0.00  | Congestion: 0.00  | Total: 0.00
[2026-07-24 21:30:30] [INFO] [TrafficSystem.FairnessManager]: [Fairness] Lane: North  | Base Score: 0.00 | Wait Cycles: 3 | Bonus: +15.00 | Adjusted: 15.00
[2026-07-24 21:30:30] [INFO] [TrafficSystem.FairnessManager]: [Fairness] Lane: South  | Base Score: 0.00 | Wait Cycles: 2 | Bonus: +10.00 | Adjusted: 10.00
[2026-07-24 21:30:30] [INFO] [TrafficSystem.FairnessManager]: [Fairness] Lane: East   | Base Score: 0.00 | Wait Cycles: 1 | Bonus: +5.00 | Adjusted: 5.00
[2026-07-24 21:30:30] [INFO] [TrafficSystem.SignalScheduler]: [Scheduler] Winner: North  | Score: 15.00 | Green: 35s | Reason: NORMAL
[2026-07-24 21:30:30] [INFO] [TrafficSystem.FairnessManager]: [Fairness Updated] Green: 'North' (Reset to 0). Waiting cycles: {'North': 0, 'South': 3, 'East': 2, 'West': 1}
[2026-07-24 21:30:30] [INFO] [TrafficSystem.SignalController]: [ESP32 Hardware Command #69] GREEN -> 'North' (35s) | Reason: NORMAL
[2026-07-24 21:30:31] [INFO] [TrafficSystem.PriorityCalculator]: [Rank #1] Lane: North  | PCE: 0.00  | Queue: 0.00  | Congestion: 0.00  | Total: 0.00
[2026-07-24 21:30:31] [INFO] [TrafficSystem.PriorityCalculator]: [Rank #2] Lane: South  | PCE: 0.00  | Queue: 0.00  | Congestion: 0.00  | Total: 0.00
[2026-07-24 21:30:31] [INFO] [TrafficSystem.PriorityCalculator]: [Rank #3] Lane: East   | PCE: 0.00  | Queue: 0.00  | Congestion: 0.00  | Total: 0.00
[2026-07-24 21:30:31] [INFO] [TrafficSystem.PriorityCalculator]: [Rank #4] Lane: West   | PCE: 0.00  | Queue: 0.00  | Congestion: 0.00  | Total: 0.00
[2026-07-24 21:30:31] [INFO] [TrafficSystem.FairnessManager]: [Fairness] Lane: South  | Base Score: 0.00 | Wait Cycles: 3 | Bonus: +15.00 | Adjusted: 15.00
[2026-07-24 21:30:31] [INFO] [TrafficSystem.FairnessManager]: [Fairness] Lane: East   | Base Score: 0.00 | Wait Cycles: 2 | Bonus: +10.00 | Adjusted: 10.00
[2026-07-24 21:30:31] [INFO] [TrafficSystem.FairnessManager]: [Fairness] Lane: West   | Base Score: 0.00 | Wait Cycles: 1 | Bonus: +5.00 | Adjusted: 5.00
[2026-07-24 21:30:31] [INFO] [TrafficSystem.SignalScheduler]: [Scheduler] Winner: South  | Score: 15.00 | Green: 35s | Reason: NORMAL
[2026-07-24 21:30:31] [INFO] [TrafficSystem.FairnessManager]: [Fairness Updated] Green: 'South' (Reset to 0). Waiting cycles: {'North': 1, 'South': 0, 'East': 3, 'West': 2}
[2026-07-24 21:30:31] [INFO] [TrafficSystem.SignalController]: [ESP32 Hardware Command #70] GREEN -> 'South' (35s) | Reason: NORMAL
[2026-07-24 21:30:31] [INFO] [TrafficSystem.PriorityCalculator]: [Rank #1] Lane: North  | PCE: 0.00  | Queue: 0.00  | Congestion: 0.00  | Total: 0.00
[2026-07-24 21:30:31] [INFO] [TrafficSystem.PriorityCalculator]: [Rank #2] Lane: South  | PCE: 0.00  | Queue: 0.00  | Congestion: 0.00  | Total: 0.00
[2026-07-24 21:30:31] [INFO] [TrafficSystem.PriorityCalculator]: [Rank #3] Lane: East   | PCE: 0.00  | Queue: 0.00  | Congestion: 0.00  | Total: 0.00
[2026-07-24 21:30:31] [INFO] [TrafficSystem.PriorityCalculator]: [Rank #4] Lane: West   | PCE: 0.00  | Queue: 0.00  | Congestion: 0.00  | Total: 0.00
[2026-07-24 21:30:31] [INFO] [TrafficSystem.FairnessManager]: [Fairness] Lane: East   | Base Score: 0.00 | Wait Cycles: 3 | Bonus: +15.00 | Adjusted: 15.00
[2026-07-24 21:30:31] [INFO] [TrafficSystem.FairnessManager]: [Fairness] Lane: West   | Base Score: 0.00 | Wait Cycles: 2 | Bonus: +10.00 | Adjusted: 10.00
[2026-07-24 21:30:31] [INFO] [TrafficSystem.FairnessManager]: [Fairness] Lane: North  | Base Score: 0.00 | Wait Cycles: 1 | Bonus: +5.00 | Adjusted: 5.00
[2026-07-24 21:30:31] [INFO] [TrafficSystem.SignalScheduler]: [Scheduler] Winner: East   | Score: 15.00 | Green: 35s | Reason: NORMAL
[2026-07-24 21:30:31] [INFO] [TrafficSystem.FairnessManager]: [Fairness Updated] Green: 'East' (Reset to 0). Waiting cycles: {'North': 2, 'South': 1, 'East': 0, 'West': 3}
[2026-07-24 21:30:31] [INFO] [TrafficSystem.SignalController]: [ESP32 Hardware Command #71] GREEN -> 'East' (35s) | Reason: NORMAL
[2026-07-24 21:30:32] [INFO] [TrafficSystem.PriorityCalculator]: [Rank #1] Lane: North  | PCE: 0.00  | Queue: 0.00  | Congestion: 0.00  | Total: 0.00
[2026-07-24 21:30:32] [INFO] [TrafficSystem.PriorityCalculator]: [Rank #2] Lane: South  | PCE: 0.00  | Queue: 0.00  | Congestion: 0.00  | Total: 0.00
[2026-07-24 21:30:32] [INFO] [TrafficSystem.PriorityCalculator]: [Rank #3] Lane: East   | PCE: 0.00  | Queue: 0.00  | Congestion: 0.00  | Total: 0.00
[2026-07-24 21:30:32] [INFO] [TrafficSystem.PriorityCalculator]: [Rank #4] Lane: West   | PCE: 0.00  | Queue: 0.00  | Congestion: 0.00  | Total: 0.00
[2026-07-24 21:30:32] [INFO] [TrafficSystem.FairnessManager]: [Fairness] Lane: West   | Base Score: 0.00 | Wait Cycles: 3 | Bonus: +15.00 | Adjusted: 15.00
[2026-07-24 21:30:32] [INFO] [TrafficSystem.FairnessManager]: [Fairness] Lane: North  | Base Score: 0.00 | Wait Cycles: 2 | Bonus: +10.00 | Adjusted: 10.00
[2026-07-24 21:30:32] [INFO] [TrafficSystem.FairnessManager]: [Fairness] Lane: South  | Base Score: 0.00 | Wait Cycles: 1 | Bonus: +5.00 | Adjusted: 5.00
[2026-07-24 21:30:32] [INFO] [TrafficSystem.SignalScheduler]: [Scheduler] Winner: West   | Score: 15.00 | Green: 35s | Reason: NORMAL
[2026-07-24 21:30:32] [INFO] [TrafficSystem.FairnessManager]: [Fairness Updated] Green: 'West' (Reset to 0). Waiting cycles: {'North': 3, 'South': 2, 'East': 1, 'West': 0}
[2026-07-24 21:30:32] [INFO] [TrafficSystem.SignalController]: [ESP32 Hardware Command #72] GREEN -> 'West' (35s) | Reason: NORMAL
[2026-07-24 21:30:32] [INFO] [TrafficSystem.PriorityCalculator]: [Rank #1] Lane: North  | PCE: 0.00  | Queue: 0.00  | Congestion: 0.00  | Total: 0.00
[2026-07-24 21:30:32] [INFO] [TrafficSystem.PriorityCalculator]: [Rank #2] Lane: South  | PCE: 0.00  | Queue: 0.00  | Congestion: 0.00  | Total: 0.00
[2026-07-24 21:30:32] [INFO] [TrafficSystem.PriorityCalculator]: [Rank #3] Lane: East   | PCE: 0.00  | Queue: 0.00  | Congestion: 0.00  | Total: 0.00
[2026-07-24 21:30:32] [INFO] [TrafficSystem.PriorityCalculator]: [Rank #4] Lane: West   | PCE: 0.00  | Queue: 0.00  | Congestion: 0.00  | Total: 0.00
[2026-07-24 21:30:32] [INFO] [TrafficSystem.FairnessManager]: [Fairness] Lane: North  | Base Score: 0.00 | Wait Cycles: 3 | Bonus: +15.00 | Adjusted: 15.00
[2026-07-24 21:30:32] [INFO] [TrafficSystem.FairnessManager]: [Fairness] Lane: South  | Base Score: 0.00 | Wait Cycles: 2 | Bonus: +10.00 | Adjusted: 10.00
[2026-07-24 21:30:32] [INFO] [TrafficSystem.FairnessManager]: [Fairness] Lane: East   | Base Score: 0.00 | Wait Cycles: 1 | Bonus: +5.00 | Adjusted: 5.00
[2026-07-24 21:30:32] [INFO] [TrafficSystem.SignalScheduler]: [Scheduler] Winner: North  | Score: 15.00 | Green: 35s | Reason: NORMAL
[2026-07-24 21:30:32] [INFO] [TrafficSystem.FairnessManager]: [Fairness Updated] Green: 'North' (Reset to 0). Waiting cycles: {'North': 0, 'South': 3, 'East': 2, 'West': 1}
[2026-07-24 21:30:32] [INFO] [TrafficSystem.SignalController]: [ESP32 Hardware Command #73] GREEN -> 'North' (35s) | Reason: NORMAL
[2026-07-24 21:30:33] [INFO] [TrafficSystem.PriorityCalculator]: [Rank #1] Lane: North  | PCE: 0.00  | Queue: 0.00  | Congestion: 0.00  | Total: 0.00
[2026-07-24 21:30:33] [INFO] [TrafficSystem.PriorityCalculator]: [Rank #2] Lane: South  | PCE: 0.00  | Queue: 0.00  | Congestion: 0.00  | Total: 0.00
[2026-07-24 21:30:33] [INFO] [TrafficSystem.PriorityCalculator]: [Rank #3] Lane: East   | PCE: 0.00  | Queue: 0.00  | Congestion: 0.00  | Total: 0.00
[2026-07-24 21:30:33] [INFO] [TrafficSystem.PriorityCalculator]: [Rank #4] Lane: West   | PCE: 0.00  | Queue: 0.00  | Congestion: 0.00  | Total: 0.00
[2026-07-24 21:30:33] [INFO] [TrafficSystem.FairnessManager]: [Fairness] Lane: South  | Base Score: 0.00 | Wait Cycles: 3 | Bonus: +15.00 | Adjusted: 15.00
[2026-07-24 21:30:33] [INFO] [TrafficSystem.FairnessManager]: [Fairness] Lane: East   | Base Score: 0.00 | Wait Cycles: 2 | Bonus: +10.00 | Adjusted: 10.00
[2026-07-24 21:30:33] [INFO] [TrafficSystem.FairnessManager]: [Fairness] Lane: West   | Base Score: 0.00 | Wait Cycles: 1 | Bonus: +5.00 | Adjusted: 5.00
[2026-07-24 21:30:33] [INFO] [TrafficSystem.SignalScheduler]: [Scheduler] Winner: South  | Score: 15.00 | Green: 35s | Reason: NORMAL
[2026-07-24 21:30:33] [INFO] [TrafficSystem.FairnessManager]: [Fairness Updated] Green: 'South' (Reset to 0). Waiting cycles: {'North': 1, 'South': 0, 'East': 3, 'West': 2}
[2026-07-24 21:30:33] [INFO] [TrafficSystem.SignalController]: [ESP32 Hardware Command #74] GREEN -> 'South' (35s) | Reason: NORMAL
[2026-07-24 21:30:33] [INFO] [TrafficSystem.PriorityCalculator]: [Rank #1] Lane: North  | PCE: 0.00  | Queue: 0.00  | Congestion: 0.00  | Total: 0.00
[2026-07-24 21:30:33] [INFO] [TrafficSystem.PriorityCalculator]: [Rank #2] Lane: South  | PCE: 0.00  | Queue: 0.00  | Congestion: 0.00  | Total: 0.00
[2026-07-24 21:30:33] [INFO] [TrafficSystem.PriorityCalculator]: [Rank #3] Lane: East   | PCE: 0.00  | Queue: 0.00  | Congestion: 0.00  | Total: 0.00
[2026-07-24 21:30:33] [INFO] [TrafficSystem.PriorityCalculator]: [Rank #4] Lane: West   | PCE: 0.00  | Queue: 0.00  | Congestion: 0.00  | Total: 0.00
[2026-07-24 21:30:33] [INFO] [TrafficSystem.FairnessManager]: [Fairness] Lane: East   | Base Score: 0.00 | Wait Cycles: 3 | Bonus: +15.00 | Adjusted: 15.00
[2026-07-24 21:30:33] [INFO] [TrafficSystem.FairnessManager]: [Fairness] Lane: West   | Base Score: 0.00 | Wait Cycles: 2 | Bonus: +10.00 | Adjusted: 10.00
[2026-07-24 21:30:33] [INFO] [TrafficSystem.FairnessManager]: [Fairness] Lane: North  | Base Score: 0.00 | Wait Cycles: 1 | Bonus: +5.00 | Adjusted: 5.00
[2026-07-24 21:30:33] [INFO] [TrafficSystem.SignalScheduler]: [Scheduler] Winner: East   | Score: 15.00 | Green: 35s | Reason: NORMAL
[2026-07-24 21:30:33] [INFO] [TrafficSystem.FairnessManager]: [Fairness Updated] Green: 'East' (Reset to 0). Waiting cycles: {'North': 2, 'South': 1, 'East': 0, 'West': 3}
[2026-07-24 21:30:33] [INFO] [TrafficSystem.SignalController]: [ESP32 Hardware Command #75] GREEN -> 'East' (35s) | Reason: NORMAL
[2026-07-24 21:30:34] [INFO] [TrafficSystem.PriorityCalculator]: [Rank #1] Lane: North  | PCE: 0.00  | Queue: 0.00  | Congestion: 0.00  | Total: 0.00
[2026-07-24 21:30:34] [INFO] [TrafficSystem.PriorityCalculator]: [Rank #2] Lane: South  | PCE: 0.00  | Queue: 0.00  | Congestion: 0.00  | Total: 0.00
[2026-07-24 21:30:34] [INFO] [TrafficSystem.PriorityCalculator]: [Rank #3] Lane: East   | PCE: 0.00  | Queue: 0.00  | Congestion: 0.00  | Total: 0.00
[2026-07-24 21:30:34] [INFO] [TrafficSystem.PriorityCalculator]: [Rank #4] Lane: West   | PCE: 0.00  | Queue: 0.00  | Congestion: 0.00  | Total: 0.00
[2026-07-24 21:30:34] [INFO] [TrafficSystem.FairnessManager]: [Fairness] Lane: West   | Base Score: 0.00 | Wait Cycles: 3 | Bonus: +15.00 | Adjusted: 15.00
[2026-07-24 21:30:34] [INFO] [TrafficSystem.FairnessManager]: [Fairness] Lane: North  | Base Score: 0.00 | Wait Cycles: 2 | Bonus: +10.00 | Adjusted: 10.00
[2026-07-24 21:30:34] [INFO] [TrafficSystem.FairnessManager]: [Fairness] Lane: South  | Base Score: 0.00 | Wait Cycles: 1 | Bonus: +5.00 | Adjusted: 5.00
[2026-07-24 21:30:34] [INFO] [TrafficSystem.SignalScheduler]: [Scheduler] Winner: West   | Score: 15.00 | Green: 35s | Reason: NORMAL
[2026-07-24 21:30:34] [INFO] [TrafficSystem.FairnessManager]: [Fairness Updated] Green: 'West' (Reset to 0). Waiting cycles: {'North': 3, 'South': 2, 'East': 1, 'West': 0}
[2026-07-24 21:30:34] [INFO] [TrafficSystem.SignalController]: [ESP32 Hardware Command #76] GREEN -> 'West' (35s) | Reason: NORMAL
[2026-07-24 21:30:34] [INFO] [TrafficSystem.PriorityCalculator]: [Rank #1] Lane: North  | PCE: 0.00  | Queue: 0.00  | Congestion: 0.00  | Total: 0.00
[2026-07-24 21:30:34] [INFO] [TrafficSystem.PriorityCalculator]: [Rank #2] Lane: South  | PCE: 0.00  | Queue: 0.00  | Congestion: 0.00  | Total: 0.00
[2026-07-24 21:30:34] [INFO] [TrafficSystem.PriorityCalculator]: [Rank #3] Lane: East   | PCE: 0.00  | Queue: 0.00  | Congestion: 0.00  | Total: 0.00
[2026-07-24 21:30:34] [INFO] [TrafficSystem.PriorityCalculator]: [Rank #4] Lane: West   | PCE: 0.00  | Queue: 0.00  | Congestion: 0.00  | Total: 0.00
[2026-07-24 21:30:34] [INFO] [TrafficSystem.FairnessManager]: [Fairness] Lane: North  | Base Score: 0.00 | Wait Cycles: 3 | Bonus: +15.00 | Adjusted: 15.00
[2026-07-24 21:30:34] [INFO] [TrafficSystem.FairnessManager]: [Fairness] Lane: South  | Base Score: 0.00 | Wait Cycles: 2 | Bonus: +10.00 | Adjusted: 10.00
[2026-07-24 21:30:34] [INFO] [TrafficSystem.FairnessManager]: [Fairness] Lane: East   | Base Score: 0.00 | Wait Cycles: 1 | Bonus: +5.00 | Adjusted: 5.00
[2026-07-24 21:30:34] [INFO] [TrafficSystem.SignalScheduler]: [Scheduler] Winner: North  | Score: 15.00 | Green: 35s | Reason: NORMAL
[2026-07-24 21:30:34] [INFO] [TrafficSystem.FairnessManager]: [Fairness Updated] Green: 'North' (Reset to 0). Waiting cycles: {'North': 0, 'South': 3, 'East': 2, 'West': 1}
[2026-07-24 21:30:34] [INFO] [TrafficSystem.SignalController]: [ESP32 Hardware Command #77] GREEN -> 'North' (35s) | Reason: NORMAL
[2026-07-24 21:30:34] [INFO] [TrafficSystem.PriorityCalculator]: [Rank #1] Lane: North  | PCE: 0.00  | Queue: 0.00  | Congestion: 0.00  | Total: 0.00
[2026-07-24 21:30:34] [INFO] [TrafficSystem.PriorityCalculator]: [Rank #2] Lane: South  | PCE: 0.00  | Queue: 0.00  | Congestion: 0.00  | Total: 0.00
[2026-07-24 21:30:34] [INFO] [TrafficSystem.PriorityCalculator]: [Rank #3] Lane: East   | PCE: 0.00  | Queue: 0.00  | Congestion: 0.00  | Total: 0.00
[2026-07-24 21:30:34] [INFO] [TrafficSystem.PriorityCalculator]: [Rank #4] Lane: West   | PCE: 0.00  | Queue: 0.00  | Congestion: 0.00  | Total: 0.00
[2026-07-24 21:30:34] [INFO] [TrafficSystem.FairnessManager]: [Fairness] Lane: South  | Base Score: 0.00 | Wait Cycles: 3 | Bonus: +15.00 | Adjusted: 15.00
[2026-07-24 21:30:34] [INFO] [TrafficSystem.FairnessManager]: [Fairness] Lane: East   | Base Score: 0.00 | Wait Cycles: 2 | Bonus: +10.00 | Adjusted: 10.00
[2026-07-24 21:30:34] [INFO] [TrafficSystem.FairnessManager]: [Fairness] Lane: West   | Base Score: 0.00 | Wait Cycles: 1 | Bonus: +5.00 | Adjusted: 5.00
[2026-07-24 21:30:34] [INFO] [TrafficSystem.SignalScheduler]: [Scheduler] Winner: South  | Score: 15.00 | Green: 35s | Reason: NORMAL
[2026-07-24 21:30:34] [INFO] [TrafficSystem.FairnessManager]: [Fairness Updated] Green: 'South' (Reset to 0). Waiting cycles: {'North': 1, 'South': 0, 'East': 3, 'West': 2}
[2026-07-24 21:30:34] [INFO] [TrafficSystem.SignalController]: [ESP32 Hardware Command #78] GREEN -> 'South' (35s) | Reason: NORMAL
[2026-07-24 21:30:35] [INFO] [TrafficSystem.PriorityCalculator]: [Rank #1] Lane: North  | PCE: 0.00  | Queue: 0.00  | Congestion: 0.00  | Total: 0.00
[2026-07-24 21:30:35] [INFO] [TrafficSystem.PriorityCalculator]: [Rank #2] Lane: South  | PCE: 0.00  | Queue: 0.00  | Congestion: 0.00  | Total: 0.00
[2026-07-24 21:30:35] [INFO] [TrafficSystem.PriorityCalculator]: [Rank #3] Lane: East   | PCE: 0.00  | Queue: 0.00  | Congestion: 0.00  | Total: 0.00
[2026-07-24 21:30:35] [INFO] [TrafficSystem.PriorityCalculator]: [Rank #4] Lane: West   | PCE: 0.00  | Queue: 0.00  | Congestion: 0.00  | Total: 0.00
[2026-07-24 21:30:35] [INFO] [TrafficSystem.FairnessManager]: [Fairness] Lane: East   | Base Score: 0.00 | Wait Cycles: 3 | Bonus: +15.00 | Adjusted: 15.00
[2026-07-24 21:30:35] [INFO] [TrafficSystem.FairnessManager]: [Fairness] Lane: West   | Base Score: 0.00 | Wait Cycles: 2 | Bonus: +10.00 | Adjusted: 10.00
[2026-07-24 21:30:35] [INFO] [TrafficSystem.FairnessManager]: [Fairness] Lane: North  | Base Score: 0.00 | Wait Cycles: 1 | Bonus: +5.00 | Adjusted: 5.00
[2026-07-24 21:30:35] [INFO] [TrafficSystem.SignalScheduler]: [Scheduler] Winner: East   | Score: 15.00 | Green: 35s | Reason: NORMAL
[2026-07-24 21:30:35] [INFO] [TrafficSystem.FairnessManager]: [Fairness Updated] Green: 'East' (Reset to 0). Waiting cycles: {'North': 2, 'South': 1, 'East': 0, 'West': 3}
[2026-07-24 21:30:35] [INFO] [TrafficSystem.SignalController]: [ESP32 Hardware Command #79] GREEN -> 'East' (35s) | Reason: NORMAL
[2026-07-24 21:30:35] [INFO] [TrafficSystem.PriorityCalculator]: [Rank #1] Lane: North  | PCE: 0.00  | Queue: 0.00  | Congestion: 0.00  | Total: 0.00
[2026-07-24 21:30:35] [INFO] [TrafficSystem.PriorityCalculator]: [Rank #2] Lane: South  | PCE: 0.00  | Queue: 0.00  | Congestion: 0.00  | Total: 0.00
[2026-07-24 21:30:35] [INFO] [TrafficSystem.PriorityCalculator]: [Rank #3] Lane: East   | PCE: 0.00  | Queue: 0.00  | Congestion: 0.00  | Total: 0.00
[2026-07-24 21:30:35] [INFO] [TrafficSystem.PriorityCalculator]: [Rank #4] Lane: West   | PCE: 0.00  | Queue: 0.00  | Congestion: 0.00  | Total: 0.00
[2026-07-24 21:30:35] [INFO] [TrafficSystem.FairnessManager]: [Fairness] Lane: West   | Base Score: 0.00 | Wait Cycles: 3 | Bonus: +15.00 | Adjusted: 15.00
[2026-07-24 21:30:35] [INFO] [TrafficSystem.FairnessManager]: [Fairness] Lane: North  | Base Score: 0.00 | Wait Cycles: 2 | Bonus: +10.00 | Adjusted: 10.00
[2026-07-24 21:30:35] [INFO] [TrafficSystem.FairnessManager]: [Fairness] Lane: South  | Base Score: 0.00 | Wait Cycles: 1 | Bonus: +5.00 | Adjusted: 5.00
[2026-07-24 21:30:35] [INFO] [TrafficSystem.SignalScheduler]: [Scheduler] Winner: West   | Score: 15.00 | Green: 35s | Reason: NORMAL
[2026-07-24 21:30:35] [INFO] [TrafficSystem.FairnessManager]: [Fairness Updated] Green: 'West' (Reset to 0). Waiting cycles: {'North': 3, 'South': 2, 'East': 1, 'West': 0}
[2026-07-24 21:30:35] [INFO] [TrafficSystem.SignalController]: [ESP32 Hardware Command #80] GREEN -> 'West' (35s) | Reason: NORMAL
[2026-07-24 21:30:36] [INFO] [TrafficSystem.PriorityCalculator]: [Rank #1] Lane: North  | PCE: 0.00  | Queue: 0.00  | Congestion: 0.00  | Total: 0.00
[2026-07-24 21:30:36] [INFO] [TrafficSystem.PriorityCalculator]: [Rank #2] Lane: South  | PCE: 0.00  | Queue: 0.00  | Congestion: 0.00  | Total: 0.00
[2026-07-24 21:30:36] [INFO] [TrafficSystem.PriorityCalculator]: [Rank #3] Lane: East   | PCE: 0.00  | Queue: 0.00  | Congestion: 0.00  | Total: 0.00
[2026-07-24 21:30:36] [INFO] [TrafficSystem.PriorityCalculator]: [Rank #4] Lane: West   | PCE: 0.00  | Queue: 0.00  | Congestion: 0.00  | Total: 0.00
[2026-07-24 21:30:36] [INFO] [TrafficSystem.FairnessManager]: [Fairness] Lane: North  | Base Score: 0.00 | Wait Cycles: 3 | Bonus: +15.00 | Adjusted: 15.00
[2026-07-24 21:30:36] [INFO] [TrafficSystem.FairnessManager]: [Fairness] Lane: South  | Base Score: 0.00 | Wait Cycles: 2 | Bonus: +10.00 | Adjusted: 10.00
[2026-07-24 21:30:36] [INFO] [TrafficSystem.FairnessManager]: [Fairness] Lane: East   | Base Score: 0.00 | Wait Cycles: 1 | Bonus: +5.00 | Adjusted: 5.00
[2026-07-24 21:30:36] [INFO] [TrafficSystem.SignalScheduler]: [Scheduler] Winner: North  | Score: 15.00 | Green: 35s | Reason: NORMAL
[2026-07-24 21:30:36] [INFO] [TrafficSystem.FairnessManager]: [Fairness Updated] Green: 'North' (Reset to 0). Waiting cycles: {'North': 0, 'South': 3, 'East': 2, 'West': 1}
[2026-07-24 21:30:36] [INFO] [TrafficSystem.SignalController]: [ESP32 Hardware Command #81] GREEN -> 'North' (35s) | Reason: NORMAL
[2026-07-24 21:30:36] [INFO] [TrafficSystem.PriorityCalculator]: [Rank #1] Lane: North  | PCE: 0.00  | Queue: 0.00  | Congestion: 0.00  | Total: 0.00
[2026-07-24 21:30:36] [INFO] [TrafficSystem.PriorityCalculator]: [Rank #2] Lane: South  | PCE: 0.00  | Queue: 0.00  | Congestion: 0.00  | Total: 0.00
[2026-07-24 21:30:36] [INFO] [TrafficSystem.PriorityCalculator]: [Rank #3] Lane: East   | PCE: 0.00  | Queue: 0.00  | Congestion: 0.00  | Total: 0.00
[2026-07-24 21:30:36] [INFO] [TrafficSystem.PriorityCalculator]: [Rank #4] Lane: West   | PCE: 0.00  | Queue: 0.00  | Congestion: 0.00  | Total: 0.00
[2026-07-24 21:30:36] [INFO] [TrafficSystem.FairnessManager]: [Fairness] Lane: South  | Base Score: 0.00 | Wait Cycles: 3 | Bonus: +15.00 | Adjusted: 15.00
[2026-07-24 21:30:36] [INFO] [TrafficSystem.FairnessManager]: [Fairness] Lane: East   | Base Score: 0.00 | Wait Cycles: 2 | Bonus: +10.00 | Adjusted: 10.00
[2026-07-24 21:30:36] [INFO] [TrafficSystem.FairnessManager]: [Fairness] Lane: West   | Base Score: 0.00 | Wait Cycles: 1 | Bonus: +5.00 | Adjusted: 5.00
[2026-07-24 21:30:36] [INFO] [TrafficSystem.SignalScheduler]: [Scheduler] Winner: South  | Score: 15.00 | Green: 35s | Reason: NORMAL
[2026-07-24 21:30:36] [INFO] [TrafficSystem.FairnessManager]: [Fairness Updated] Green: 'South' (Reset to 0). Waiting cycles: {'North': 1, 'South': 0, 'East': 3, 'West': 2}
[2026-07-24 21:30:36] [INFO] [TrafficSystem.SignalController]: [ESP32 Hardware Command #82] GREEN -> 'South' (35s) | Reason: NORMAL
[2026-07-24 21:30:37] [INFO] [TrafficSystem.PriorityCalculator]: [Rank #1] Lane: North  | PCE: 0.00  | Queue: 0.00  | Congestion: 0.00  | Total: 0.00
[2026-07-24 21:30:37] [INFO] [TrafficSystem.PriorityCalculator]: [Rank #2] Lane: South  | PCE: 0.00  | Queue: 0.00  | Congestion: 0.00  | Total: 0.00
[2026-07-24 21:30:37] [INFO] [TrafficSystem.PriorityCalculator]: [Rank #3] Lane: East   | PCE: 0.00  | Queue: 0.00  | Congestion: 0.00  | Total: 0.00
[2026-07-24 21:30:37] [INFO] [TrafficSystem.PriorityCalculator]: [Rank #4] Lane: West   | PCE: 0.00  | Queue: 0.00  | Congestion: 0.00  | Total: 0.00
[2026-07-24 21:30:37] [INFO] [TrafficSystem.FairnessManager]: [Fairness] Lane: East   | Base Score: 0.00 | Wait Cycles: 3 | Bonus: +15.00 | Adjusted: 15.00
[2026-07-24 21:30:37] [INFO] [TrafficSystem.FairnessManager]: [Fairness] Lane: West   | Base Score: 0.00 | Wait Cycles: 2 | Bonus: +10.00 | Adjusted: 10.00
[2026-07-24 21:30:37] [INFO] [TrafficSystem.FairnessManager]: [Fairness] Lane: North  | Base Score: 0.00 | Wait Cycles: 1 | Bonus: +5.00 | Adjusted: 5.00
[2026-07-24 21:30:37] [INFO] [TrafficSystem.SignalScheduler]: [Scheduler] Winner: East   | Score: 15.00 | Green: 35s | Reason: NORMAL
[2026-07-24 21:30:37] [INFO] [TrafficSystem.FairnessManager]: [Fairness Updated] Green: 'East' (Reset to 0). Waiting cycles: {'North': 2, 'South': 1, 'East': 0, 'West': 3}
[2026-07-24 21:30:37] [INFO] [TrafficSystem.SignalController]: [ESP32 Hardware Command #83] GREEN -> 'East' (35s) | Reason: NORMAL
[2026-07-24 21:30:37] [INFO] [TrafficSystem.PriorityCalculator]: [Rank #1] Lane: North  | PCE: 0.00  | Queue: 0.00  | Congestion: 0.00  | Total: 0.00
[2026-07-24 21:30:37] [INFO] [TrafficSystem.PriorityCalculator]: [Rank #2] Lane: South  | PCE: 0.00  | Queue: 0.00  | Congestion: 0.00  | Total: 0.00
[2026-07-24 21:30:37] [INFO] [TrafficSystem.PriorityCalculator]: [Rank #3] Lane: East   | PCE: 0.00  | Queue: 0.00  | Congestion: 0.00  | Total: 0.00
[2026-07-24 21:30:37] [INFO] [TrafficSystem.PriorityCalculator]: [Rank #4] Lane: West   | PCE: 0.00  | Queue: 0.00  | Congestion: 0.00  | Total: 0.00
[2026-07-24 21:30:37] [INFO] [TrafficSystem.FairnessManager]: [Fairness] Lane: West   | Base Score: 0.00 | Wait Cycles: 3 | Bonus: +15.00 | Adjusted: 15.00
[2026-07-24 21:30:37] [INFO] [TrafficSystem.FairnessManager]: [Fairness] Lane: North  | Base Score: 0.00 | Wait Cycles: 2 | Bonus: +10.00 | Adjusted: 10.00
[2026-07-24 21:30:37] [INFO] [TrafficSystem.FairnessManager]: [Fairness] Lane: South  | Base Score: 0.00 | Wait Cycles: 1 | Bonus: +5.00 | Adjusted: 5.00
[2026-07-24 21:30:37] [INFO] [TrafficSystem.SignalScheduler]: [Scheduler] Winner: West   | Score: 15.00 | Green: 35s | Reason: NORMAL
[2026-07-24 21:30:37] [INFO] [TrafficSystem.FairnessManager]: [Fairness Updated] Green: 'West' (Reset to 0). Waiting cycles: {'North': 3, 'South': 2, 'East': 1, 'West': 0}
[2026-07-24 21:30:37] [INFO] [TrafficSystem.SignalController]: [ESP32 Hardware Command #84] GREEN -> 'West' (35s) | Reason: NORMAL
[2026-07-24 21:30:38] [INFO] [TrafficSystem.PriorityCalculator]: [Rank #1] Lane: North  | PCE: 0.00  | Queue: 0.00  | Congestion: 0.00  | Total: 0.00
[2026-07-24 21:30:38] [INFO] [TrafficSystem.PriorityCalculator]: [Rank #2] Lane: South  | PCE: 0.00  | Queue: 0.00  | Congestion: 0.00  | Total: 0.00
[2026-07-24 21:30:38] [INFO] [TrafficSystem.PriorityCalculator]: [Rank #3] Lane: East   | PCE: 0.00  | Queue: 0.00  | Congestion: 0.00  | Total: 0.00
[2026-07-24 21:30:38] [INFO] [TrafficSystem.PriorityCalculator]: [Rank #4] Lane: West   | PCE: 0.00  | Queue: 0.00  | Congestion: 0.00  | Total: 0.00
[2026-07-24 21:30:38] [INFO] [TrafficSystem.FairnessManager]: [Fairness] Lane: North  | Base Score: 0.00 | Wait Cycles: 3 | Bonus: +15.00 | Adjusted: 15.00
[2026-07-24 21:30:38] [INFO] [TrafficSystem.FairnessManager]: [Fairness] Lane: South  | Base Score: 0.00 | Wait Cycles: 2 | Bonus: +10.00 | Adjusted: 10.00
[2026-07-24 21:30:38] [INFO] [TrafficSystem.FairnessManager]: [Fairness] Lane: East   | Base Score: 0.00 | Wait Cycles: 1 | Bonus: +5.00 | Adjusted: 5.00
[2026-07-24 21:30:38] [INFO] [TrafficSystem.SignalScheduler]: [Scheduler] Winner: North  | Score: 15.00 | Green: 35s | Reason: NORMAL
[2026-07-24 21:30:38] [INFO] [TrafficSystem.FairnessManager]: [Fairness Updated] Green: 'North' (Reset to 0). Waiting cycles: {'North': 0, 'South': 3, 'East': 2, 'West': 1}
[2026-07-24 21:30:38] [INFO] [TrafficSystem.SignalController]: [ESP32 Hardware Command #85] GREEN -> 'North' (35s) | Reason: NORMAL
[2026-07-24 21:30:38] [INFO] [TrafficSystem.PriorityCalculator]: [Rank #1] Lane: North  | PCE: 0.00  | Queue: 0.00  | Congestion: 0.00  | Total: 0.00
[2026-07-24 21:30:38] [INFO] [TrafficSystem.PriorityCalculator]: [Rank #2] Lane: South  | PCE: 0.00  | Queue: 0.00  | Congestion: 0.00  | Total: 0.00
[2026-07-24 21:30:38] [INFO] [TrafficSystem.PriorityCalculator]: [Rank #3] Lane: East   | PCE: 0.00  | Queue: 0.00  | Congestion: 0.00  | Total: 0.00
[2026-07-24 21:30:38] [INFO] [TrafficSystem.PriorityCalculator]: [Rank #4] Lane: West   | PCE: 0.00  | Queue: 0.00  | Congestion: 0.00  | Total: 0.00
[2026-07-24 21:30:38] [INFO] [TrafficSystem.FairnessManager]: [Fairness] Lane: South  | Base Score: 0.00 | Wait Cycles: 3 | Bonus: +15.00 | Adjusted: 15.00
[2026-07-24 21:30:38] [INFO] [TrafficSystem.FairnessManager]: [Fairness] Lane: East   | Base Score: 0.00 | Wait Cycles: 2 | Bonus: +10.00 | Adjusted: 10.00
[2026-07-24 21:30:38] [INFO] [TrafficSystem.FairnessManager]: [Fairness] Lane: West   | Base Score: 0.00 | Wait Cycles: 1 | Bonus: +5.00 | Adjusted: 5.00
[2026-07-24 21:30:38] [INFO] [TrafficSystem.SignalScheduler]: [Scheduler] Winner: South  | Score: 15.00 | Green: 35s | Reason: NORMAL
[2026-07-24 21:30:38] [INFO] [TrafficSystem.FairnessManager]: [Fairness Updated] Green: 'South' (Reset to 0). Waiting cycles: {'North': 1, 'South': 0, 'East': 3, 'West': 2}
[2026-07-24 21:30:38] [INFO] [TrafficSystem.SignalController]: [ESP32 Hardware Command #86] GREEN -> 'South' (35s) | Reason: NORMAL
[2026-07-24 21:30:39] [INFO] [TrafficSystem.PriorityCalculator]: [Rank #1] Lane: North  | PCE: 0.00  | Queue: 0.00  | Congestion: 0.00  | Total: 0.00
[2026-07-24 21:30:39] [INFO] [TrafficSystem.PriorityCalculator]: [Rank #2] Lane: South  | PCE: 0.00  | Queue: 0.00  | Congestion: 0.00  | Total: 0.00
[2026-07-24 21:30:39] [INFO] [TrafficSystem.PriorityCalculator]: [Rank #3] Lane: East   | PCE: 0.00  | Queue: 0.00  | Congestion: 0.00  | Total: 0.00
[2026-07-24 21:30:39] [INFO] [TrafficSystem.PriorityCalculator]: [Rank #4] Lane: West   | PCE: 0.00  | Queue: 0.00  | Congestion: 0.00  | Total: 0.00
[2026-07-24 21:30:39] [INFO] [TrafficSystem.FairnessManager]: [Fairness] Lane: East   | Base Score: 0.00 | Wait Cycles: 3 | Bonus: +15.00 | Adjusted: 15.00
[2026-07-24 21:30:39] [INFO] [TrafficSystem.FairnessManager]: [Fairness] Lane: West   | Base Score: 0.00 | Wait Cycles: 2 | Bonus: +10.00 | Adjusted: 10.00
[2026-07-24 21:30:39] [INFO] [TrafficSystem.FairnessManager]: [Fairness] Lane: North  | Base Score: 0.00 | Wait Cycles: 1 | Bonus: +5.00 | Adjusted: 5.00
[2026-07-24 21:30:39] [INFO] [TrafficSystem.SignalScheduler]: [Scheduler] Winner: East   | Score: 15.00 | Green: 35s | Reason: NORMAL
[2026-07-24 21:30:39] [INFO] [TrafficSystem.FairnessManager]: [Fairness Updated] Green: 'East' (Reset to 0). Waiting cycles: {'North': 2, 'South': 1, 'East': 0, 'West': 3}
[2026-07-24 21:30:39] [INFO] [TrafficSystem.SignalController]: [ESP32 Hardware Command #87] GREEN -> 'East' (35s) | Reason: NORMAL
[2026-07-24 21:30:39] [INFO] [TrafficSystem.PriorityCalculator]: [Rank #1] Lane: North  | PCE: 0.00  | Queue: 0.00  | Congestion: 0.00  | Total: 0.00
[2026-07-24 21:30:39] [INFO] [TrafficSystem.PriorityCalculator]: [Rank #2] Lane: South  | PCE: 0.00  | Queue: 0.00  | Congestion: 0.00  | Total: 0.00
[2026-07-24 21:30:39] [INFO] [TrafficSystem.PriorityCalculator]: [Rank #3] Lane: East   | PCE: 0.00  | Queue: 0.00  | Congestion: 0.00  | Total: 0.00
[2026-07-24 21:30:39] [INFO] [TrafficSystem.PriorityCalculator]: [Rank #4] Lane: West   | PCE: 0.00  | Queue: 0.00  | Congestion: 0.00  | Total: 0.00
[2026-07-24 21:30:39] [INFO] [TrafficSystem.FairnessManager]: [Fairness] Lane: West   | Base Score: 0.00 | Wait Cycles: 3 | Bonus: +15.00 | Adjusted: 15.00
[2026-07-24 21:30:39] [INFO] [TrafficSystem.FairnessManager]: [Fairness] Lane: North  | Base Score: 0.00 | Wait Cycles: 2 | Bonus: +10.00 | Adjusted: 10.00
[2026-07-24 21:30:39] [INFO] [TrafficSystem.FairnessManager]: [Fairness] Lane: South  | Base Score: 0.00 | Wait Cycles: 1 | Bonus: +5.00 | Adjusted: 5.00
[2026-07-24 21:30:39] [INFO] [TrafficSystem.SignalScheduler]: [Scheduler] Winner: West   | Score: 15.00 | Green: 35s | Reason: NORMAL
[2026-07-24 21:30:39] [INFO] [TrafficSystem.FairnessManager]: [Fairness Updated] Green: 'West' (Reset to 0). Waiting cycles: {'North': 3, 'South': 2, 'East': 1, 'West': 0}
[2026-07-24 21:30:39] [INFO] [TrafficSystem.SignalController]: [ESP32 Hardware Command #88] GREEN -> 'West' (35s) | Reason: NORMAL
[2026-07-24 21:30:40] [INFO] [TrafficSystem.PriorityCalculator]: [Rank #1] Lane: North  | PCE: 0.00  | Queue: 0.00  | Congestion: 0.00  | Total: 0.00
[2026-07-24 21:30:40] [INFO] [TrafficSystem.PriorityCalculator]: [Rank #2] Lane: South  | PCE: 0.00  | Queue: 0.00  | Congestion: 0.00  | Total: 0.00
[2026-07-24 21:30:40] [INFO] [TrafficSystem.PriorityCalculator]: [Rank #3] Lane: East   | PCE: 0.00  | Queue: 0.00  | Congestion: 0.00  | Total: 0.00
[2026-07-24 21:30:40] [INFO] [TrafficSystem.PriorityCalculator]: [Rank #4] Lane: West   | PCE: 0.00  | Queue: 0.00  | Congestion: 0.00  | Total: 0.00
[2026-07-24 21:30:40] [INFO] [TrafficSystem.FairnessManager]: [Fairness] Lane: North  | Base Score: 0.00 | Wait Cycles: 3 | Bonus: +15.00 | Adjusted: 15.00
[2026-07-24 21:30:40] [INFO] [TrafficSystem.FairnessManager]: [Fairness] Lane: South  | Base Score: 0.00 | Wait Cycles: 2 | Bonus: +10.00 | Adjusted: 10.00
[2026-07-24 21:30:40] [INFO] [TrafficSystem.FairnessManager]: [Fairness] Lane: East   | Base Score: 0.00 | Wait Cycles: 1 | Bonus: +5.00 | Adjusted: 5.00
[2026-07-24 21:30:40] [INFO] [TrafficSystem.SignalScheduler]: [Scheduler] Winner: North  | Score: 15.00 | Green: 35s | Reason: NORMAL
[2026-07-24 21:30:40] [INFO] [TrafficSystem.FairnessManager]: [Fairness Updated] Green: 'North' (Reset to 0). Waiting cycles: {'North': 0, 'South': 3, 'East': 2, 'West': 1}
[2026-07-24 21:30:40] [INFO] [TrafficSystem.SignalController]: [ESP32 Hardware Command #89] GREEN -> 'North' (35s) | Reason: NORMAL
[2026-07-24 21:30:40] [INFO] [TrafficSystem.PriorityCalculator]: [Rank #1] Lane: North  | PCE: 0.00  | Queue: 0.00  | Congestion: 0.00  | Total: 0.00
[2026-07-24 21:30:40] [INFO] [TrafficSystem.PriorityCalculator]: [Rank #2] Lane: South  | PCE: 0.00  | Queue: 0.00  | Congestion: 0.00  | Total: 0.00
[2026-07-24 21:30:40] [INFO] [TrafficSystem.PriorityCalculator]: [Rank #3] Lane: East   | PCE: 0.00  | Queue: 0.00  | Congestion: 0.00  | Total: 0.00
[2026-07-24 21:30:40] [INFO] [TrafficSystem.PriorityCalculator]: [Rank #4] Lane: West   | PCE: 0.00  | Queue: 0.00  | Congestion: 0.00  | Total: 0.00
[2026-07-24 21:30:40] [INFO] [TrafficSystem.FairnessManager]: [Fairness] Lane: South  | Base Score: 0.00 | Wait Cycles: 3 | Bonus: +15.00 | Adjusted: 15.00
[2026-07-24 21:30:40] [INFO] [TrafficSystem.FairnessManager]: [Fairness] Lane: East   | Base Score: 0.00 | Wait Cycles: 2 | Bonus: +10.00 | Adjusted: 10.00
[2026-07-24 21:30:40] [INFO] [TrafficSystem.FairnessManager]: [Fairness] Lane: West   | Base Score: 0.00 | Wait Cycles: 1 | Bonus: +5.00 | Adjusted: 5.00
[2026-07-24 21:30:40] [INFO] [TrafficSystem.SignalScheduler]: [Scheduler] Winner: South  | Score: 15.00 | Green: 35s | Reason: NORMAL
[2026-07-24 21:30:40] [INFO] [TrafficSystem.FairnessManager]: [Fairness Updated] Green: 'South' (Reset to 0). Waiting cycles: {'North': 1, 'South': 0, 'East': 3, 'West': 2}
[2026-07-24 21:30:40] [INFO] [TrafficSystem.SignalController]: [ESP32 Hardware Command #90] GREEN -> 'South' (35s) | Reason: NORMAL
[2026-07-24 21:30:40] [INFO] [TrafficSystem.PriorityCalculator]: [Rank #1] Lane: North  | PCE: 0.00  | Queue: 0.00  | Congestion: 0.00  | Total: 0.00
[2026-07-24 21:30:40] [INFO] [TrafficSystem.PriorityCalculator]: [Rank #2] Lane: South  | PCE: 0.00  | Queue: 0.00  | Congestion: 0.00  | Total: 0.00
[2026-07-24 21:30:40] [INFO] [TrafficSystem.PriorityCalculator]: [Rank #3] Lane: East   | PCE: 0.00  | Queue: 0.00  | Congestion: 0.00  | Total: 0.00
[2026-07-24 21:30:40] [INFO] [TrafficSystem.PriorityCalculator]: [Rank #4] Lane: West   | PCE: 0.00  | Queue: 0.00  | Congestion: 0.00  | Total: 0.00
[2026-07-24 21:30:40] [INFO] [TrafficSystem.FairnessManager]: [Fairness] Lane: East   | Base Score: 0.00 | Wait Cycles: 3 | Bonus: +15.00 | Adjusted: 15.00
[2026-07-24 21:30:40] [INFO] [TrafficSystem.FairnessManager]: [Fairness] Lane: West   | Base Score: 0.00 | Wait Cycles: 2 | Bonus: +10.00 | Adjusted: 10.00
[2026-07-24 21:30:40] [INFO] [TrafficSystem.FairnessManager]: [Fairness] Lane: North  | Base Score: 0.00 | Wait Cycles: 1 | Bonus: +5.00 | Adjusted: 5.00
[2026-07-24 21:30:40] [INFO] [TrafficSystem.SignalScheduler]: [Scheduler] Winner: East   | Score: 15.00 | Green: 35s | Reason: NORMAL
[2026-07-24 21:30:40] [INFO] [TrafficSystem.FairnessManager]: [Fairness Updated] Green: 'East' (Reset to 0). Waiting cycles: {'North': 2, 'South': 1, 'East': 0, 'West': 3}
[2026-07-24 21:30:40] [INFO] [TrafficSystem.SignalController]: [ESP32 Hardware Command #91] GREEN -> 'East' (35s) | Reason: NORMAL
[2026-07-24 21:30:41] [INFO] [TrafficSystem.PriorityCalculator]: [Rank #1] Lane: North  | PCE: 0.00  | Queue: 0.00  | Congestion: 0.00  | Total: 0.00
[2026-07-24 21:30:41] [INFO] [TrafficSystem.PriorityCalculator]: [Rank #2] Lane: South  | PCE: 0.00  | Queue: 0.00  | Congestion: 0.00  | Total: 0.00
[2026-07-24 21:30:41] [INFO] [TrafficSystem.PriorityCalculator]: [Rank #3] Lane: East   | PCE: 0.00  | Queue: 0.00  | Congestion: 0.00  | Total: 0.00
[2026-07-24 21:30:41] [INFO] [TrafficSystem.PriorityCalculator]: [Rank #4] Lane: West   | PCE: 0.00  | Queue: 0.00  | Congestion: 0.00  | Total: 0.00
[2026-07-24 21:30:41] [INFO] [TrafficSystem.FairnessManager]: [Fairness] Lane: West   | Base Score: 0.00 | Wait Cycles: 3 | Bonus: +15.00 | Adjusted: 15.00
[2026-07-24 21:30:41] [INFO] [TrafficSystem.FairnessManager]: [Fairness] Lane: North  | Base Score: 0.00 | Wait Cycles: 2 | Bonus: +10.00 | Adjusted: 10.00
[2026-07-24 21:30:41] [INFO] [TrafficSystem.FairnessManager]: [Fairness] Lane: South  | Base Score: 0.00 | Wait Cycles: 1 | Bonus: +5.00 | Adjusted: 5.00
[2026-07-24 21:30:41] [INFO] [TrafficSystem.SignalScheduler]: [Scheduler] Winner: West   | Score: 15.00 | Green: 35s | Reason: NORMAL
[2026-07-24 21:30:41] [INFO] [TrafficSystem.FairnessManager]: [Fairness Updated] Green: 'West' (Reset to 0). Waiting cycles: {'North': 3, 'South': 2, 'East': 1, 'West': 0}
[2026-07-24 21:30:41] [INFO] [TrafficSystem.SignalController]: [ESP32 Hardware Command #92] GREEN -> 'West' (35s) | Reason: NORMAL
[2026-07-24 21:30:41] [INFO] [TrafficSystem.PriorityCalculator]: [Rank #1] Lane: North  | PCE: 0.00  | Queue: 0.00  | Congestion: 0.00  | Total: 0.00
[2026-07-24 21:30:41] [INFO] [TrafficSystem.PriorityCalculator]: [Rank #2] Lane: South  | PCE: 0.00  | Queue: 0.00  | Congestion: 0.00  | Total: 0.00
[2026-07-24 21:30:41] [INFO] [TrafficSystem.PriorityCalculator]: [Rank #3] Lane: East   | PCE: 0.00  | Queue: 0.00  | Congestion: 0.00  | Total: 0.00
[2026-07-24 21:30:41] [INFO] [TrafficSystem.PriorityCalculator]: [Rank #4] Lane: West   | PCE: 0.00  | Queue: 0.00  | Congestion: 0.00  | Total: 0.00
[2026-07-24 21:30:41] [INFO] [TrafficSystem.FairnessManager]: [Fairness] Lane: North  | Base Score: 0.00 | Wait Cycles: 3 | Bonus: +15.00 | Adjusted: 15.00
[2026-07-24 21:30:41] [INFO] [TrafficSystem.FairnessManager]: [Fairness] Lane: South  | Base Score: 0.00 | Wait Cycles: 2 | Bonus: +10.00 | Adjusted: 10.00
[2026-07-24 21:30:41] [INFO] [TrafficSystem.FairnessManager]: [Fairness] Lane: East   | Base Score: 0.00 | Wait Cycles: 1 | Bonus: +5.00 | Adjusted: 5.00
[2026-07-24 21:30:41] [INFO] [TrafficSystem.SignalScheduler]: [Scheduler] Winner: North  | Score: 15.00 | Green: 35s | Reason: NORMAL
[2026-07-24 21:30:41] [INFO] [TrafficSystem.FairnessManager]: [Fairness Updated] Green: 'North' (Reset to 0). Waiting cycles: {'North': 0, 'South': 3, 'East': 2, 'West': 1}
[2026-07-24 21:30:41] [INFO] [TrafficSystem.SignalController]: [ESP32 Hardware Command #93] GREEN -> 'North' (35s) | Reason: NORMAL
[2026-07-24 21:30:42] [INFO] [TrafficSystem.PriorityCalculator]: [Rank #1] Lane: North  | PCE: 0.00  | Queue: 0.00  | Congestion: 0.00  | Total: 0.00
[2026-07-24 21:30:42] [INFO] [TrafficSystem.PriorityCalculator]: [Rank #2] Lane: South  | PCE: 0.00  | Queue: 0.00  | Congestion: 0.00  | Total: 0.00
[2026-07-24 21:30:42] [INFO] [TrafficSystem.PriorityCalculator]: [Rank #3] Lane: East   | PCE: 0.00  | Queue: 0.00  | Congestion: 0.00  | Total: 0.00
[2026-07-24 21:30:42] [INFO] [TrafficSystem.PriorityCalculator]: [Rank #4] Lane: West   | PCE: 0.00  | Queue: 0.00  | Congestion: 0.00  | Total: 0.00
[2026-07-24 21:30:42] [INFO] [TrafficSystem.FairnessManager]: [Fairness] Lane: South  | Base Score: 0.00 | Wait Cycles: 3 | Bonus: +15.00 | Adjusted: 15.00
[2026-07-24 21:30:42] [INFO] [TrafficSystem.FairnessManager]: [Fairness] Lane: East   | Base Score: 0.00 | Wait Cycles: 2 | Bonus: +10.00 | Adjusted: 10.00
[2026-07-24 21:30:42] [INFO] [TrafficSystem.FairnessManager]: [Fairness] Lane: West   | Base Score: 0.00 | Wait Cycles: 1 | Bonus: +5.00 | Adjusted: 5.00
[2026-07-24 21:30:42] [INFO] [TrafficSystem.SignalScheduler]: [Scheduler] Winner: South  | Score: 15.00 | Green: 35s | Reason: NORMAL
[2026-07-24 21:30:42] [INFO] [TrafficSystem.FairnessManager]: [Fairness Updated] Green: 'South' (Reset to 0). Waiting cycles: {'North': 1, 'South': 0, 'East': 3, 'West': 2}
[2026-07-24 21:30:42] [INFO] [TrafficSystem.SignalController]: [ESP32 Hardware Command #94] GREEN -> 'South' (35s) | Reason: NORMAL
[2026-07-24 21:30:42] [INFO] [TrafficSystem.PriorityCalculator]: [Rank #1] Lane: North  | PCE: 0.00  | Queue: 0.00  | Congestion: 0.00  | Total: 0.00
[2026-07-24 21:30:42] [INFO] [TrafficSystem.PriorityCalculator]: [Rank #2] Lane: South  | PCE: 0.00  | Queue: 0.00  | Congestion: 0.00  | Total: 0.00
[2026-07-24 21:30:42] [INFO] [TrafficSystem.PriorityCalculator]: [Rank #3] Lane: East   | PCE: 0.00  | Queue: 0.00  | Congestion: 0.00  | Total: 0.00
[2026-07-24 21:30:42] [INFO] [TrafficSystem.PriorityCalculator]: [Rank #4] Lane: West   | PCE: 0.00  | Queue: 0.00  | Congestion: 0.00  | Total: 0.00
[2026-07-24 21:30:42] [INFO] [TrafficSystem.FairnessManager]: [Fairness] Lane: East   | Base Score: 0.00 | Wait Cycles: 3 | Bonus: +15.00 | Adjusted: 15.00
[2026-07-24 21:30:42] [INFO] [TrafficSystem.FairnessManager]: [Fairness] Lane: West   | Base Score: 0.00 | Wait Cycles: 2 | Bonus: +10.00 | Adjusted: 10.00
[2026-07-24 21:30:42] [INFO] [TrafficSystem.FairnessManager]: [Fairness] Lane: North  | Base Score: 0.00 | Wait Cycles: 1 | Bonus: +5.00 | Adjusted: 5.00
[2026-07-24 21:30:42] [INFO] [TrafficSystem.SignalScheduler]: [Scheduler] Winner: East   | Score: 15.00 | Green: 35s | Reason: NORMAL
[2026-07-24 21:30:42] [INFO] [TrafficSystem.FairnessManager]: [Fairness Updated] Green: 'East' (Reset to 0). Waiting cycles: {'North': 2, 'South': 1, 'East': 0, 'West': 3}
[2026-07-24 21:30:42] [INFO] [TrafficSystem.SignalController]: [ESP32 Hardware Command #95] GREEN -> 'East' (35s) | Reason: NORMAL
[2026-07-24 21:30:43] [INFO] [TrafficSystem.PriorityCalculator]: [Rank #1] Lane: North  | PCE: 0.00  | Queue: 0.00  | Congestion: 0.00  | Total: 0.00
[2026-07-24 21:30:43] [INFO] [TrafficSystem.PriorityCalculator]: [Rank #2] Lane: South  | PCE: 0.00  | Queue: 0.00  | Congestion: 0.00  | Total: 0.00
[2026-07-24 21:30:43] [INFO] [TrafficSystem.PriorityCalculator]: [Rank #3] Lane: East   | PCE: 0.00  | Queue: 0.00  | Congestion: 0.00  | Total: 0.00
[2026-07-24 21:30:43] [INFO] [TrafficSystem.PriorityCalculator]: [Rank #4] Lane: West   | PCE: 0.00  | Queue: 0.00  | Congestion: 0.00  | Total: 0.00
[2026-07-24 21:30:43] [INFO] [TrafficSystem.FairnessManager]: [Fairness] Lane: West   | Base Score: 0.00 | Wait Cycles: 3 | Bonus: +15.00 | Adjusted: 15.00
[2026-07-24 21:30:43] [INFO] [TrafficSystem.FairnessManager]: [Fairness] Lane: North  | Base Score: 0.00 | Wait Cycles: 2 | Bonus: +10.00 | Adjusted: 10.00
[2026-07-24 21:30:43] [INFO] [TrafficSystem.FairnessManager]: [Fairness] Lane: South  | Base Score: 0.00 | Wait Cycles: 1 | Bonus: +5.00 | Adjusted: 5.00
[2026-07-24 21:30:43] [INFO] [TrafficSystem.SignalScheduler]: [Scheduler] Winner: West   | Score: 15.00 | Green: 35s | Reason: NORMAL
[2026-07-24 21:30:43] [INFO] [TrafficSystem.FairnessManager]: [Fairness Updated] Green: 'West' (Reset to 0). Waiting cycles: {'North': 3, 'South': 2, 'East': 1, 'West': 0}
[2026-07-24 21:30:43] [INFO] [TrafficSystem.SignalController]: [ESP32 Hardware Command #96] GREEN -> 'West' (35s) | Reason: NORMAL
[2026-07-24 21:30:43] [INFO] [TrafficSystem.PriorityCalculator]: [Rank #1] Lane: North  | PCE: 0.00  | Queue: 0.00  | Congestion: 0.00  | Total: 0.00
[2026-07-24 21:30:43] [INFO] [TrafficSystem.PriorityCalculator]: [Rank #2] Lane: South  | PCE: 0.00  | Queue: 0.00  | Congestion: 0.00  | Total: 0.00
[2026-07-24 21:30:43] [INFO] [TrafficSystem.PriorityCalculator]: [Rank #3] Lane: East   | PCE: 0.00  | Queue: 0.00  | Congestion: 0.00  | Total: 0.00
[2026-07-24 21:30:43] [INFO] [TrafficSystem.PriorityCalculator]: [Rank #4] Lane: West   | PCE: 0.00  | Queue: 0.00  | Congestion: 0.00  | Total: 0.00
[2026-07-24 21:30:43] [INFO] [TrafficSystem.FairnessManager]: [Fairness] Lane: North  | Base Score: 0.00 | Wait Cycles: 3 | Bonus: +15.00 | Adjusted: 15.00
[2026-07-24 21:30:43] [INFO] [TrafficSystem.FairnessManager]: [Fairness] Lane: South  | Base Score: 0.00 | Wait Cycles: 2 | Bonus: +10.00 | Adjusted: 10.00
[2026-07-24 21:30:43] [INFO] [TrafficSystem.FairnessManager]: [Fairness] Lane: East   | Base Score: 0.00 | Wait Cycles: 1 | Bonus: +5.00 | Adjusted: 5.00
[2026-07-24 21:30:43] [INFO] [TrafficSystem.SignalScheduler]: [Scheduler] Winner: North  | Score: 15.00 | Green: 35s | Reason: NORMAL
[2026-07-24 21:30:43] [INFO] [TrafficSystem.FairnessManager]: [Fairness Updated] Green: 'North' (Reset to 0). Waiting cycles: {'North': 0, 'South': 3, 'East': 2, 'West': 1}
[2026-07-24 21:30:43] [INFO] [TrafficSystem.SignalController]: [ESP32 Hardware Command #97] GREEN -> 'North' (35s) | Reason: NORMAL
[2026-07-24 21:30:44] [INFO] [TrafficSystem.PriorityCalculator]: [Rank #1] Lane: North  | PCE: 0.00  | Queue: 0.00  | Congestion: 0.00  | Total: 0.00
[2026-07-24 21:30:44] [INFO] [TrafficSystem.PriorityCalculator]: [Rank #2] Lane: South  | PCE: 0.00  | Queue: 0.00  | Congestion: 0.00  | Total: 0.00
[2026-07-24 21:30:44] [INFO] [TrafficSystem.PriorityCalculator]: [Rank #3] Lane: East   | PCE: 0.00  | Queue: 0.00  | Congestion: 0.00  | Total: 0.00
[2026-07-24 21:30:44] [INFO] [TrafficSystem.PriorityCalculator]: [Rank #4] Lane: West   | PCE: 0.00  | Queue: 0.00  | Congestion: 0.00  | Total: 0.00
[2026-07-24 21:30:44] [INFO] [TrafficSystem.FairnessManager]: [Fairness] Lane: South  | Base Score: 0.00 | Wait Cycles: 3 | Bonus: +15.00 | Adjusted: 15.00
[2026-07-24 21:30:44] [INFO] [TrafficSystem.FairnessManager]: [Fairness] Lane: East   | Base Score: 0.00 | Wait Cycles: 2 | Bonus: +10.00 | Adjusted: 10.00
[2026-07-24 21:30:44] [INFO] [TrafficSystem.FairnessManager]: [Fairness] Lane: West   | Base Score: 0.00 | Wait Cycles: 1 | Bonus: +5.00 | Adjusted: 5.00
[2026-07-24 21:30:44] [INFO] [TrafficSystem.SignalScheduler]: [Scheduler] Winner: South  | Score: 15.00 | Green: 35s | Reason: NORMAL
[2026-07-24 21:30:44] [INFO] [TrafficSystem.FairnessManager]: [Fairness Updated] Green: 'South' (Reset to 0). Waiting cycles: {'North': 1, 'South': 0, 'East': 3, 'West': 2}
[2026-07-24 21:30:44] [INFO] [TrafficSystem.SignalController]: [ESP32 Hardware Command #98] GREEN -> 'South' (35s) | Reason: NORMAL
[2026-07-24 21:30:44] [INFO] [TrafficSystem.PriorityCalculator]: [Rank #1] Lane: North  | PCE: 0.00  | Queue: 0.00  | Congestion: 0.00  | Total: 0.00
[2026-07-24 21:30:44] [INFO] [TrafficSystem.PriorityCalculator]: [Rank #2] Lane: South  | PCE: 0.00  | Queue: 0.00  | Congestion: 0.00  | Total: 0.00
[2026-07-24 21:30:44] [INFO] [TrafficSystem.PriorityCalculator]: [Rank #3] Lane: East   | PCE: 0.00  | Queue: 0.00  | Congestion: 0.00  | Total: 0.00
[2026-07-24 21:30:44] [INFO] [TrafficSystem.PriorityCalculator]: [Rank #4] Lane: West   | PCE: 0.00  | Queue: 0.00  | Congestion: 0.00  | Total: 0.00
[2026-07-24 21:30:44] [INFO] [TrafficSystem.FairnessManager]: [Fairness] Lane: East   | Base Score: 0.00 | Wait Cycles: 3 | Bonus: +15.00 | Adjusted: 15.00
[2026-07-24 21:30:44] [INFO] [TrafficSystem.FairnessManager]: [Fairness] Lane: West   | Base Score: 0.00 | Wait Cycles: 2 | Bonus: +10.00 | Adjusted: 10.00
[2026-07-24 21:30:44] [INFO] [TrafficSystem.FairnessManager]: [Fairness] Lane: North  | Base Score: 0.00 | Wait Cycles: 1 | Bonus: +5.00 | Adjusted: 5.00
[2026-07-24 21:30:44] [INFO] [TrafficSystem.SignalScheduler]: [Scheduler] Winner: East   | Score: 15.00 | Green: 35s | Reason: NORMAL
[2026-07-24 21:30:44] [INFO] [TrafficSystem.FairnessManager]: [Fairness Updated] Green: 'East' (Reset to 0). Waiting cycles: {'North': 2, 'South': 1, 'East': 0, 'West': 3}
[2026-07-24 21:30:44] [INFO] [TrafficSystem.SignalController]: [ESP32 Hardware Command #99] GREEN -> 'East' (35s) | Reason: NORMAL
[2026-07-24 21:30:45] [INFO] [TrafficSystem.PriorityCalculator]: [Rank #1] Lane: North  | PCE: 0.00  | Queue: 0.00  | Congestion: 0.00  | Total: 0.00
[2026-07-24 21:30:45] [INFO] [TrafficSystem.PriorityCalculator]: [Rank #2] Lane: South  | PCE: 0.00  | Queue: 0.00  | Congestion: 0.00  | Total: 0.00
[2026-07-24 21:30:45] [INFO] [TrafficSystem.PriorityCalculator]: [Rank #3] Lane: East   | PCE: 0.00  | Queue: 0.00  | Congestion: 0.00  | Total: 0.00
[2026-07-24 21:30:45] [INFO] [TrafficSystem.PriorityCalculator]: [Rank #4] Lane: West   | PCE: 0.00  | Queue: 0.00  | Congestion: 0.00  | Total: 0.00
[2026-07-24 21:30:45] [INFO] [TrafficSystem.FairnessManager]: [Fairness] Lane: West   | Base Score: 0.00 | Wait Cycles: 3 | Bonus: +15.00 | Adjusted: 15.00
[2026-07-24 21:30:45] [INFO] [TrafficSystem.FairnessManager]: [Fairness] Lane: North  | Base Score: 0.00 | Wait Cycles: 2 | Bonus: +10.00 | Adjusted: 10.00
[2026-07-24 21:30:45] [INFO] [TrafficSystem.FairnessManager]: [Fairness] Lane: South  | Base Score: 0.00 | Wait Cycles: 1 | Bonus: +5.00 | Adjusted: 5.00
[2026-07-24 21:30:45] [INFO] [TrafficSystem.SignalScheduler]: [Scheduler] Winner: West   | Score: 15.00 | Green: 35s | Reason: NORMAL
[2026-07-24 21:30:45] [INFO] [TrafficSystem.FairnessManager]: [Fairness Updated] Green: 'West' (Reset to 0). Waiting cycles: {'North': 3, 'South': 2, 'East': 1, 'West': 0}
[2026-07-24 21:30:45] [INFO] [TrafficSystem.SignalController]: [ESP32 Hardware Command #100] GREEN -> 'West' (35s) | Reason: NORMAL
[2026-07-24 21:30:45] [INFO] [TrafficSystem.TrafficPipeline]: Frame #100 | Active Vehicles: 0 | Scheduled Green: 'LaneName.WEST' (35s) | FPS: 2.2 | Latency: 400.3ms
[2026-07-24 21:30:45] [INFO] [TrafficSystem.PriorityCalculator]: [Rank #1] Lane: North  | PCE: 0.00  | Queue: 0.00  | Congestion: 0.00  | Total: 0.00
[2026-07-24 21:30:45] [INFO] [TrafficSystem.PriorityCalculator]: [Rank #2] Lane: South  | PCE: 0.00  | Queue: 0.00  | Congestion: 0.00  | Total: 0.00
[2026-07-24 21:30:45] [INFO] [TrafficSystem.PriorityCalculator]: [Rank #3] Lane: East   | PCE: 0.00  | Queue: 0.00  | Congestion: 0.00  | Total: 0.00
[2026-07-24 21:30:45] [INFO] [TrafficSystem.PriorityCalculator]: [Rank #4] Lane: West   | PCE: 0.00  | Queue: 0.00  | Congestion: 0.00  | Total: 0.00
[2026-07-24 21:30:45] [INFO] [TrafficSystem.FairnessManager]: [Fairness] Lane: North  | Base Score: 0.00 | Wait Cycles: 3 | Bonus: +15.00 | Adjusted: 15.00
[2026-07-24 21:30:45] [INFO] [TrafficSystem.FairnessManager]: [Fairness] Lane: South  | Base Score: 0.00 | Wait Cycles: 2 | Bonus: +10.00 | Adjusted: 10.00
[2026-07-24 21:30:45] [INFO] [TrafficSystem.FairnessManager]: [Fairness] Lane: East   | Base Score: 0.00 | Wait Cycles: 1 | Bonus: +5.00 | Adjusted: 5.00
[2026-07-24 21:30:45] [INFO] [TrafficSystem.SignalScheduler]: [Scheduler] Winner: North  | Score: 15.00 | Green: 35s | Reason: NORMAL
[2026-07-24 21:30:45] [INFO] [TrafficSystem.FairnessManager]: [Fairness Updated] Green: 'North' (Reset to 0). Waiting cycles: {'North': 0, 'South': 3, 'East': 2, 'West': 1}
[2026-07-24 21:30:45] [INFO] [TrafficSystem.SignalController]: [ESP32 Hardware Command #101] GREEN -> 'North' (35s) | Reason: NORMAL
[2026-07-24 21:30:46] [INFO] [TrafficSystem.PriorityCalculator]: [Rank #1] Lane: North  | PCE: 0.00  | Queue: 0.00  | Congestion: 0.00  | Total: 0.00
[2026-07-24 21:30:46] [INFO] [TrafficSystem.PriorityCalculator]: [Rank #2] Lane: South  | PCE: 0.00  | Queue: 0.00  | Congestion: 0.00  | Total: 0.00
[2026-07-24 21:30:46] [INFO] [TrafficSystem.PriorityCalculator]: [Rank #3] Lane: East   | PCE: 0.00  | Queue: 0.00  | Congestion: 0.00  | Total: 0.00
[2026-07-24 21:30:46] [INFO] [TrafficSystem.PriorityCalculator]: [Rank #4] Lane: West   | PCE: 0.00  | Queue: 0.00  | Congestion: 0.00  | Total: 0.00
[2026-07-24 21:30:46] [INFO] [TrafficSystem.FairnessManager]: [Fairness] Lane: South  | Base Score: 0.00 | Wait Cycles: 3 | Bonus: +15.00 | Adjusted: 15.00
[2026-07-24 21:30:46] [INFO] [TrafficSystem.FairnessManager]: [Fairness] Lane: East   | Base Score: 0.00 | Wait Cycles: 2 | Bonus: +10.00 | Adjusted: 10.00
[2026-07-24 21:30:46] [INFO] [TrafficSystem.FairnessManager]: [Fairness] Lane: West   | Base Score: 0.00 | Wait Cycles: 1 | Bonus: +5.00 | Adjusted: 5.00
[2026-07-24 21:30:46] [INFO] [TrafficSystem.SignalScheduler]: [Scheduler] Winner: South  | Score: 15.00 | Green: 35s | Reason: NORMAL
[2026-07-24 21:30:46] [INFO] [TrafficSystem.FairnessManager]: [Fairness Updated] Green: 'South' (Reset to 0). Waiting cycles: {'North': 1, 'South': 0, 'East': 3, 'West': 2}
[2026-07-24 21:30:46] [INFO] [TrafficSystem.SignalController]: [ESP32 Hardware Command #102] GREEN -> 'South' (35s) | Reason: NORMAL
[2026-07-24 21:30:46] [INFO] [TrafficSystem.PriorityCalculator]: [Rank #1] Lane: North  | PCE: 0.00  | Queue: 0.00  | Congestion: 0.00  | Total: 0.00
[2026-07-24 21:30:46] [INFO] [TrafficSystem.PriorityCalculator]: [Rank #2] Lane: South  | PCE: 0.00  | Queue: 0.00  | Congestion: 0.00  | Total: 0.00
[2026-07-24 21:30:46] [INFO] [TrafficSystem.PriorityCalculator]: [Rank #3] Lane: East   | PCE: 0.00  | Queue: 0.00  | Congestion: 0.00  | Total: 0.00
[2026-07-24 21:30:46] [INFO] [TrafficSystem.PriorityCalculator]: [Rank #4] Lane: West   | PCE: 0.00  | Queue: 0.00  | Congestion: 0.00  | Total: 0.00
[2026-07-24 21:30:46] [INFO] [TrafficSystem.FairnessManager]: [Fairness] Lane: East   | Base Score: 0.00 | Wait Cycles: 3 | Bonus: +15.00 | Adjusted: 15.00
[2026-07-24 21:30:46] [INFO] [TrafficSystem.FairnessManager]: [Fairness] Lane: West   | Base Score: 0.00 | Wait Cycles: 2 | Bonus: +10.00 | Adjusted: 10.00
[2026-07-24 21:30:46] [INFO] [TrafficSystem.FairnessManager]: [Fairness] Lane: North  | Base Score: 0.00 | Wait Cycles: 1 | Bonus: +5.00 | Adjusted: 5.00
[2026-07-24 21:30:46] [INFO] [TrafficSystem.SignalScheduler]: [Scheduler] Winner: East   | Score: 15.00 | Green: 35s | Reason: NORMAL
[2026-07-24 21:30:46] [INFO] [TrafficSystem.FairnessManager]: [Fairness Updated] Green: 'East' (Reset to 0). Waiting cycles: {'North': 2, 'South': 1, 'East': 0, 'West': 3}
[2026-07-24 21:30:46] [INFO] [TrafficSystem.SignalController]: [ESP32 Hardware Command #103] GREEN -> 'East' (35s) | Reason: NORMAL
[2026-07-24 21:30:46] [INFO] [TrafficSystem.PriorityCalculator]: [Rank #1] Lane: North  | PCE: 0.00  | Queue: 0.00  | Congestion: 0.00  | Total: 0.00
[2026-07-24 21:30:46] [INFO] [TrafficSystem.PriorityCalculator]: [Rank #2] Lane: South  | PCE: 0.00  | Queue: 0.00  | Congestion: 0.00  | Total: 0.00
[2026-07-24 21:30:46] [INFO] [TrafficSystem.PriorityCalculator]: [Rank #3] Lane: East   | PCE: 0.00  | Queue: 0.00  | Congestion: 0.00  | Total: 0.00
[2026-07-24 21:30:46] [INFO] [TrafficSystem.PriorityCalculator]: [Rank #4] Lane: West   | PCE: 0.00  | Queue: 0.00  | Congestion: 0.00  | Total: 0.00
[2026-07-24 21:30:46] [INFO] [TrafficSystem.FairnessManager]: [Fairness] Lane: West   | Base Score: 0.00 | Wait Cycles: 3 | Bonus: +15.00 | Adjusted: 15.00
[2026-07-24 21:30:46] [INFO] [TrafficSystem.FairnessManager]: [Fairness] Lane: North  | Base Score: 0.00 | Wait Cycles: 2 | Bonus: +10.00 | Adjusted: 10.00
[2026-07-24 21:30:46] [INFO] [TrafficSystem.FairnessManager]: [Fairness] Lane: South  | Base Score: 0.00 | Wait Cycles: 1 | Bonus: +5.00 | Adjusted: 5.00
[2026-07-24 21:30:46] [INFO] [TrafficSystem.SignalScheduler]: [Scheduler] Winner: West   | Score: 15.00 | Green: 35s | Reason: NORMAL
[2026-07-24 21:30:46] [INFO] [TrafficSystem.FairnessManager]: [Fairness Updated] Green: 'West' (Reset to 0). Waiting cycles: {'North': 3, 'South': 2, 'East': 1, 'West': 0}
[2026-07-24 21:30:46] [INFO] [TrafficSystem.SignalController]: [ESP32 Hardware Command #104] GREEN -> 'West' (35s) | Reason: NORMAL
[2026-07-24 21:30:47] [INFO] [TrafficSystem.PriorityCalculator]: [Rank #1] Lane: North  | PCE: 0.00  | Queue: 0.00  | Congestion: 0.00  | Total: 0.00
[2026-07-24 21:30:47] [INFO] [TrafficSystem.PriorityCalculator]: [Rank #2] Lane: South  | PCE: 0.00  | Queue: 0.00  | Congestion: 0.00  | Total: 0.00
[2026-07-24 21:30:47] [INFO] [TrafficSystem.PriorityCalculator]: [Rank #3] Lane: East   | PCE: 0.00  | Queue: 0.00  | Congestion: 0.00  | Total: 0.00
[2026-07-24 21:30:47] [INFO] [TrafficSystem.PriorityCalculator]: [Rank #4] Lane: West   | PCE: 0.00  | Queue: 0.00  | Congestion: 0.00  | Total: 0.00
[2026-07-24 21:30:47] [INFO] [TrafficSystem.FairnessManager]: [Fairness] Lane: North  | Base Score: 0.00 | Wait Cycles: 3 | Bonus: +15.00 | Adjusted: 15.00
[2026-07-24 21:30:47] [INFO] [TrafficSystem.FairnessManager]: [Fairness] Lane: South  | Base Score: 0.00 | Wait Cycles: 2 | Bonus: +10.00 | Adjusted: 10.00
[2026-07-24 21:30:47] [INFO] [TrafficSystem.FairnessManager]: [Fairness] Lane: East   | Base Score: 0.00 | Wait Cycles: 1 | Bonus: +5.00 | Adjusted: 5.00
[2026-07-24 21:30:47] [INFO] [TrafficSystem.SignalScheduler]: [Scheduler] Winner: North  | Score: 15.00 | Green: 35s | Reason: NORMAL
[2026-07-24 21:30:47] [INFO] [TrafficSystem.FairnessManager]: [Fairness Updated] Green: 'North' (Reset to 0). Waiting cycles: {'North': 0, 'South': 3, 'East': 2, 'West': 1}
[2026-07-24 21:30:47] [INFO] [TrafficSystem.SignalController]: [ESP32 Hardware Command #105] GREEN -> 'North' (35s) | Reason: NORMAL
[2026-07-24 21:30:47] [INFO] [TrafficSystem.PriorityCalculator]: [Rank #1] Lane: North  | PCE: 0.00  | Queue: 0.00  | Congestion: 0.00  | Total: 0.00
[2026-07-24 21:30:47] [INFO] [TrafficSystem.PriorityCalculator]: [Rank #2] Lane: South  | PCE: 0.00  | Queue: 0.00  | Congestion: 0.00  | Total: 0.00
[2026-07-24 21:30:47] [INFO] [TrafficSystem.PriorityCalculator]: [Rank #3] Lane: East   | PCE: 0.00  | Queue: 0.00  | Congestion: 0.00  | Total: 0.00
[2026-07-24 21:30:47] [INFO] [TrafficSystem.PriorityCalculator]: [Rank #4] Lane: West   | PCE: 0.00  | Queue: 0.00  | Congestion: 0.00  | Total: 0.00
[2026-07-24 21:30:47] [INFO] [TrafficSystem.FairnessManager]: [Fairness] Lane: South  | Base Score: 0.00 | Wait Cycles: 3 | Bonus: +15.00 | Adjusted: 15.00
[2026-07-24 21:30:47] [INFO] [TrafficSystem.FairnessManager]: [Fairness] Lane: East   | Base Score: 0.00 | Wait Cycles: 2 | Bonus: +10.00 | Adjusted: 10.00
[2026-07-24 21:30:47] [INFO] [TrafficSystem.FairnessManager]: [Fairness] Lane: West   | Base Score: 0.00 | Wait Cycles: 1 | Bonus: +5.00 | Adjusted: 5.00
[2026-07-24 21:30:47] [INFO] [TrafficSystem.SignalScheduler]: [Scheduler] Winner: South  | Score: 15.00 | Green: 35s | Reason: NORMAL
[2026-07-24 21:30:47] [INFO] [TrafficSystem.FairnessManager]: [Fairness Updated] Green: 'South' (Reset to 0). Waiting cycles: {'North': 1, 'South': 0, 'East': 3, 'West': 2}
[2026-07-24 21:30:47] [INFO] [TrafficSystem.SignalController]: [ESP32 Hardware Command #106] GREEN -> 'South' (35s) | Reason: NORMAL
[2026-07-24 21:30:48] [INFO] [TrafficSystem.PriorityCalculator]: [Rank #1] Lane: North  | PCE: 0.00  | Queue: 0.00  | Congestion: 0.00  | Total: 0.00
[2026-07-24 21:30:48] [INFO] [TrafficSystem.PriorityCalculator]: [Rank #2] Lane: South  | PCE: 0.00  | Queue: 0.00  | Congestion: 0.00  | Total: 0.00
[2026-07-24 21:30:48] [INFO] [TrafficSystem.PriorityCalculator]: [Rank #3] Lane: East   | PCE: 0.00  | Queue: 0.00  | Congestion: 0.00  | Total: 0.00
[2026-07-24 21:30:48] [INFO] [TrafficSystem.PriorityCalculator]: [Rank #4] Lane: West   | PCE: 0.00  | Queue: 0.00  | Congestion: 0.00  | Total: 0.00
[2026-07-24 21:30:48] [INFO] [TrafficSystem.FairnessManager]: [Fairness] Lane: East   | Base Score: 0.00 | Wait Cycles: 3 | Bonus: +15.00 | Adjusted: 15.00
[2026-07-24 21:30:48] [INFO] [TrafficSystem.FairnessManager]: [Fairness] Lane: West   | Base Score: 0.00 | Wait Cycles: 2 | Bonus: +10.00 | Adjusted: 10.00
[2026-07-24 21:30:48] [INFO] [TrafficSystem.FairnessManager]: [Fairness] Lane: North  | Base Score: 0.00 | Wait Cycles: 1 | Bonus: +5.00 | Adjusted: 5.00
[2026-07-24 21:30:48] [INFO] [TrafficSystem.SignalScheduler]: [Scheduler] Winner: East   | Score: 15.00 | Green: 35s | Reason: NORMAL
[2026-07-24 21:30:48] [INFO] [TrafficSystem.FairnessManager]: [Fairness Updated] Green: 'East' (Reset to 0). Waiting cycles: {'North': 2, 'South': 1, 'East': 0, 'West': 3}
[2026-07-24 21:30:48] [INFO] [TrafficSystem.SignalController]: [ESP32 Hardware Command #107] GREEN -> 'East' (35s) | Reason: NORMAL
[2026-07-24 21:30:48] [INFO] [TrafficSystem.PriorityCalculator]: [Rank #1] Lane: North  | PCE: 0.00  | Queue: 0.00  | Congestion: 0.00  | Total: 0.00
[2026-07-24 21:30:48] [INFO] [TrafficSystem.PriorityCalculator]: [Rank #2] Lane: South  | PCE: 0.00  | Queue: 0.00  | Congestion: 0.00  | Total: 0.00
[2026-07-24 21:30:48] [INFO] [TrafficSystem.PriorityCalculator]: [Rank #3] Lane: East   | PCE: 0.00  | Queue: 0.00  | Congestion: 0.00  | Total: 0.00
[2026-07-24 21:30:48] [INFO] [TrafficSystem.PriorityCalculator]: [Rank #4] Lane: West   | PCE: 0.00  | Queue: 0.00  | Congestion: 0.00  | Total: 0.00
[2026-07-24 21:30:48] [INFO] [TrafficSystem.FairnessManager]: [Fairness] Lane: West   | Base Score: 0.00 | Wait Cycles: 3 | Bonus: +15.00 | Adjusted: 15.00
[2026-07-24 21:30:48] [INFO] [TrafficSystem.FairnessManager]: [Fairness] Lane: North  | Base Score: 0.00 | Wait Cycles: 2 | Bonus: +10.00 | Adjusted: 10.00
[2026-07-24 21:30:48] [INFO] [TrafficSystem.FairnessManager]: [Fairness] Lane: South  | Base Score: 0.00 | Wait Cycles: 1 | Bonus: +5.00 | Adjusted: 5.00
[2026-07-24 21:30:48] [INFO] [TrafficSystem.SignalScheduler]: [Scheduler] Winner: West   | Score: 15.00 | Green: 35s | Reason: NORMAL
[2026-07-24 21:30:48] [INFO] [TrafficSystem.FairnessManager]: [Fairness Updated] Green: 'West' (Reset to 0). Waiting cycles: {'North': 3, 'South': 2, 'East': 1, 'West': 0}
[2026-07-24 21:30:48] [INFO] [TrafficSystem.SignalController]: [ESP32 Hardware Command #108] GREEN -> 'West' (35s) | Reason: NORMAL
[2026-07-24 21:30:49] [INFO] [TrafficSystem.PriorityCalculator]: [Rank #1] Lane: North  | PCE: 0.00  | Queue: 0.00  | Congestion: 0.00  | Total: 0.00
[2026-07-24 21:30:49] [INFO] [TrafficSystem.PriorityCalculator]: [Rank #2] Lane: South  | PCE: 0.00  | Queue: 0.00  | Congestion: 0.00  | Total: 0.00
[2026-07-24 21:30:49] [INFO] [TrafficSystem.PriorityCalculator]: [Rank #3] Lane: East   | PCE: 0.00  | Queue: 0.00  | Congestion: 0.00  | Total: 0.00
[2026-07-24 21:30:49] [INFO] [TrafficSystem.PriorityCalculator]: [Rank #4] Lane: West   | PCE: 0.00  | Queue: 0.00  | Congestion: 0.00  | Total: 0.00
[2026-07-24 21:30:49] [INFO] [TrafficSystem.FairnessManager]: [Fairness] Lane: North  | Base Score: 0.00 | Wait Cycles: 3 | Bonus: +15.00 | Adjusted: 15.00
[2026-07-24 21:30:49] [INFO] [TrafficSystem.FairnessManager]: [Fairness] Lane: South  | Base Score: 0.00 | Wait Cycles: 2 | Bonus: +10.00 | Adjusted: 10.00
[2026-07-24 21:30:49] [INFO] [TrafficSystem.FairnessManager]: [Fairness] Lane: East   | Base Score: 0.00 | Wait Cycles: 1 | Bonus: +5.00 | Adjusted: 5.00
[2026-07-24 21:30:49] [INFO] [TrafficSystem.SignalScheduler]: [Scheduler] Winner: North  | Score: 15.00 | Green: 35s | Reason: NORMAL
[2026-07-24 21:30:49] [INFO] [TrafficSystem.FairnessManager]: [Fairness Updated] Green: 'North' (Reset to 0). Waiting cycles: {'North': 0, 'South': 3, 'East': 2, 'West': 1}
[2026-07-24 21:30:49] [INFO] [TrafficSystem.SignalController]: [ESP32 Hardware Command #109] GREEN -> 'North' (35s) | Reason: NORMAL
[2026-07-24 21:30:49] [INFO] [TrafficSystem.PriorityCalculator]: [Rank #1] Lane: North  | PCE: 0.00  | Queue: 0.00  | Congestion: 0.00  | Total: 0.00
[2026-07-24 21:30:49] [INFO] [TrafficSystem.PriorityCalculator]: [Rank #2] Lane: South  | PCE: 0.00  | Queue: 0.00  | Congestion: 0.00  | Total: 0.00
[2026-07-24 21:30:49] [INFO] [TrafficSystem.PriorityCalculator]: [Rank #3] Lane: East   | PCE: 0.00  | Queue: 0.00  | Congestion: 0.00  | Total: 0.00
[2026-07-24 21:30:49] [INFO] [TrafficSystem.PriorityCalculator]: [Rank #4] Lane: West   | PCE: 0.00  | Queue: 0.00  | Congestion: 0.00  | Total: 0.00
[2026-07-24 21:30:49] [INFO] [TrafficSystem.FairnessManager]: [Fairness] Lane: South  | Base Score: 0.00 | Wait Cycles: 3 | Bonus: +15.00 | Adjusted: 15.00
[2026-07-24 21:30:49] [INFO] [TrafficSystem.FairnessManager]: [Fairness] Lane: East   | Base Score: 0.00 | Wait Cycles: 2 | Bonus: +10.00 | Adjusted: 10.00
[2026-07-24 21:30:49] [INFO] [TrafficSystem.FairnessManager]: [Fairness] Lane: West   | Base Score: 0.00 | Wait Cycles: 1 | Bonus: +5.00 | Adjusted: 5.00
[2026-07-24 21:30:49] [INFO] [TrafficSystem.SignalScheduler]: [Scheduler] Winner: South  | Score: 15.00 | Green: 35s | Reason: NORMAL
[2026-07-24 21:30:49] [INFO] [TrafficSystem.FairnessManager]: [Fairness Updated] Green: 'South' (Reset to 0). Waiting cycles: {'North': 1, 'South': 0, 'East': 3, 'West': 2}
[2026-07-24 21:30:49] [INFO] [TrafficSystem.SignalController]: [ESP32 Hardware Command #110] GREEN -> 'South' (35s) | Reason: NORMAL
[2026-07-24 21:30:50] [INFO] [TrafficSystem.PriorityCalculator]: [Rank #1] Lane: North  | PCE: 0.00  | Queue: 0.00  | Congestion: 0.00  | Total: 0.00
[2026-07-24 21:30:50] [INFO] [TrafficSystem.PriorityCalculator]: [Rank #2] Lane: South  | PCE: 0.00  | Queue: 0.00  | Congestion: 0.00  | Total: 0.00
[2026-07-24 21:30:50] [INFO] [TrafficSystem.PriorityCalculator]: [Rank #3] Lane: East   | PCE: 0.00  | Queue: 0.00  | Congestion: 0.00  | Total: 0.00
[2026-07-24 21:30:50] [INFO] [TrafficSystem.PriorityCalculator]: [Rank #4] Lane: West   | PCE: 0.00  | Queue: 0.00  | Congestion: 0.00  | Total: 0.00
[2026-07-24 21:30:50] [INFO] [TrafficSystem.FairnessManager]: [Fairness] Lane: East   | Base Score: 0.00 | Wait Cycles: 3 | Bonus: +15.00 | Adjusted: 15.00
[2026-07-24 21:30:50] [INFO] [TrafficSystem.FairnessManager]: [Fairness] Lane: West   | Base Score: 0.00 | Wait Cycles: 2 | Bonus: +10.00 | Adjusted: 10.00
[2026-07-24 21:30:50] [INFO] [TrafficSystem.FairnessManager]: [Fairness] Lane: North  | Base Score: 0.00 | Wait Cycles: 1 | Bonus: +5.00 | Adjusted: 5.00
[2026-07-24 21:30:50] [INFO] [TrafficSystem.SignalScheduler]: [Scheduler] Winner: East   | Score: 15.00 | Green: 35s | Reason: NORMAL
[2026-07-24 21:30:50] [INFO] [TrafficSystem.FairnessManager]: [Fairness Updated] Green: 'East' (Reset to 0). Waiting cycles: {'North': 2, 'South': 1, 'East': 0, 'West': 3}
[2026-07-24 21:30:50] [INFO] [TrafficSystem.SignalController]: [ESP32 Hardware Command #111] GREEN -> 'East' (35s) | Reason: NORMAL
[2026-07-24 21:30:50] [INFO] [TrafficSystem.PriorityCalculator]: [Rank #1] Lane: North  | PCE: 0.00  | Queue: 0.00  | Congestion: 0.00  | Total: 0.00
[2026-07-24 21:30:50] [INFO] [TrafficSystem.PriorityCalculator]: [Rank #2] Lane: South  | PCE: 0.00  | Queue: 0.00  | Congestion: 0.00  | Total: 0.00
[2026-07-24 21:30:50] [INFO] [TrafficSystem.PriorityCalculator]: [Rank #3] Lane: East   | PCE: 0.00  | Queue: 0.00  | Congestion: 0.00  | Total: 0.00
[2026-07-24 21:30:50] [INFO] [TrafficSystem.PriorityCalculator]: [Rank #4] Lane: West   | PCE: 0.00  | Queue: 0.00  | Congestion: 0.00  | Total: 0.00
[2026-07-24 21:30:50] [INFO] [TrafficSystem.FairnessManager]: [Fairness] Lane: West   | Base Score: 0.00 | Wait Cycles: 3 | Bonus: +15.00 | Adjusted: 15.00
[2026-07-24 21:30:50] [INFO] [TrafficSystem.FairnessManager]: [Fairness] Lane: North  | Base Score: 0.00 | Wait Cycles: 2 | Bonus: +10.00 | Adjusted: 10.00
[2026-07-24 21:30:50] [INFO] [TrafficSystem.FairnessManager]: [Fairness] Lane: South  | Base Score: 0.00 | Wait Cycles: 1 | Bonus: +5.00 | Adjusted: 5.00
[2026-07-24 21:30:50] [INFO] [TrafficSystem.SignalScheduler]: [Scheduler] Winner: West   | Score: 15.00 | Green: 35s | Reason: NORMAL
[2026-07-24 21:30:50] [INFO] [TrafficSystem.FairnessManager]: [Fairness Updated] Green: 'West' (Reset to 0). Waiting cycles: {'North': 3, 'South': 2, 'East': 1, 'West': 0}
[2026-07-24 21:30:50] [INFO] [TrafficSystem.SignalController]: [ESP32 Hardware Command #112] GREEN -> 'West' (35s) | Reason: NORMAL
[2026-07-24 21:30:51] [INFO] [TrafficSystem.PriorityCalculator]: [Rank #1] Lane: North  | PCE: 0.00  | Queue: 0.00  | Congestion: 0.00  | Total: 0.00
[2026-07-24 21:30:51] [INFO] [TrafficSystem.PriorityCalculator]: [Rank #2] Lane: South  | PCE: 0.00  | Queue: 0.00  | Congestion: 0.00  | Total: 0.00
[2026-07-24 21:30:51] [INFO] [TrafficSystem.PriorityCalculator]: [Rank #3] Lane: East   | PCE: 0.00  | Queue: 0.00  | Congestion: 0.00  | Total: 0.00
[2026-07-24 21:30:51] [INFO] [TrafficSystem.PriorityCalculator]: [Rank #4] Lane: West   | PCE: 0.00  | Queue: 0.00  | Congestion: 0.00  | Total: 0.00
[2026-07-24 21:30:51] [INFO] [TrafficSystem.FairnessManager]: [Fairness] Lane: North  | Base Score: 0.00 | Wait Cycles: 3 | Bonus: +15.00 | Adjusted: 15.00
[2026-07-24 21:30:51] [INFO] [TrafficSystem.FairnessManager]: [Fairness] Lane: South  | Base Score: 0.00 | Wait Cycles: 2 | Bonus: +10.00 | Adjusted: 10.00
[2026-07-24 21:30:51] [INFO] [TrafficSystem.FairnessManager]: [Fairness] Lane: East   | Base Score: 0.00 | Wait Cycles: 1 | Bonus: +5.00 | Adjusted: 5.00
[2026-07-24 21:30:51] [INFO] [TrafficSystem.SignalScheduler]: [Scheduler] Winner: North  | Score: 15.00 | Green: 35s | Reason: NORMAL
[2026-07-24 21:30:51] [INFO] [TrafficSystem.FairnessManager]: [Fairness Updated] Green: 'North' (Reset to 0). Waiting cycles: {'North': 0, 'South': 3, 'East': 2, 'West': 1}
[2026-07-24 21:30:51] [INFO] [TrafficSystem.SignalController]: [ESP32 Hardware Command #113] GREEN -> 'North' (35s) | Reason: NORMAL
[2026-07-24 21:30:51] [INFO] [TrafficSystem.PriorityCalculator]: [Rank #1] Lane: North  | PCE: 0.00  | Queue: 0.00  | Congestion: 0.00  | Total: 0.00
[2026-07-24 21:30:51] [INFO] [TrafficSystem.PriorityCalculator]: [Rank #2] Lane: South  | PCE: 0.00  | Queue: 0.00  | Congestion: 0.00  | Total: 0.00
[2026-07-24 21:30:51] [INFO] [TrafficSystem.PriorityCalculator]: [Rank #3] Lane: East   | PCE: 0.00  | Queue: 0.00  | Congestion: 0.00  | Total: 0.00
[2026-07-24 21:30:51] [INFO] [TrafficSystem.PriorityCalculator]: [Rank #4] Lane: West   | PCE: 0.00  | Queue: 0.00  | Congestion: 0.00  | Total: 0.00
[2026-07-24 21:30:51] [INFO] [TrafficSystem.FairnessManager]: [Fairness] Lane: South  | Base Score: 0.00 | Wait Cycles: 3 | Bonus: +15.00 | Adjusted: 15.00
[2026-07-24 21:30:51] [INFO] [TrafficSystem.FairnessManager]: [Fairness] Lane: East   | Base Score: 0.00 | Wait Cycles: 2 | Bonus: +10.00 | Adjusted: 10.00
[2026-07-24 21:30:51] [INFO] [TrafficSystem.FairnessManager]: [Fairness] Lane: West   | Base Score: 0.00 | Wait Cycles: 1 | Bonus: +5.00 | Adjusted: 5.00
[2026-07-24 21:30:51] [INFO] [TrafficSystem.SignalScheduler]: [Scheduler] Winner: South  | Score: 15.00 | Green: 35s | Reason: NORMAL
[2026-07-24 21:30:51] [INFO] [TrafficSystem.FairnessManager]: [Fairness Updated] Green: 'South' (Reset to 0). Waiting cycles: {'North': 1, 'South': 0, 'East': 3, 'West': 2}
[2026-07-24 21:30:51] [INFO] [TrafficSystem.SignalController]: [ESP32 Hardware Command #114] GREEN -> 'South' (35s) | Reason: NORMAL
[2026-07-24 21:30:52] [INFO] [TrafficSystem.PriorityCalculator]: [Rank #1] Lane: North  | PCE: 0.00  | Queue: 0.00  | Congestion: 0.00  | Total: 0.00
[2026-07-24 21:30:52] [INFO] [TrafficSystem.PriorityCalculator]: [Rank #2] Lane: South  | PCE: 0.00  | Queue: 0.00  | Congestion: 0.00  | Total: 0.00
[2026-07-24 21:30:52] [INFO] [TrafficSystem.PriorityCalculator]: [Rank #3] Lane: East   | PCE: 0.00  | Queue: 0.00  | Congestion: 0.00  | Total: 0.00
[2026-07-24 21:30:52] [INFO] [TrafficSystem.PriorityCalculator]: [Rank #4] Lane: West   | PCE: 0.00  | Queue: 0.00  | Congestion: 0.00  | Total: 0.00
[2026-07-24 21:30:52] [INFO] [TrafficSystem.FairnessManager]: [Fairness] Lane: East   | Base Score: 0.00 | Wait Cycles: 3 | Bonus: +15.00 | Adjusted: 15.00
[2026-07-24 21:30:52] [INFO] [TrafficSystem.FairnessManager]: [Fairness] Lane: West   | Base Score: 0.00 | Wait Cycles: 2 | Bonus: +10.00 | Adjusted: 10.00
[2026-07-24 21:30:52] [INFO] [TrafficSystem.FairnessManager]: [Fairness] Lane: North  | Base Score: 0.00 | Wait Cycles: 1 | Bonus: +5.00 | Adjusted: 5.00
[2026-07-24 21:30:52] [INFO] [TrafficSystem.SignalScheduler]: [Scheduler] Winner: East   | Score: 15.00 | Green: 35s | Reason: NORMAL
[2026-07-24 21:30:52] [INFO] [TrafficSystem.FairnessManager]: [Fairness Updated] Green: 'East' (Reset to 0). Waiting cycles: {'North': 2, 'South': 1, 'East': 0, 'West': 3}
[2026-07-24 21:30:52] [INFO] [TrafficSystem.SignalController]: [ESP32 Hardware Command #115] GREEN -> 'East' (35s) | Reason: NORMAL
[2026-07-24 21:30:52] [INFO] [TrafficSystem.PriorityCalculator]: [Rank #1] Lane: North  | PCE: 0.00  | Queue: 0.00  | Congestion: 0.00  | Total: 0.00
[2026-07-24 21:30:52] [INFO] [TrafficSystem.PriorityCalculator]: [Rank #2] Lane: South  | PCE: 0.00  | Queue: 0.00  | Congestion: 0.00  | Total: 0.00
[2026-07-24 21:30:52] [INFO] [TrafficSystem.PriorityCalculator]: [Rank #3] Lane: East   | PCE: 0.00  | Queue: 0.00  | Congestion: 0.00  | Total: 0.00
[2026-07-24 21:30:52] [INFO] [TrafficSystem.PriorityCalculator]: [Rank #4] Lane: West   | PCE: 0.00  | Queue: 0.00  | Congestion: 0.00  | Total: 0.00
[2026-07-24 21:30:52] [INFO] [TrafficSystem.FairnessManager]: [Fairness] Lane: West   | Base Score: 0.00 | Wait Cycles: 3 | Bonus: +15.00 | Adjusted: 15.00
[2026-07-24 21:30:52] [INFO] [TrafficSystem.FairnessManager]: [Fairness] Lane: North  | Base Score: 0.00 | Wait Cycles: 2 | Bonus: +10.00 | Adjusted: 10.00
[2026-07-24 21:30:52] [INFO] [TrafficSystem.FairnessManager]: [Fairness] Lane: South  | Base Score: 0.00 | Wait Cycles: 1 | Bonus: +5.00 | Adjusted: 5.00
[2026-07-24 21:30:52] [INFO] [TrafficSystem.SignalScheduler]: [Scheduler] Winner: West   | Score: 15.00 | Green: 35s | Reason: NORMAL
[2026-07-24 21:30:52] [INFO] [TrafficSystem.FairnessManager]: [Fairness Updated] Green: 'West' (Reset to 0). Waiting cycles: {'North': 3, 'South': 2, 'East': 1, 'West': 0}
[2026-07-24 21:30:52] [INFO] [TrafficSystem.SignalController]: [ESP32 Hardware Command #116] GREEN -> 'West' (35s) | Reason: NORMAL
[2026-07-24 21:30:52] [INFO] [TrafficSystem.PriorityCalculator]: [Rank #1] Lane: North  | PCE: 0.00  | Queue: 0.00  | Congestion: 0.00  | Total: 0.00
[2026-07-24 21:30:52] [INFO] [TrafficSystem.PriorityCalculator]: [Rank #2] Lane: South  | PCE: 0.00  | Queue: 0.00  | Congestion: 0.00  | Total: 0.00
[2026-07-24 21:30:52] [INFO] [TrafficSystem.PriorityCalculator]: [Rank #3] Lane: East   | PCE: 0.00  | Queue: 0.00  | Congestion: 0.00  | Total: 0.00
[2026-07-24 21:30:52] [INFO] [TrafficSystem.PriorityCalculator]: [Rank #4] Lane: West   | PCE: 0.00  | Queue: 0.00  | Congestion: 0.00  | Total: 0.00
[2026-07-24 21:30:52] [INFO] [TrafficSystem.FairnessManager]: [Fairness] Lane: North  | Base Score: 0.00 | Wait Cycles: 3 | Bonus: +15.00 | Adjusted: 15.00
[2026-07-24 21:30:52] [INFO] [TrafficSystem.FairnessManager]: [Fairness] Lane: South  | Base Score: 0.00 | Wait Cycles: 2 | Bonus: +10.00 | Adjusted: 10.00
[2026-07-24 21:30:52] [INFO] [TrafficSystem.FairnessManager]: [Fairness] Lane: East   | Base Score: 0.00 | Wait Cycles: 1 | Bonus: +5.00 | Adjusted: 5.00
[2026-07-24 21:30:52] [INFO] [TrafficSystem.SignalScheduler]: [Scheduler] Winner: North  | Score: 15.00 | Green: 35s | Reason: NORMAL
[2026-07-24 21:30:52] [INFO] [TrafficSystem.FairnessManager]: [Fairness Updated] Green: 'North' (Reset to 0). Waiting cycles: {'North': 0, 'South': 3, 'East': 2, 'West': 1}
[2026-07-24 21:30:52] [INFO] [TrafficSystem.SignalController]: [ESP32 Hardware Command #117] GREEN -> 'North' (35s) | Reason: NORMAL
[2026-07-24 21:30:53] [INFO] [TrafficSystem.PriorityCalculator]: [Rank #1] Lane: North  | PCE: 0.00  | Queue: 0.00  | Congestion: 0.00  | Total: 0.00
[2026-07-24 21:30:53] [INFO] [TrafficSystem.PriorityCalculator]: [Rank #2] Lane: South  | PCE: 0.00  | Queue: 0.00  | Congestion: 0.00  | Total: 0.00
[2026-07-24 21:30:53] [INFO] [TrafficSystem.PriorityCalculator]: [Rank #3] Lane: East   | PCE: 0.00  | Queue: 0.00  | Congestion: 0.00  | Total: 0.00
[2026-07-24 21:30:53] [INFO] [TrafficSystem.PriorityCalculator]: [Rank #4] Lane: West   | PCE: 0.00  | Queue: 0.00  | Congestion: 0.00  | Total: 0.00
[2026-07-24 21:30:53] [INFO] [TrafficSystem.FairnessManager]: [Fairness] Lane: South  | Base Score: 0.00 | Wait Cycles: 3 | Bonus: +15.00 | Adjusted: 15.00
[2026-07-24 21:30:53] [INFO] [TrafficSystem.FairnessManager]: [Fairness] Lane: East   | Base Score: 0.00 | Wait Cycles: 2 | Bonus: +10.00 | Adjusted: 10.00
[2026-07-24 21:30:53] [INFO] [TrafficSystem.FairnessManager]: [Fairness] Lane: West   | Base Score: 0.00 | Wait Cycles: 1 | Bonus: +5.00 | Adjusted: 5.00
[2026-07-24 21:30:53] [INFO] [TrafficSystem.SignalScheduler]: [Scheduler] Winner: South  | Score: 15.00 | Green: 35s | Reason: NORMAL
[2026-07-24 21:30:53] [INFO] [TrafficSystem.FairnessManager]: [Fairness Updated] Green: 'South' (Reset to 0). Waiting cycles: {'North': 1, 'South': 0, 'East': 3, 'West': 2}
[2026-07-24 21:30:53] [INFO] [TrafficSystem.SignalController]: [ESP32 Hardware Command #118] GREEN -> 'South' (35s) | Reason: NORMAL
[2026-07-24 21:30:53] [INFO] [TrafficSystem.PriorityCalculator]: [Rank #1] Lane: North  | PCE: 0.00  | Queue: 0.00  | Congestion: 0.00  | Total: 0.00
[2026-07-24 21:30:53] [INFO] [TrafficSystem.PriorityCalculator]: [Rank #2] Lane: South  | PCE: 0.00  | Queue: 0.00  | Congestion: 0.00  | Total: 0.00
[2026-07-24 21:30:53] [INFO] [TrafficSystem.PriorityCalculator]: [Rank #3] Lane: East   | PCE: 0.00  | Queue: 0.00  | Congestion: 0.00  | Total: 0.00
[2026-07-24 21:30:53] [INFO] [TrafficSystem.PriorityCalculator]: [Rank #4] Lane: West   | PCE: 0.00  | Queue: 0.00  | Congestion: 0.00  | Total: 0.00
[2026-07-24 21:30:53] [INFO] [TrafficSystem.FairnessManager]: [Fairness] Lane: East   | Base Score: 0.00 | Wait Cycles: 3 | Bonus: +15.00 | Adjusted: 15.00
[2026-07-24 21:30:53] [INFO] [TrafficSystem.FairnessManager]: [Fairness] Lane: West   | Base Score: 0.00 | Wait Cycles: 2 | Bonus: +10.00 | Adjusted: 10.00
[2026-07-24 21:30:53] [INFO] [TrafficSystem.FairnessManager]: [Fairness] Lane: North  | Base Score: 0.00 | Wait Cycles: 1 | Bonus: +5.00 | Adjusted: 5.00
[2026-07-24 21:30:53] [INFO] [TrafficSystem.SignalScheduler]: [Scheduler] Winner: East   | Score: 15.00 | Green: 35s | Reason: NORMAL
[2026-07-24 21:30:53] [INFO] [TrafficSystem.FairnessManager]: [Fairness Updated] Green: 'East' (Reset to 0). Waiting cycles: {'North': 2, 'South': 1, 'East': 0, 'West': 3}
[2026-07-24 21:30:53] [INFO] [TrafficSystem.SignalController]: [ESP32 Hardware Command #119] GREEN -> 'East' (35s) | Reason: NORMAL
[2026-07-24 21:30:54] [INFO] [TrafficSystem.PriorityCalculator]: [Rank #1] Lane: North  | PCE: 0.00  | Queue: 0.00  | Congestion: 0.00  | Total: 0.00
[2026-07-24 21:30:54] [INFO] [TrafficSystem.PriorityCalculator]: [Rank #2] Lane: South  | PCE: 0.00  | Queue: 0.00  | Congestion: 0.00  | Total: 0.00
[2026-07-24 21:30:54] [INFO] [TrafficSystem.PriorityCalculator]: [Rank #3] Lane: East   | PCE: 0.00  | Queue: 0.00  | Congestion: 0.00  | Total: 0.00
[2026-07-24 21:30:54] [INFO] [TrafficSystem.PriorityCalculator]: [Rank #4] Lane: West   | PCE: 0.00  | Queue: 0.00  | Congestion: 0.00  | Total: 0.00
[2026-07-24 21:30:54] [INFO] [TrafficSystem.FairnessManager]: [Fairness] Lane: West   | Base Score: 0.00 | Wait Cycles: 3 | Bonus: +15.00 | Adjusted: 15.00
[2026-07-24 21:30:54] [INFO] [TrafficSystem.FairnessManager]: [Fairness] Lane: North  | Base Score: 0.00 | Wait Cycles: 2 | Bonus: +10.00 | Adjusted: 10.00
[2026-07-24 21:30:54] [INFO] [TrafficSystem.FairnessManager]: [Fairness] Lane: South  | Base Score: 0.00 | Wait Cycles: 1 | Bonus: +5.00 | Adjusted: 5.00
[2026-07-24 21:30:54] [INFO] [TrafficSystem.SignalScheduler]: [Scheduler] Winner: West   | Score: 15.00 | Green: 35s | Reason: NORMAL
[2026-07-24 21:30:54] [INFO] [TrafficSystem.FairnessManager]: [Fairness Updated] Green: 'West' (Reset to 0). Waiting cycles: {'North': 3, 'South': 2, 'East': 1, 'West': 0}
[2026-07-24 21:30:54] [INFO] [TrafficSystem.SignalController]: [ESP32 Hardware Command #120] GREEN -> 'West' (35s) | Reason: NORMAL
[2026-07-24 21:30:54] [INFO] [TrafficSystem.PriorityCalculator]: [Rank #1] Lane: North  | PCE: 0.00  | Queue: 0.00  | Congestion: 0.00  | Total: 0.00
[2026-07-24 21:30:54] [INFO] [TrafficSystem.PriorityCalculator]: [Rank #2] Lane: South  | PCE: 0.00  | Queue: 0.00  | Congestion: 0.00  | Total: 0.00
[2026-07-24 21:30:54] [INFO] [TrafficSystem.PriorityCalculator]: [Rank #3] Lane: East   | PCE: 0.00  | Queue: 0.00  | Congestion: 0.00  | Total: 0.00
[2026-07-24 21:30:54] [INFO] [TrafficSystem.PriorityCalculator]: [Rank #4] Lane: West   | PCE: 0.00  | Queue: 0.00  | Congestion: 0.00  | Total: 0.00
[2026-07-24 21:30:54] [INFO] [TrafficSystem.FairnessManager]: [Fairness] Lane: North  | Base Score: 0.00 | Wait Cycles: 3 | Bonus: +15.00 | Adjusted: 15.00
[2026-07-24 21:30:54] [INFO] [TrafficSystem.FairnessManager]: [Fairness] Lane: South  | Base Score: 0.00 | Wait Cycles: 2 | Bonus: +10.00 | Adjusted: 10.00
[2026-07-24 21:30:54] [INFO] [TrafficSystem.FairnessManager]: [Fairness] Lane: East   | Base Score: 0.00 | Wait Cycles: 1 | Bonus: +5.00 | Adjusted: 5.00
[2026-07-24 21:30:54] [INFO] [TrafficSystem.SignalScheduler]: [Scheduler] Winner: North  | Score: 15.00 | Green: 35s | Reason: NORMAL
[2026-07-24 21:30:54] [INFO] [TrafficSystem.FairnessManager]: [Fairness Updated] Green: 'North' (Reset to 0). Waiting cycles: {'North': 0, 'South': 3, 'East': 2, 'West': 1}
[2026-07-24 21:30:54] [INFO] [TrafficSystem.SignalController]: [ESP32 Hardware Command #121] GREEN -> 'North' (35s) | Reason: NORMAL
[2026-07-24 21:30:55] [INFO] [TrafficSystem.PriorityCalculator]: [Rank #1] Lane: North  | PCE: 0.00  | Queue: 0.00  | Congestion: 0.00  | Total: 0.00
[2026-07-24 21:30:55] [INFO] [TrafficSystem.PriorityCalculator]: [Rank #2] Lane: South  | PCE: 0.00  | Queue: 0.00  | Congestion: 0.00  | Total: 0.00
[2026-07-24 21:30:55] [INFO] [TrafficSystem.PriorityCalculator]: [Rank #3] Lane: East   | PCE: 0.00  | Queue: 0.00  | Congestion: 0.00  | Total: 0.00
[2026-07-24 21:30:55] [INFO] [TrafficSystem.PriorityCalculator]: [Rank #4] Lane: West   | PCE: 0.00  | Queue: 0.00  | Congestion: 0.00  | Total: 0.00
[2026-07-24 21:30:55] [INFO] [TrafficSystem.FairnessManager]: [Fairness] Lane: South  | Base Score: 0.00 | Wait Cycles: 3 | Bonus: +15.00 | Adjusted: 15.00
[2026-07-24 21:30:55] [INFO] [TrafficSystem.FairnessManager]: [Fairness] Lane: East   | Base Score: 0.00 | Wait Cycles: 2 | Bonus: +10.00 | Adjusted: 10.00
[2026-07-24 21:30:55] [INFO] [TrafficSystem.FairnessManager]: [Fairness] Lane: West   | Base Score: 0.00 | Wait Cycles: 1 | Bonus: +5.00 | Adjusted: 5.00
[2026-07-24 21:30:55] [INFO] [TrafficSystem.SignalScheduler]: [Scheduler] Winner: South  | Score: 15.00 | Green: 35s | Reason: NORMAL
[2026-07-24 21:30:55] [INFO] [TrafficSystem.FairnessManager]: [Fairness Updated] Green: 'South' (Reset to 0). Waiting cycles: {'North': 1, 'South': 0, 'East': 3, 'West': 2}
[2026-07-24 21:30:55] [INFO] [TrafficSystem.SignalController]: [ESP32 Hardware Command #122] GREEN -> 'South' (35s) | Reason: NORMAL
[2026-07-24 21:30:55] [INFO] [TrafficSystem.PriorityCalculator]: [Rank #1] Lane: North  | PCE: 0.00  | Queue: 0.00  | Congestion: 0.00  | Total: 0.00
[2026-07-24 21:30:55] [INFO] [TrafficSystem.PriorityCalculator]: [Rank #2] Lane: South  | PCE: 0.00  | Queue: 0.00  | Congestion: 0.00  | Total: 0.00
[2026-07-24 21:30:55] [INFO] [TrafficSystem.PriorityCalculator]: [Rank #3] Lane: East   | PCE: 0.00  | Queue: 0.00  | Congestion: 0.00  | Total: 0.00
[2026-07-24 21:30:55] [INFO] [TrafficSystem.PriorityCalculator]: [Rank #4] Lane: West   | PCE: 0.00  | Queue: 0.00  | Congestion: 0.00  | Total: 0.00
[2026-07-24 21:30:55] [INFO] [TrafficSystem.FairnessManager]: [Fairness] Lane: East   | Base Score: 0.00 | Wait Cycles: 3 | Bonus: +15.00 | Adjusted: 15.00
[2026-07-24 21:30:55] [INFO] [TrafficSystem.FairnessManager]: [Fairness] Lane: West   | Base Score: 0.00 | Wait Cycles: 2 | Bonus: +10.00 | Adjusted: 10.00
[2026-07-24 21:30:55] [INFO] [TrafficSystem.FairnessManager]: [Fairness] Lane: North  | Base Score: 0.00 | Wait Cycles: 1 | Bonus: +5.00 | Adjusted: 5.00
[2026-07-24 21:30:55] [INFO] [TrafficSystem.SignalScheduler]: [Scheduler] Winner: East   | Score: 15.00 | Green: 35s | Reason: NORMAL
[2026-07-24 21:30:55] [INFO] [TrafficSystem.FairnessManager]: [Fairness Updated] Green: 'East' (Reset to 0). Waiting cycles: {'North': 2, 'South': 1, 'East': 0, 'West': 3}
[2026-07-24 21:30:55] [INFO] [TrafficSystem.SignalController]: [ESP32 Hardware Command #123] GREEN -> 'East' (35s) | Reason: NORMAL
[2026-07-24 21:30:56] [INFO] [TrafficSystem.PriorityCalculator]: [Rank #1] Lane: North  | PCE: 0.00  | Queue: 0.00  | Congestion: 0.00  | Total: 0.00
[2026-07-24 21:30:56] [INFO] [TrafficSystem.PriorityCalculator]: [Rank #2] Lane: South  | PCE: 0.00  | Queue: 0.00  | Congestion: 0.00  | Total: 0.00
[2026-07-24 21:30:56] [INFO] [TrafficSystem.PriorityCalculator]: [Rank #3] Lane: East   | PCE: 0.00  | Queue: 0.00  | Congestion: 0.00  | Total: 0.00
[2026-07-24 21:30:56] [INFO] [TrafficSystem.PriorityCalculator]: [Rank #4] Lane: West   | PCE: 0.00  | Queue: 0.00  | Congestion: 0.00  | Total: 0.00
[2026-07-24 21:30:56] [INFO] [TrafficSystem.FairnessManager]: [Fairness] Lane: West   | Base Score: 0.00 | Wait Cycles: 3 | Bonus: +15.00 | Adjusted: 15.00
[2026-07-24 21:30:56] [INFO] [TrafficSystem.FairnessManager]: [Fairness] Lane: North  | Base Score: 0.00 | Wait Cycles: 2 | Bonus: +10.00 | Adjusted: 10.00
[2026-07-24 21:30:56] [INFO] [TrafficSystem.FairnessManager]: [Fairness] Lane: South  | Base Score: 0.00 | Wait Cycles: 1 | Bonus: +5.00 | Adjusted: 5.00
[2026-07-24 21:30:56] [INFO] [TrafficSystem.SignalScheduler]: [Scheduler] Winner: West   | Score: 15.00 | Green: 35s | Reason: NORMAL
[2026-07-24 21:30:56] [INFO] [TrafficSystem.FairnessManager]: [Fairness Updated] Green: 'West' (Reset to 0). Waiting cycles: {'North': 3, 'South': 2, 'East': 1, 'West': 0}
[2026-07-24 21:30:56] [INFO] [TrafficSystem.SignalController]: [ESP32 Hardware Command #124] GREEN -> 'West' (35s) | Reason: NORMAL
[2026-07-24 21:30:56] [INFO] [TrafficSystem.PriorityCalculator]: [Rank #1] Lane: North  | PCE: 0.00  | Queue: 0.00  | Congestion: 0.00  | Total: 0.00
[2026-07-24 21:30:56] [INFO] [TrafficSystem.PriorityCalculator]: [Rank #2] Lane: South  | PCE: 0.00  | Queue: 0.00  | Congestion: 0.00  | Total: 0.00
[2026-07-24 21:30:56] [INFO] [TrafficSystem.PriorityCalculator]: [Rank #3] Lane: East   | PCE: 0.00  | Queue: 0.00  | Congestion: 0.00  | Total: 0.00
[2026-07-24 21:30:56] [INFO] [TrafficSystem.PriorityCalculator]: [Rank #4] Lane: West   | PCE: 0.00  | Queue: 0.00  | Congestion: 0.00  | Total: 0.00
[2026-07-24 21:30:56] [INFO] [TrafficSystem.FairnessManager]: [Fairness] Lane: North  | Base Score: 0.00 | Wait Cycles: 3 | Bonus: +15.00 | Adjusted: 15.00
[2026-07-24 21:30:56] [INFO] [TrafficSystem.FairnessManager]: [Fairness] Lane: South  | Base Score: 0.00 | Wait Cycles: 2 | Bonus: +10.00 | Adjusted: 10.00
[2026-07-24 21:30:56] [INFO] [TrafficSystem.FairnessManager]: [Fairness] Lane: East   | Base Score: 0.00 | Wait Cycles: 1 | Bonus: +5.00 | Adjusted: 5.00
[2026-07-24 21:30:56] [INFO] [TrafficSystem.SignalScheduler]: [Scheduler] Winner: North  | Score: 15.00 | Green: 35s | Reason: NORMAL
[2026-07-24 21:30:56] [INFO] [TrafficSystem.FairnessManager]: [Fairness Updated] Green: 'North' (Reset to 0). Waiting cycles: {'North': 0, 'South': 3, 'East': 2, 'West': 1}
[2026-07-24 21:30:56] [INFO] [TrafficSystem.SignalController]: [ESP32 Hardware Command #125] GREEN -> 'North' (35s) | Reason: NORMAL
[2026-07-24 21:30:57] [INFO] [TrafficSystem.PriorityCalculator]: [Rank #1] Lane: North  | PCE: 0.00  | Queue: 0.00  | Congestion: 0.00  | Total: 0.00
[2026-07-24 21:30:57] [INFO] [TrafficSystem.PriorityCalculator]: [Rank #2] Lane: South  | PCE: 0.00  | Queue: 0.00  | Congestion: 0.00  | Total: 0.00
[2026-07-24 21:30:57] [INFO] [TrafficSystem.PriorityCalculator]: [Rank #3] Lane: East   | PCE: 0.00  | Queue: 0.00  | Congestion: 0.00  | Total: 0.00
[2026-07-24 21:30:57] [INFO] [TrafficSystem.PriorityCalculator]: [Rank #4] Lane: West   | PCE: 0.00  | Queue: 0.00  | Congestion: 0.00  | Total: 0.00
[2026-07-24 21:30:57] [INFO] [TrafficSystem.FairnessManager]: [Fairness] Lane: South  | Base Score: 0.00 | Wait Cycles: 3 | Bonus: +15.00 | Adjusted: 15.00
[2026-07-24 21:30:57] [INFO] [TrafficSystem.FairnessManager]: [Fairness] Lane: East   | Base Score: 0.00 | Wait Cycles: 2 | Bonus: +10.00 | Adjusted: 10.00
[2026-07-24 21:30:57] [INFO] [TrafficSystem.FairnessManager]: [Fairness] Lane: West   | Base Score: 0.00 | Wait Cycles: 1 | Bonus: +5.00 | Adjusted: 5.00
[2026-07-24 21:30:57] [INFO] [TrafficSystem.SignalScheduler]: [Scheduler] Winner: South  | Score: 15.00 | Green: 35s | Reason: NORMAL
[2026-07-24 21:30:57] [INFO] [TrafficSystem.FairnessManager]: [Fairness Updated] Green: 'South' (Reset to 0). Waiting cycles: {'North': 1, 'South': 0, 'East': 3, 'West': 2}
[2026-07-24 21:30:57] [INFO] [TrafficSystem.SignalController]: [ESP32 Hardware Command #126] GREEN -> 'South' (35s) | Reason: NORMAL
[2026-07-24 21:30:57] [INFO] [TrafficSystem.PriorityCalculator]: [Rank #1] Lane: North  | PCE: 0.00  | Queue: 0.00  | Congestion: 0.00  | Total: 0.00
[2026-07-24 21:30:57] [INFO] [TrafficSystem.PriorityCalculator]: [Rank #2] Lane: South  | PCE: 0.00  | Queue: 0.00  | Congestion: 0.00  | Total: 0.00
[2026-07-24 21:30:57] [INFO] [TrafficSystem.PriorityCalculator]: [Rank #3] Lane: East   | PCE: 0.00  | Queue: 0.00  | Congestion: 0.00  | Total: 0.00
[2026-07-24 21:30:57] [INFO] [TrafficSystem.PriorityCalculator]: [Rank #4] Lane: West   | PCE: 0.00  | Queue: 0.00  | Congestion: 0.00  | Total: 0.00
[2026-07-24 21:30:57] [INFO] [TrafficSystem.FairnessManager]: [Fairness] Lane: East   | Base Score: 0.00 | Wait Cycles: 3 | Bonus: +15.00 | Adjusted: 15.00
[2026-07-24 21:30:57] [INFO] [TrafficSystem.FairnessManager]: [Fairness] Lane: West   | Base Score: 0.00 | Wait Cycles: 2 | Bonus: +10.00 | Adjusted: 10.00
[2026-07-24 21:30:57] [INFO] [TrafficSystem.FairnessManager]: [Fairness] Lane: North  | Base Score: 0.00 | Wait Cycles: 1 | Bonus: +5.00 | Adjusted: 5.00
[2026-07-24 21:30:57] [INFO] [TrafficSystem.SignalScheduler]: [Scheduler] Winner: East   | Score: 15.00 | Green: 35s | Reason: NORMAL
[2026-07-24 21:30:57] [INFO] [TrafficSystem.FairnessManager]: [Fairness Updated] Green: 'East' (Reset to 0). Waiting cycles: {'North': 2, 'South': 1, 'East': 0, 'West': 3}
[2026-07-24 21:30:57] [INFO] [TrafficSystem.SignalController]: [ESP32 Hardware Command #127] GREEN -> 'East' (35s) | Reason: NORMAL
[2026-07-24 21:30:58] [INFO] [TrafficSystem.PriorityCalculator]: [Rank #1] Lane: North  | PCE: 0.00  | Queue: 0.00  | Congestion: 0.00  | Total: 0.00
[2026-07-24 21:30:58] [INFO] [TrafficSystem.PriorityCalculator]: [Rank #2] Lane: South  | PCE: 0.00  | Queue: 0.00  | Congestion: 0.00  | Total: 0.00
[2026-07-24 21:30:58] [INFO] [TrafficSystem.PriorityCalculator]: [Rank #3] Lane: East   | PCE: 0.00  | Queue: 0.00  | Congestion: 0.00  | Total: 0.00
[2026-07-24 21:30:58] [INFO] [TrafficSystem.PriorityCalculator]: [Rank #4] Lane: West   | PCE: 0.00  | Queue: 0.00  | Congestion: 0.00  | Total: 0.00
[2026-07-24 21:30:58] [INFO] [TrafficSystem.FairnessManager]: [Fairness] Lane: West   | Base Score: 0.00 | Wait Cycles: 3 | Bonus: +15.00 | Adjusted: 15.00
[2026-07-24 21:30:58] [INFO] [TrafficSystem.FairnessManager]: [Fairness] Lane: North  | Base Score: 0.00 | Wait Cycles: 2 | Bonus: +10.00 | Adjusted: 10.00
[2026-07-24 21:30:58] [INFO] [TrafficSystem.FairnessManager]: [Fairness] Lane: South  | Base Score: 0.00 | Wait Cycles: 1 | Bonus: +5.00 | Adjusted: 5.00
[2026-07-24 21:30:58] [INFO] [TrafficSystem.SignalScheduler]: [Scheduler] Winner: West   | Score: 15.00 | Green: 35s | Reason: NORMAL
[2026-07-24 21:30:58] [INFO] [TrafficSystem.FairnessManager]: [Fairness Updated] Green: 'West' (Reset to 0). Waiting cycles: {'North': 3, 'South': 2, 'East': 1, 'West': 0}
[2026-07-24 21:30:58] [INFO] [TrafficSystem.SignalController]: [ESP32 Hardware Command #128] GREEN -> 'West' (35s) | Reason: NORMAL
[2026-07-24 21:30:58] [INFO] [TrafficSystem.PriorityCalculator]: [Rank #1] Lane: North  | PCE: 0.00  | Queue: 0.00  | Congestion: 0.00  | Total: 0.00
[2026-07-24 21:30:58] [INFO] [TrafficSystem.PriorityCalculator]: [Rank #2] Lane: South  | PCE: 0.00  | Queue: 0.00  | Congestion: 0.00  | Total: 0.00
[2026-07-24 21:30:58] [INFO] [TrafficSystem.PriorityCalculator]: [Rank #3] Lane: East   | PCE: 0.00  | Queue: 0.00  | Congestion: 0.00  | Total: 0.00
[2026-07-24 21:30:58] [INFO] [TrafficSystem.PriorityCalculator]: [Rank #4] Lane: West   | PCE: 0.00  | Queue: 0.00  | Congestion: 0.00  | Total: 0.00
[2026-07-24 21:30:58] [INFO] [TrafficSystem.FairnessManager]: [Fairness] Lane: North  | Base Score: 0.00 | Wait Cycles: 3 | Bonus: +15.00 | Adjusted: 15.00
[2026-07-24 21:30:58] [INFO] [TrafficSystem.FairnessManager]: [Fairness] Lane: South  | Base Score: 0.00 | Wait Cycles: 2 | Bonus: +10.00 | Adjusted: 10.00
[2026-07-24 21:30:58] [INFO] [TrafficSystem.FairnessManager]: [Fairness] Lane: East   | Base Score: 0.00 | Wait Cycles: 1 | Bonus: +5.00 | Adjusted: 5.00
[2026-07-24 21:30:58] [INFO] [TrafficSystem.SignalScheduler]: [Scheduler] Winner: North  | Score: 15.00 | Green: 35s | Reason: NORMAL
[2026-07-24 21:30:58] [INFO] [TrafficSystem.FairnessManager]: [Fairness Updated] Green: 'North' (Reset to 0). Waiting cycles: {'North': 0, 'South': 3, 'East': 2, 'West': 1}
[2026-07-24 21:30:58] [INFO] [TrafficSystem.SignalController]: [ESP32 Hardware Command #129] GREEN -> 'North' (35s) | Reason: NORMAL
[2026-07-24 21:30:58] [INFO] [TrafficSystem.PriorityCalculator]: [Rank #1] Lane: North  | PCE: 0.00  | Queue: 0.00  | Congestion: 0.00  | Total: 0.00
[2026-07-24 21:30:58] [INFO] [TrafficSystem.PriorityCalculator]: [Rank #2] Lane: South  | PCE: 0.00  | Queue: 0.00  | Congestion: 0.00  | Total: 0.00
[2026-07-24 21:30:58] [INFO] [TrafficSystem.PriorityCalculator]: [Rank #3] Lane: East   | PCE: 0.00  | Queue: 0.00  | Congestion: 0.00  | Total: 0.00
[2026-07-24 21:30:58] [INFO] [TrafficSystem.PriorityCalculator]: [Rank #4] Lane: West   | PCE: 0.00  | Queue: 0.00  | Congestion: 0.00  | Total: 0.00
[2026-07-24 21:30:58] [INFO] [TrafficSystem.FairnessManager]: [Fairness] Lane: South  | Base Score: 0.00 | Wait Cycles: 3 | Bonus: +15.00 | Adjusted: 15.00
[2026-07-24 21:30:58] [INFO] [TrafficSystem.FairnessManager]: [Fairness] Lane: East   | Base Score: 0.00 | Wait Cycles: 2 | Bonus: +10.00 | Adjusted: 10.00
[2026-07-24 21:30:58] [INFO] [TrafficSystem.FairnessManager]: [Fairness] Lane: West   | Base Score: 0.00 | Wait Cycles: 1 | Bonus: +5.00 | Adjusted: 5.00
[2026-07-24 21:30:58] [INFO] [TrafficSystem.SignalScheduler]: [Scheduler] Winner: South  | Score: 15.00 | Green: 35s | Reason: NORMAL
[2026-07-24 21:30:58] [INFO] [TrafficSystem.FairnessManager]: [Fairness Updated] Green: 'South' (Reset to 0). Waiting cycles: {'North': 1, 'South': 0, 'East': 3, 'West': 2}
[2026-07-24 21:30:58] [INFO] [TrafficSystem.SignalController]: [ESP32 Hardware Command #130] GREEN -> 'South' (35s) | Reason: NORMAL
[2026-07-24 21:30:59] [INFO] [TrafficSystem.PriorityCalculator]: [Rank #1] Lane: North  | PCE: 0.00  | Queue: 0.00  | Congestion: 0.00  | Total: 0.00
[2026-07-24 21:30:59] [INFO] [TrafficSystem.PriorityCalculator]: [Rank #2] Lane: South  | PCE: 0.00  | Queue: 0.00  | Congestion: 0.00  | Total: 0.00
[2026-07-24 21:30:59] [INFO] [TrafficSystem.PriorityCalculator]: [Rank #3] Lane: East   | PCE: 0.00  | Queue: 0.00  | Congestion: 0.00  | Total: 0.00
[2026-07-24 21:30:59] [INFO] [TrafficSystem.PriorityCalculator]: [Rank #4] Lane: West   | PCE: 0.00  | Queue: 0.00  | Congestion: 0.00  | Total: 0.00
[2026-07-24 21:30:59] [INFO] [TrafficSystem.FairnessManager]: [Fairness] Lane: East   | Base Score: 0.00 | Wait Cycles: 3 | Bonus: +15.00 | Adjusted: 15.00
[2026-07-24 21:30:59] [INFO] [TrafficSystem.FairnessManager]: [Fairness] Lane: West   | Base Score: 0.00 | Wait Cycles: 2 | Bonus: +10.00 | Adjusted: 10.00
[2026-07-24 21:30:59] [INFO] [TrafficSystem.FairnessManager]: [Fairness] Lane: North  | Base Score: 0.00 | Wait Cycles: 1 | Bonus: +5.00 | Adjusted: 5.00
[2026-07-24 21:30:59] [INFO] [TrafficSystem.SignalScheduler]: [Scheduler] Winner: East   | Score: 15.00 | Green: 35s | Reason: NORMAL
[2026-07-24 21:30:59] [INFO] [TrafficSystem.FairnessManager]: [Fairness Updated] Green: 'East' (Reset to 0). Waiting cycles: {'North': 2, 'South': 1, 'East': 0, 'West': 3}
[2026-07-24 21:30:59] [INFO] [TrafficSystem.SignalController]: [ESP32 Hardware Command #131] GREEN -> 'East' (35s) | Reason: NORMAL
[2026-07-24 21:30:59] [INFO] [TrafficSystem.PriorityCalculator]: [Rank #1] Lane: North  | PCE: 0.00  | Queue: 0.00  | Congestion: 0.00  | Total: 0.00
[2026-07-24 21:30:59] [INFO] [TrafficSystem.PriorityCalculator]: [Rank #2] Lane: South  | PCE: 0.00  | Queue: 0.00  | Congestion: 0.00  | Total: 0.00
[2026-07-24 21:30:59] [INFO] [TrafficSystem.PriorityCalculator]: [Rank #3] Lane: East   | PCE: 0.00  | Queue: 0.00  | Congestion: 0.00  | Total: 0.00
[2026-07-24 21:30:59] [INFO] [TrafficSystem.PriorityCalculator]: [Rank #4] Lane: West   | PCE: 0.00  | Queue: 0.00  | Congestion: 0.00  | Total: 0.00
[2026-07-24 21:30:59] [INFO] [TrafficSystem.FairnessManager]: [Fairness] Lane: West   | Base Score: 0.00 | Wait Cycles: 3 | Bonus: +15.00 | Adjusted: 15.00
[2026-07-24 21:30:59] [INFO] [TrafficSystem.FairnessManager]: [Fairness] Lane: North  | Base Score: 0.00 | Wait Cycles: 2 | Bonus: +10.00 | Adjusted: 10.00
[2026-07-24 21:30:59] [INFO] [TrafficSystem.FairnessManager]: [Fairness] Lane: South  | Base Score: 0.00 | Wait Cycles: 1 | Bonus: +5.00 | Adjusted: 5.00
[2026-07-24 21:30:59] [INFO] [TrafficSystem.SignalScheduler]: [Scheduler] Winner: West   | Score: 15.00 | Green: 35s | Reason: NORMAL
[2026-07-24 21:30:59] [INFO] [TrafficSystem.FairnessManager]: [Fairness Updated] Green: 'West' (Reset to 0). Waiting cycles: {'North': 3, 'South': 2, 'East': 1, 'West': 0}
[2026-07-24 21:30:59] [INFO] [TrafficSystem.SignalController]: [ESP32 Hardware Command #132] GREEN -> 'West' (35s) | Reason: NORMAL
[2026-07-24 21:31:00] [INFO] [TrafficSystem.PriorityCalculator]: [Rank #1] Lane: North  | PCE: 0.00  | Queue: 0.00  | Congestion: 0.00  | Total: 0.00
[2026-07-24 21:31:00] [INFO] [TrafficSystem.PriorityCalculator]: [Rank #2] Lane: South  | PCE: 0.00  | Queue: 0.00  | Congestion: 0.00  | Total: 0.00
[2026-07-24 21:31:00] [INFO] [TrafficSystem.PriorityCalculator]: [Rank #3] Lane: East   | PCE: 0.00  | Queue: 0.00  | Congestion: 0.00  | Total: 0.00
[2026-07-24 21:31:00] [INFO] [TrafficSystem.PriorityCalculator]: [Rank #4] Lane: West   | PCE: 0.00  | Queue: 0.00  | Congestion: 0.00  | Total: 0.00
[2026-07-24 21:31:00] [INFO] [TrafficSystem.FairnessManager]: [Fairness] Lane: North  | Base Score: 0.00 | Wait Cycles: 3 | Bonus: +15.00 | Adjusted: 15.00
[2026-07-24 21:31:00] [INFO] [TrafficSystem.FairnessManager]: [Fairness] Lane: South  | Base Score: 0.00 | Wait Cycles: 2 | Bonus: +10.00 | Adjusted: 10.00
[2026-07-24 21:31:00] [INFO] [TrafficSystem.FairnessManager]: [Fairness] Lane: East   | Base Score: 0.00 | Wait Cycles: 1 | Bonus: +5.00 | Adjusted: 5.00
[2026-07-24 21:31:00] [INFO] [TrafficSystem.SignalScheduler]: [Scheduler] Winner: North  | Score: 15.00 | Green: 35s | Reason: NORMAL
[2026-07-24 21:31:00] [INFO] [TrafficSystem.FairnessManager]: [Fairness Updated] Green: 'North' (Reset to 0). Waiting cycles: {'North': 0, 'South': 3, 'East': 2, 'West': 1}
[2026-07-24 21:31:00] [INFO] [TrafficSystem.SignalController]: [ESP32 Hardware Command #133] GREEN -> 'North' (35s) | Reason: NORMAL
[2026-07-24 21:31:00] [INFO] [TrafficSystem.PriorityCalculator]: [Rank #1] Lane: North  | PCE: 0.00  | Queue: 0.00  | Congestion: 0.00  | Total: 0.00
[2026-07-24 21:31:00] [INFO] [TrafficSystem.PriorityCalculator]: [Rank #2] Lane: South  | PCE: 0.00  | Queue: 0.00  | Congestion: 0.00  | Total: 0.00
[2026-07-24 21:31:00] [INFO] [TrafficSystem.PriorityCalculator]: [Rank #3] Lane: East   | PCE: 0.00  | Queue: 0.00  | Congestion: 0.00  | Total: 0.00
[2026-07-24 21:31:00] [INFO] [TrafficSystem.PriorityCalculator]: [Rank #4] Lane: West   | PCE: 0.00  | Queue: 0.00  | Congestion: 0.00  | Total: 0.00
[2026-07-24 21:31:00] [INFO] [TrafficSystem.FairnessManager]: [Fairness] Lane: South  | Base Score: 0.00 | Wait Cycles: 3 | Bonus: +15.00 | Adjusted: 15.00
[2026-07-24 21:31:00] [INFO] [TrafficSystem.FairnessManager]: [Fairness] Lane: East   | Base Score: 0.00 | Wait Cycles: 2 | Bonus: +10.00 | Adjusted: 10.00
[2026-07-24 21:31:00] [INFO] [TrafficSystem.FairnessManager]: [Fairness] Lane: West   | Base Score: 0.00 | Wait Cycles: 1 | Bonus: +5.00 | Adjusted: 5.00
[2026-07-24 21:31:00] [INFO] [TrafficSystem.SignalScheduler]: [Scheduler] Winner: South  | Score: 15.00 | Green: 35s | Reason: NORMAL
[2026-07-24 21:31:00] [INFO] [TrafficSystem.FairnessManager]: [Fairness Updated] Green: 'South' (Reset to 0). Waiting cycles: {'North': 1, 'South': 0, 'East': 3, 'West': 2}
[2026-07-24 21:31:00] [INFO] [TrafficSystem.SignalController]: [ESP32 Hardware Command #134] GREEN -> 'South' (35s) | Reason: NORMAL
[2026-07-24 21:31:01] [INFO] [TrafficSystem.PriorityCalculator]: [Rank #1] Lane: North  | PCE: 0.00  | Queue: 0.00  | Congestion: 0.00  | Total: 0.00
[2026-07-24 21:31:01] [INFO] [TrafficSystem.PriorityCalculator]: [Rank #2] Lane: South  | PCE: 0.00  | Queue: 0.00  | Congestion: 0.00  | Total: 0.00
[2026-07-24 21:31:01] [INFO] [TrafficSystem.PriorityCalculator]: [Rank #3] Lane: East   | PCE: 0.00  | Queue: 0.00  | Congestion: 0.00  | Total: 0.00
[2026-07-24 21:31:01] [INFO] [TrafficSystem.PriorityCalculator]: [Rank #4] Lane: West   | PCE: 0.00  | Queue: 0.00  | Congestion: 0.00  | Total: 0.00
[2026-07-24 21:31:01] [INFO] [TrafficSystem.FairnessManager]: [Fairness] Lane: East   | Base Score: 0.00 | Wait Cycles: 3 | Bonus: +15.00 | Adjusted: 15.00
[2026-07-24 21:31:01] [INFO] [TrafficSystem.FairnessManager]: [Fairness] Lane: West   | Base Score: 0.00 | Wait Cycles: 2 | Bonus: +10.00 | Adjusted: 10.00
[2026-07-24 21:31:01] [INFO] [TrafficSystem.FairnessManager]: [Fairness] Lane: North  | Base Score: 0.00 | Wait Cycles: 1 | Bonus: +5.00 | Adjusted: 5.00
[2026-07-24 21:31:01] [INFO] [TrafficSystem.SignalScheduler]: [Scheduler] Winner: East   | Score: 15.00 | Green: 35s | Reason: NORMAL
[2026-07-24 21:31:01] [INFO] [TrafficSystem.FairnessManager]: [Fairness Updated] Green: 'East' (Reset to 0). Waiting cycles: {'North': 2, 'South': 1, 'East': 0, 'West': 3}
[2026-07-24 21:31:01] [INFO] [TrafficSystem.SignalController]: [ESP32 Hardware Command #135] GREEN -> 'East' (35s) | Reason: NORMAL
[2026-07-24 21:31:01] [INFO] [TrafficSystem.PriorityCalculator]: [Rank #1] Lane: North  | PCE: 0.00  | Queue: 0.00  | Congestion: 0.00  | Total: 0.00
[2026-07-24 21:31:01] [INFO] [TrafficSystem.PriorityCalculator]: [Rank #2] Lane: South  | PCE: 0.00  | Queue: 0.00  | Congestion: 0.00  | Total: 0.00
[2026-07-24 21:31:01] [INFO] [TrafficSystem.PriorityCalculator]: [Rank #3] Lane: East   | PCE: 0.00  | Queue: 0.00  | Congestion: 0.00  | Total: 0.00
[2026-07-24 21:31:01] [INFO] [TrafficSystem.PriorityCalculator]: [Rank #4] Lane: West   | PCE: 0.00  | Queue: 0.00  | Congestion: 0.00  | Total: 0.00
[2026-07-24 21:31:01] [INFO] [TrafficSystem.FairnessManager]: [Fairness] Lane: West   | Base Score: 0.00 | Wait Cycles: 3 | Bonus: +15.00 | Adjusted: 15.00
[2026-07-24 21:31:01] [INFO] [TrafficSystem.FairnessManager]: [Fairness] Lane: North  | Base Score: 0.00 | Wait Cycles: 2 | Bonus: +10.00 | Adjusted: 10.00
[2026-07-24 21:31:01] [INFO] [TrafficSystem.FairnessManager]: [Fairness] Lane: South  | Base Score: 0.00 | Wait Cycles: 1 | Bonus: +5.00 | Adjusted: 5.00
[2026-07-24 21:31:01] [INFO] [TrafficSystem.SignalScheduler]: [Scheduler] Winner: West   | Score: 15.00 | Green: 35s | Reason: NORMAL
[2026-07-24 21:31:01] [INFO] [TrafficSystem.FairnessManager]: [Fairness Updated] Green: 'West' (Reset to 0). Waiting cycles: {'North': 3, 'South': 2, 'East': 1, 'West': 0}
[2026-07-24 21:31:01] [INFO] [TrafficSystem.SignalController]: [ESP32 Hardware Command #136] GREEN -> 'West' (35s) | Reason: NORMAL
[2026-07-24 21:31:02] [INFO] [TrafficSystem.PriorityCalculator]: [Rank #1] Lane: North  | PCE: 0.00  | Queue: 0.00  | Congestion: 0.00  | Total: 0.00
[2026-07-24 21:31:02] [INFO] [TrafficSystem.PriorityCalculator]: [Rank #2] Lane: South  | PCE: 0.00  | Queue: 0.00  | Congestion: 0.00  | Total: 0.00
[2026-07-24 21:31:02] [INFO] [TrafficSystem.PriorityCalculator]: [Rank #3] Lane: East   | PCE: 0.00  | Queue: 0.00  | Congestion: 0.00  | Total: 0.00
[2026-07-24 21:31:02] [INFO] [TrafficSystem.PriorityCalculator]: [Rank #4] Lane: West   | PCE: 0.00  | Queue: 0.00  | Congestion: 0.00  | Total: 0.00
[2026-07-24 21:31:02] [INFO] [TrafficSystem.FairnessManager]: [Fairness] Lane: North  | Base Score: 0.00 | Wait Cycles: 3 | Bonus: +15.00 | Adjusted: 15.00
[2026-07-24 21:31:02] [INFO] [TrafficSystem.FairnessManager]: [Fairness] Lane: South  | Base Score: 0.00 | Wait Cycles: 2 | Bonus: +10.00 | Adjusted: 10.00
[2026-07-24 21:31:02] [INFO] [TrafficSystem.FairnessManager]: [Fairness] Lane: East   | Base Score: 0.00 | Wait Cycles: 1 | Bonus: +5.00 | Adjusted: 5.00
[2026-07-24 21:31:02] [INFO] [TrafficSystem.SignalScheduler]: [Scheduler] Winner: North  | Score: 15.00 | Green: 35s | Reason: NORMAL
[2026-07-24 21:31:02] [INFO] [TrafficSystem.FairnessManager]: [Fairness Updated] Green: 'North' (Reset to 0). Waiting cycles: {'North': 0, 'South': 3, 'East': 2, 'West': 1}
[2026-07-24 21:31:02] [INFO] [TrafficSystem.SignalController]: [ESP32 Hardware Command #137] GREEN -> 'North' (35s) | Reason: NORMAL
[2026-07-24 21:31:02] [INFO] [TrafficSystem.PriorityCalculator]: [Rank #1] Lane: North  | PCE: 0.00  | Queue: 0.00  | Congestion: 0.00  | Total: 0.00
[2026-07-24 21:31:02] [INFO] [TrafficSystem.PriorityCalculator]: [Rank #2] Lane: South  | PCE: 0.00  | Queue: 0.00  | Congestion: 0.00  | Total: 0.00
[2026-07-24 21:31:02] [INFO] [TrafficSystem.PriorityCalculator]: [Rank #3] Lane: East   | PCE: 0.00  | Queue: 0.00  | Congestion: 0.00  | Total: 0.00
[2026-07-24 21:31:02] [INFO] [TrafficSystem.PriorityCalculator]: [Rank #4] Lane: West   | PCE: 0.00  | Queue: 0.00  | Congestion: 0.00  | Total: 0.00
[2026-07-24 21:31:02] [INFO] [TrafficSystem.FairnessManager]: [Fairness] Lane: South  | Base Score: 0.00 | Wait Cycles: 3 | Bonus: +15.00 | Adjusted: 15.00
[2026-07-24 21:31:02] [INFO] [TrafficSystem.FairnessManager]: [Fairness] Lane: East   | Base Score: 0.00 | Wait Cycles: 2 | Bonus: +10.00 | Adjusted: 10.00
[2026-07-24 21:31:02] [INFO] [TrafficSystem.FairnessManager]: [Fairness] Lane: West   | Base Score: 0.00 | Wait Cycles: 1 | Bonus: +5.00 | Adjusted: 5.00
[2026-07-24 21:31:02] [INFO] [TrafficSystem.SignalScheduler]: [Scheduler] Winner: South  | Score: 15.00 | Green: 35s | Reason: NORMAL
[2026-07-24 21:31:02] [INFO] [TrafficSystem.FairnessManager]: [Fairness Updated] Green: 'South' (Reset to 0). Waiting cycles: {'North': 1, 'South': 0, 'East': 3, 'West': 2}
[2026-07-24 21:31:02] [INFO] [TrafficSystem.SignalController]: [ESP32 Hardware Command #138] GREEN -> 'South' (35s) | Reason: NORMAL
[2026-07-24 21:31:03] [INFO] [TrafficSystem.PriorityCalculator]: [Rank #1] Lane: North  | PCE: 0.00  | Queue: 0.00  | Congestion: 0.00  | Total: 0.00
[2026-07-24 21:31:03] [INFO] [TrafficSystem.PriorityCalculator]: [Rank #2] Lane: South  | PCE: 0.00  | Queue: 0.00  | Congestion: 0.00  | Total: 0.00
[2026-07-24 21:31:03] [INFO] [TrafficSystem.PriorityCalculator]: [Rank #3] Lane: East   | PCE: 0.00  | Queue: 0.00  | Congestion: 0.00  | Total: 0.00
[2026-07-24 21:31:03] [INFO] [TrafficSystem.PriorityCalculator]: [Rank #4] Lane: West   | PCE: 0.00  | Queue: 0.00  | Congestion: 0.00  | Total: 0.00
[2026-07-24 21:31:03] [INFO] [TrafficSystem.FairnessManager]: [Fairness] Lane: East   | Base Score: 0.00 | Wait Cycles: 3 | Bonus: +15.00 | Adjusted: 15.00
[2026-07-24 21:31:03] [INFO] [TrafficSystem.FairnessManager]: [Fairness] Lane: West   | Base Score: 0.00 | Wait Cycles: 2 | Bonus: +10.00 | Adjusted: 10.00
[2026-07-24 21:31:03] [INFO] [TrafficSystem.FairnessManager]: [Fairness] Lane: North  | Base Score: 0.00 | Wait Cycles: 1 | Bonus: +5.00 | Adjusted: 5.00
[2026-07-24 21:31:03] [INFO] [TrafficSystem.SignalScheduler]: [Scheduler] Winner: East   | Score: 15.00 | Green: 35s | Reason: NORMAL
[2026-07-24 21:31:03] [INFO] [TrafficSystem.FairnessManager]: [Fairness Updated] Green: 'East' (Reset to 0). Waiting cycles: {'North': 2, 'South': 1, 'East': 0, 'West': 3}
[2026-07-24 21:31:03] [INFO] [TrafficSystem.SignalController]: [ESP32 Hardware Command #139] GREEN -> 'East' (35s) | Reason: NORMAL
[2026-07-24 21:31:03] [INFO] [TrafficSystem.PriorityCalculator]: [Rank #1] Lane: North  | PCE: 0.00  | Queue: 0.00  | Congestion: 0.00  | Total: 0.00
[2026-07-24 21:31:03] [INFO] [TrafficSystem.PriorityCalculator]: [Rank #2] Lane: South  | PCE: 0.00  | Queue: 0.00  | Congestion: 0.00  | Total: 0.00
[2026-07-24 21:31:03] [INFO] [TrafficSystem.PriorityCalculator]: [Rank #3] Lane: East   | PCE: 0.00  | Queue: 0.00  | Congestion: 0.00  | Total: 0.00
[2026-07-24 21:31:03] [INFO] [TrafficSystem.PriorityCalculator]: [Rank #4] Lane: West   | PCE: 0.00  | Queue: 0.00  | Congestion: 0.00  | Total: 0.00
[2026-07-24 21:31:03] [INFO] [TrafficSystem.FairnessManager]: [Fairness] Lane: West   | Base Score: 0.00 | Wait Cycles: 3 | Bonus: +15.00 | Adjusted: 15.00
[2026-07-24 21:31:03] [INFO] [TrafficSystem.FairnessManager]: [Fairness] Lane: North  | Base Score: 0.00 | Wait Cycles: 2 | Bonus: +10.00 | Adjusted: 10.00
[2026-07-24 21:31:03] [INFO] [TrafficSystem.FairnessManager]: [Fairness] Lane: South  | Base Score: 0.00 | Wait Cycles: 1 | Bonus: +5.00 | Adjusted: 5.00
[2026-07-24 21:31:03] [INFO] [TrafficSystem.SignalScheduler]: [Scheduler] Winner: West   | Score: 15.00 | Green: 35s | Reason: NORMAL
[2026-07-24 21:31:03] [INFO] [TrafficSystem.FairnessManager]: [Fairness Updated] Green: 'West' (Reset to 0). Waiting cycles: {'North': 3, 'South': 2, 'East': 1, 'West': 0}
[2026-07-24 21:31:03] [INFO] [TrafficSystem.SignalController]: [ESP32 Hardware Command #140] GREEN -> 'West' (35s) | Reason: NORMAL
[2026-07-24 21:31:04] [INFO] [TrafficSystem.PriorityCalculator]: [Rank #1] Lane: North  | PCE: 0.00  | Queue: 0.00  | Congestion: 0.00  | Total: 0.00
[2026-07-24 21:31:04] [INFO] [TrafficSystem.PriorityCalculator]: [Rank #2] Lane: South  | PCE: 0.00  | Queue: 0.00  | Congestion: 0.00  | Total: 0.00
[2026-07-24 21:31:04] [INFO] [TrafficSystem.PriorityCalculator]: [Rank #3] Lane: East   | PCE: 0.00  | Queue: 0.00  | Congestion: 0.00  | Total: 0.00
[2026-07-24 21:31:04] [INFO] [TrafficSystem.PriorityCalculator]: [Rank #4] Lane: West   | PCE: 0.00  | Queue: 0.00  | Congestion: 0.00  | Total: 0.00
[2026-07-24 21:31:04] [INFO] [TrafficSystem.FairnessManager]: [Fairness] Lane: North  | Base Score: 0.00 | Wait Cycles: 3 | Bonus: +15.00 | Adjusted: 15.00
[2026-07-24 21:31:04] [INFO] [TrafficSystem.FairnessManager]: [Fairness] Lane: South  | Base Score: 0.00 | Wait Cycles: 2 | Bonus: +10.00 | Adjusted: 10.00
[2026-07-24 21:31:04] [INFO] [TrafficSystem.FairnessManager]: [Fairness] Lane: East   | Base Score: 0.00 | Wait Cycles: 1 | Bonus: +5.00 | Adjusted: 5.00
[2026-07-24 21:31:04] [INFO] [TrafficSystem.SignalScheduler]: [Scheduler] Winner: North  | Score: 15.00 | Green: 35s | Reason: NORMAL
[2026-07-24 21:31:04] [INFO] [TrafficSystem.FairnessManager]: [Fairness Updated] Green: 'North' (Reset to 0). Waiting cycles: {'North': 0, 'South': 3, 'East': 2, 'West': 1}
[2026-07-24 21:31:04] [INFO] [TrafficSystem.SignalController]: [ESP32 Hardware Command #141] GREEN -> 'North' (35s) | Reason: NORMAL
[2026-07-24 21:31:04] [INFO] [TrafficSystem.PriorityCalculator]: [Rank #1] Lane: North  | PCE: 0.00  | Queue: 0.00  | Congestion: 0.00  | Total: 0.00
[2026-07-24 21:31:04] [INFO] [TrafficSystem.PriorityCalculator]: [Rank #2] Lane: South  | PCE: 0.00  | Queue: 0.00  | Congestion: 0.00  | Total: 0.00
[2026-07-24 21:31:04] [INFO] [TrafficSystem.PriorityCalculator]: [Rank #3] Lane: East   | PCE: 0.00  | Queue: 0.00  | Congestion: 0.00  | Total: 0.00
[2026-07-24 21:31:04] [INFO] [TrafficSystem.PriorityCalculator]: [Rank #4] Lane: West   | PCE: 0.00  | Queue: 0.00  | Congestion: 0.00  | Total: 0.00
[2026-07-24 21:31:04] [INFO] [TrafficSystem.FairnessManager]: [Fairness] Lane: South  | Base Score: 0.00 | Wait Cycles: 3 | Bonus: +15.00 | Adjusted: 15.00
[2026-07-24 21:31:04] [INFO] [TrafficSystem.FairnessManager]: [Fairness] Lane: East   | Base Score: 0.00 | Wait Cycles: 2 | Bonus: +10.00 | Adjusted: 10.00
[2026-07-24 21:31:04] [INFO] [TrafficSystem.FairnessManager]: [Fairness] Lane: West   | Base Score: 0.00 | Wait Cycles: 1 | Bonus: +5.00 | Adjusted: 5.00
[2026-07-24 21:31:04] [INFO] [TrafficSystem.SignalScheduler]: [Scheduler] Winner: South  | Score: 15.00 | Green: 35s | Reason: NORMAL
[2026-07-24 21:31:04] [INFO] [TrafficSystem.FairnessManager]: [Fairness Updated] Green: 'South' (Reset to 0). Waiting cycles: {'North': 1, 'South': 0, 'East': 3, 'West': 2}
[2026-07-24 21:31:04] [INFO] [TrafficSystem.SignalController]: [ESP32 Hardware Command #142] GREEN -> 'South' (35s) | Reason: NORMAL
[2026-07-24 21:31:05] [INFO] [TrafficSystem.PriorityCalculator]: [Rank #1] Lane: North  | PCE: 0.00  | Queue: 0.00  | Congestion: 0.00  | Total: 0.00
[2026-07-24 21:31:05] [INFO] [TrafficSystem.PriorityCalculator]: [Rank #2] Lane: South  | PCE: 0.00  | Queue: 0.00  | Congestion: 0.00  | Total: 0.00
[2026-07-24 21:31:05] [INFO] [TrafficSystem.PriorityCalculator]: [Rank #3] Lane: East   | PCE: 0.00  | Queue: 0.00  | Congestion: 0.00  | Total: 0.00
[2026-07-24 21:31:05] [INFO] [TrafficSystem.PriorityCalculator]: [Rank #4] Lane: West   | PCE: 0.00  | Queue: 0.00  | Congestion: 0.00  | Total: 0.00
[2026-07-24 21:31:05] [INFO] [TrafficSystem.FairnessManager]: [Fairness] Lane: East   | Base Score: 0.00 | Wait Cycles: 3 | Bonus: +15.00 | Adjusted: 15.00
[2026-07-24 21:31:05] [INFO] [TrafficSystem.FairnessManager]: [Fairness] Lane: West   | Base Score: 0.00 | Wait Cycles: 2 | Bonus: +10.00 | Adjusted: 10.00
[2026-07-24 21:31:05] [INFO] [TrafficSystem.FairnessManager]: [Fairness] Lane: North  | Base Score: 0.00 | Wait Cycles: 1 | Bonus: +5.00 | Adjusted: 5.00
[2026-07-24 21:31:05] [INFO] [TrafficSystem.SignalScheduler]: [Scheduler] Winner: East   | Score: 15.00 | Green: 35s | Reason: NORMAL
[2026-07-24 21:31:05] [INFO] [TrafficSystem.FairnessManager]: [Fairness Updated] Green: 'East' (Reset to 0). Waiting cycles: {'North': 2, 'South': 1, 'East': 0, 'West': 3}
[2026-07-24 21:31:05] [INFO] [TrafficSystem.SignalController]: [ESP32 Hardware Command #143] GREEN -> 'East' (35s) | Reason: NORMAL
[2026-07-24 21:31:05] [INFO] [TrafficSystem.PriorityCalculator]: [Rank #1] Lane: North  | PCE: 0.00  | Queue: 0.00  | Congestion: 0.00  | Total: 0.00
[2026-07-24 21:31:05] [INFO] [TrafficSystem.PriorityCalculator]: [Rank #2] Lane: South  | PCE: 0.00  | Queue: 0.00  | Congestion: 0.00  | Total: 0.00
[2026-07-24 21:31:05] [INFO] [TrafficSystem.PriorityCalculator]: [Rank #3] Lane: East   | PCE: 0.00  | Queue: 0.00  | Congestion: 0.00  | Total: 0.00
[2026-07-24 21:31:05] [INFO] [TrafficSystem.PriorityCalculator]: [Rank #4] Lane: West   | PCE: 0.00  | Queue: 0.00  | Congestion: 0.00  | Total: 0.00
[2026-07-24 21:31:05] [INFO] [TrafficSystem.FairnessManager]: [Fairness] Lane: West   | Base Score: 0.00 | Wait Cycles: 3 | Bonus: +15.00 | Adjusted: 15.00
[2026-07-24 21:31:05] [INFO] [TrafficSystem.FairnessManager]: [Fairness] Lane: North  | Base Score: 0.00 | Wait Cycles: 2 | Bonus: +10.00 | Adjusted: 10.00
[2026-07-24 21:31:05] [INFO] [TrafficSystem.FairnessManager]: [Fairness] Lane: South  | Base Score: 0.00 | Wait Cycles: 1 | Bonus: +5.00 | Adjusted: 5.00
[2026-07-24 21:31:05] [INFO] [TrafficSystem.SignalScheduler]: [Scheduler] Winner: West   | Score: 15.00 | Green: 35s | Reason: NORMAL
[2026-07-24 21:31:05] [INFO] [TrafficSystem.FairnessManager]: [Fairness Updated] Green: 'West' (Reset to 0). Waiting cycles: {'North': 3, 'South': 2, 'East': 1, 'West': 0}
[2026-07-24 21:31:05] [INFO] [TrafficSystem.SignalController]: [ESP32 Hardware Command #144] GREEN -> 'West' (35s) | Reason: NORMAL
[2026-07-24 21:31:05] [INFO] [TrafficSystem.PriorityCalculator]: [Rank #1] Lane: North  | PCE: 0.00  | Queue: 0.00  | Congestion: 0.00  | Total: 0.00
[2026-07-24 21:31:05] [INFO] [TrafficSystem.PriorityCalculator]: [Rank #2] Lane: South  | PCE: 0.00  | Queue: 0.00  | Congestion: 0.00  | Total: 0.00
[2026-07-24 21:31:05] [INFO] [TrafficSystem.PriorityCalculator]: [Rank #3] Lane: East   | PCE: 0.00  | Queue: 0.00  | Congestion: 0.00  | Total: 0.00
[2026-07-24 21:31:05] [INFO] [TrafficSystem.PriorityCalculator]: [Rank #4] Lane: West   | PCE: 0.00  | Queue: 0.00  | Congestion: 0.00  | Total: 0.00
[2026-07-24 21:31:05] [INFO] [TrafficSystem.FairnessManager]: [Fairness] Lane: North  | Base Score: 0.00 | Wait Cycles: 3 | Bonus: +15.00 | Adjusted: 15.00
[2026-07-24 21:31:05] [INFO] [TrafficSystem.FairnessManager]: [Fairness] Lane: South  | Base Score: 0.00 | Wait Cycles: 2 | Bonus: +10.00 | Adjusted: 10.00
[2026-07-24 21:31:05] [INFO] [TrafficSystem.FairnessManager]: [Fairness] Lane: East   | Base Score: 0.00 | Wait Cycles: 1 | Bonus: +5.00 | Adjusted: 5.00
[2026-07-24 21:31:05] [INFO] [TrafficSystem.SignalScheduler]: [Scheduler] Winner: North  | Score: 15.00 | Green: 35s | Reason: NORMAL
[2026-07-24 21:31:05] [INFO] [TrafficSystem.FairnessManager]: [Fairness Updated] Green: 'North' (Reset to 0). Waiting cycles: {'North': 0, 'South': 3, 'East': 2, 'West': 1}
[2026-07-24 21:31:05] [INFO] [TrafficSystem.SignalController]: [ESP32 Hardware Command #145] GREEN -> 'North' (35s) | Reason: NORMAL
[2026-07-24 21:31:06] [INFO] [TrafficSystem.PriorityCalculator]: [Rank #1] Lane: North  | PCE: 0.00  | Queue: 0.00  | Congestion: 0.00  | Total: 0.00
[2026-07-24 21:31:06] [INFO] [TrafficSystem.PriorityCalculator]: [Rank #2] Lane: South  | PCE: 0.00  | Queue: 0.00  | Congestion: 0.00  | Total: 0.00
[2026-07-24 21:31:06] [INFO] [TrafficSystem.PriorityCalculator]: [Rank #3] Lane: East   | PCE: 0.00  | Queue: 0.00  | Congestion: 0.00  | Total: 0.00
[2026-07-24 21:31:06] [INFO] [TrafficSystem.PriorityCalculator]: [Rank #4] Lane: West   | PCE: 0.00  | Queue: 0.00  | Congestion: 0.00  | Total: 0.00
[2026-07-24 21:31:06] [INFO] [TrafficSystem.FairnessManager]: [Fairness] Lane: South  | Base Score: 0.00 | Wait Cycles: 3 | Bonus: +15.00 | Adjusted: 15.00
[2026-07-24 21:31:06] [INFO] [TrafficSystem.FairnessManager]: [Fairness] Lane: East   | Base Score: 0.00 | Wait Cycles: 2 | Bonus: +10.00 | Adjusted: 10.00
[2026-07-24 21:31:06] [INFO] [TrafficSystem.FairnessManager]: [Fairness] Lane: West   | Base Score: 0.00 | Wait Cycles: 1 | Bonus: +5.00 | Adjusted: 5.00
[2026-07-24 21:31:06] [INFO] [TrafficSystem.SignalScheduler]: [Scheduler] Winner: South  | Score: 15.00 | Green: 35s | Reason: NORMAL
[2026-07-24 21:31:06] [INFO] [TrafficSystem.FairnessManager]: [Fairness Updated] Green: 'South' (Reset to 0). Waiting cycles: {'North': 1, 'South': 0, 'East': 3, 'West': 2}
[2026-07-24 21:31:06] [INFO] [TrafficSystem.SignalController]: [ESP32 Hardware Command #146] GREEN -> 'South' (35s) | Reason: NORMAL
[2026-07-24 21:31:07] [INFO] [TrafficSystem.PriorityCalculator]: [Rank #1] Lane: North  | PCE: 0.00  | Queue: 0.00  | Congestion: 0.00  | Total: 0.00
[2026-07-24 21:31:07] [INFO] [TrafficSystem.PriorityCalculator]: [Rank #2] Lane: South  | PCE: 0.00  | Queue: 0.00  | Congestion: 0.00  | Total: 0.00
[2026-07-24 21:31:07] [INFO] [TrafficSystem.PriorityCalculator]: [Rank #3] Lane: East   | PCE: 0.00  | Queue: 0.00  | Congestion: 0.00  | Total: 0.00
[2026-07-24 21:31:07] [INFO] [TrafficSystem.PriorityCalculator]: [Rank #4] Lane: West   | PCE: 0.00  | Queue: 0.00  | Congestion: 0.00  | Total: 0.00
[2026-07-24 21:31:07] [INFO] [TrafficSystem.FairnessManager]: [Fairness] Lane: East   | Base Score: 0.00 | Wait Cycles: 3 | Bonus: +15.00 | Adjusted: 15.00
[2026-07-24 21:31:07] [INFO] [TrafficSystem.FairnessManager]: [Fairness] Lane: West   | Base Score: 0.00 | Wait Cycles: 2 | Bonus: +10.00 | Adjusted: 10.00
[2026-07-24 21:31:07] [INFO] [TrafficSystem.FairnessManager]: [Fairness] Lane: North  | Base Score: 0.00 | Wait Cycles: 1 | Bonus: +5.00 | Adjusted: 5.00
[2026-07-24 21:31:07] [INFO] [TrafficSystem.SignalScheduler]: [Scheduler] Winner: East   | Score: 15.00 | Green: 35s | Reason: NORMAL
[2026-07-24 21:31:07] [INFO] [TrafficSystem.FairnessManager]: [Fairness Updated] Green: 'East' (Reset to 0). Waiting cycles: {'North': 2, 'South': 1, 'East': 0, 'West': 3}
[2026-07-24 21:31:07] [INFO] [TrafficSystem.SignalController]: [ESP32 Hardware Command #147] GREEN -> 'East' (35s) | Reason: NORMAL
[2026-07-24 21:31:07] [INFO] [TrafficSystem.PriorityCalculator]: [Rank #1] Lane: North  | PCE: 0.00  | Queue: 0.00  | Congestion: 0.00  | Total: 0.00
[2026-07-24 21:31:07] [INFO] [TrafficSystem.PriorityCalculator]: [Rank #2] Lane: South  | PCE: 0.00  | Queue: 0.00  | Congestion: 0.00  | Total: 0.00
[2026-07-24 21:31:07] [INFO] [TrafficSystem.PriorityCalculator]: [Rank #3] Lane: East   | PCE: 0.00  | Queue: 0.00  | Congestion: 0.00  | Total: 0.00
[2026-07-24 21:31:07] [INFO] [TrafficSystem.PriorityCalculator]: [Rank #4] Lane: West   | PCE: 0.00  | Queue: 0.00  | Congestion: 0.00  | Total: 0.00
[2026-07-24 21:31:07] [INFO] [TrafficSystem.FairnessManager]: [Fairness] Lane: West   | Base Score: 0.00 | Wait Cycles: 3 | Bonus: +15.00 | Adjusted: 15.00
[2026-07-24 21:31:07] [INFO] [TrafficSystem.FairnessManager]: [Fairness] Lane: North  | Base Score: 0.00 | Wait Cycles: 2 | Bonus: +10.00 | Adjusted: 10.00
[2026-07-24 21:31:07] [INFO] [TrafficSystem.FairnessManager]: [Fairness] Lane: South  | Base Score: 0.00 | Wait Cycles: 1 | Bonus: +5.00 | Adjusted: 5.00
[2026-07-24 21:31:07] [INFO] [TrafficSystem.SignalScheduler]: [Scheduler] Winner: West   | Score: 15.00 | Green: 35s | Reason: NORMAL
[2026-07-24 21:31:07] [INFO] [TrafficSystem.FairnessManager]: [Fairness Updated] Green: 'West' (Reset to 0). Waiting cycles: {'North': 3, 'South': 2, 'East': 1, 'West': 0}
[2026-07-24 21:31:07] [INFO] [TrafficSystem.SignalController]: [ESP32 Hardware Command #148] GREEN -> 'West' (35s) | Reason: NORMAL
[2026-07-24 21:31:08] [INFO] [TrafficSystem.PriorityCalculator]: [Rank #1] Lane: North  | PCE: 0.00  | Queue: 0.00  | Congestion: 0.00  | Total: 0.00
[2026-07-24 21:31:08] [INFO] [TrafficSystem.PriorityCalculator]: [Rank #2] Lane: South  | PCE: 0.00  | Queue: 0.00  | Congestion: 0.00  | Total: 0.00
[2026-07-24 21:31:08] [INFO] [TrafficSystem.PriorityCalculator]: [Rank #3] Lane: East   | PCE: 0.00  | Queue: 0.00  | Congestion: 0.00  | Total: 0.00
[2026-07-24 21:31:08] [INFO] [TrafficSystem.PriorityCalculator]: [Rank #4] Lane: West   | PCE: 0.00  | Queue: 0.00  | Congestion: 0.00  | Total: 0.00
[2026-07-24 21:31:08] [INFO] [TrafficSystem.FairnessManager]: [Fairness] Lane: North  | Base Score: 0.00 | Wait Cycles: 3 | Bonus: +15.00 | Adjusted: 15.00
[2026-07-24 21:31:08] [INFO] [TrafficSystem.FairnessManager]: [Fairness] Lane: South  | Base Score: 0.00 | Wait Cycles: 2 | Bonus: +10.00 | Adjusted: 10.00
[2026-07-24 21:31:08] [INFO] [TrafficSystem.FairnessManager]: [Fairness] Lane: East   | Base Score: 0.00 | Wait Cycles: 1 | Bonus: +5.00 | Adjusted: 5.00
[2026-07-24 21:31:08] [INFO] [TrafficSystem.SignalScheduler]: [Scheduler] Winner: North  | Score: 15.00 | Green: 35s | Reason: NORMAL
[2026-07-24 21:31:08] [INFO] [TrafficSystem.FairnessManager]: [Fairness Updated] Green: 'North' (Reset to 0). Waiting cycles: {'North': 0, 'South': 3, 'East': 2, 'West': 1}
[2026-07-24 21:31:08] [INFO] [TrafficSystem.SignalController]: [ESP32 Hardware Command #149] GREEN -> 'North' (35s) | Reason: NORMAL
[2026-07-24 21:31:08] [INFO] [TrafficSystem.PriorityCalculator]: [Rank #1] Lane: North  | PCE: 0.00  | Queue: 0.00  | Congestion: 0.00  | Total: 0.00
[2026-07-24 21:31:08] [INFO] [TrafficSystem.PriorityCalculator]: [Rank #2] Lane: South  | PCE: 0.00  | Queue: 0.00  | Congestion: 0.00  | Total: 0.00
[2026-07-24 21:31:08] [INFO] [TrafficSystem.PriorityCalculator]: [Rank #3] Lane: East   | PCE: 0.00  | Queue: 0.00  | Congestion: 0.00  | Total: 0.00
[2026-07-24 21:31:08] [INFO] [TrafficSystem.PriorityCalculator]: [Rank #4] Lane: West   | PCE: 0.00  | Queue: 0.00  | Congestion: 0.00  | Total: 0.00
[2026-07-24 21:31:08] [INFO] [TrafficSystem.FairnessManager]: [Fairness] Lane: South  | Base Score: 0.00 | Wait Cycles: 3 | Bonus: +15.00 | Adjusted: 15.00
[2026-07-24 21:31:08] [INFO] [TrafficSystem.FairnessManager]: [Fairness] Lane: East   | Base Score: 0.00 | Wait Cycles: 2 | Bonus: +10.00 | Adjusted: 10.00
[2026-07-24 21:31:08] [INFO] [TrafficSystem.FairnessManager]: [Fairness] Lane: West   | Base Score: 0.00 | Wait Cycles: 1 | Bonus: +5.00 | Adjusted: 5.00
[2026-07-24 21:31:08] [INFO] [TrafficSystem.SignalScheduler]: [Scheduler] Winner: South  | Score: 15.00 | Green: 35s | Reason: NORMAL
[2026-07-24 21:31:08] [INFO] [TrafficSystem.FairnessManager]: [Fairness Updated] Green: 'South' (Reset to 0). Waiting cycles: {'North': 1, 'South': 0, 'East': 3, 'West': 2}
[2026-07-24 21:31:08] [INFO] [TrafficSystem.SignalController]: [ESP32 Hardware Command #150] GREEN -> 'South' (35s) | Reason: NORMAL
[2026-07-24 21:31:09] [INFO] [TrafficSystem.PriorityCalculator]: [Rank #1] Lane: North  | PCE: 0.00  | Queue: 0.00  | Congestion: 0.00  | Total: 0.00
[2026-07-24 21:31:09] [INFO] [TrafficSystem.PriorityCalculator]: [Rank #2] Lane: South  | PCE: 0.00  | Queue: 0.00  | Congestion: 0.00  | Total: 0.00
[2026-07-24 21:31:09] [INFO] [TrafficSystem.PriorityCalculator]: [Rank #3] Lane: East   | PCE: 0.00  | Queue: 0.00  | Congestion: 0.00  | Total: 0.00
[2026-07-24 21:31:09] [INFO] [TrafficSystem.PriorityCalculator]: [Rank #4] Lane: West   | PCE: 0.00  | Queue: 0.00  | Congestion: 0.00  | Total: 0.00
[2026-07-24 21:31:09] [INFO] [TrafficSystem.FairnessManager]: [Fairness] Lane: East   | Base Score: 0.00 | Wait Cycles: 3 | Bonus: +15.00 | Adjusted: 15.00
[2026-07-24 21:31:09] [INFO] [TrafficSystem.FairnessManager]: [Fairness] Lane: West   | Base Score: 0.00 | Wait Cycles: 2 | Bonus: +10.00 | Adjusted: 10.00
[2026-07-24 21:31:09] [INFO] [TrafficSystem.FairnessManager]: [Fairness] Lane: North  | Base Score: 0.00 | Wait Cycles: 1 | Bonus: +5.00 | Adjusted: 5.00
[2026-07-24 21:31:09] [INFO] [TrafficSystem.SignalScheduler]: [Scheduler] Winner: East   | Score: 15.00 | Green: 35s | Reason: NORMAL
[2026-07-24 21:31:09] [INFO] [TrafficSystem.FairnessManager]: [Fairness Updated] Green: 'East' (Reset to 0). Waiting cycles: {'North': 2, 'South': 1, 'East': 0, 'West': 3}
[2026-07-24 21:31:09] [INFO] [TrafficSystem.SignalController]: [ESP32 Hardware Command #151] GREEN -> 'East' (35s) | Reason: NORMAL
[2026-07-24 21:31:09] [INFO] [TrafficSystem.PriorityCalculator]: [Rank #1] Lane: North  | PCE: 0.00  | Queue: 0.00  | Congestion: 0.00  | Total: 0.00
[2026-07-24 21:31:09] [INFO] [TrafficSystem.PriorityCalculator]: [Rank #2] Lane: South  | PCE: 0.00  | Queue: 0.00  | Congestion: 0.00  | Total: 0.00
[2026-07-24 21:31:09] [INFO] [TrafficSystem.PriorityCalculator]: [Rank #3] Lane: East   | PCE: 0.00  | Queue: 0.00  | Congestion: 0.00  | Total: 0.00
[2026-07-24 21:31:09] [INFO] [TrafficSystem.PriorityCalculator]: [Rank #4] Lane: West   | PCE: 0.00  | Queue: 0.00  | Congestion: 0.00  | Total: 0.00
[2026-07-24 21:31:09] [INFO] [TrafficSystem.FairnessManager]: [Fairness] Lane: West   | Base Score: 0.00 | Wait Cycles: 3 | Bonus: +15.00 | Adjusted: 15.00
[2026-07-24 21:31:09] [INFO] [TrafficSystem.FairnessManager]: [Fairness] Lane: North  | Base Score: 0.00 | Wait Cycles: 2 | Bonus: +10.00 | Adjusted: 10.00
[2026-07-24 21:31:09] [INFO] [TrafficSystem.FairnessManager]: [Fairness] Lane: South  | Base Score: 0.00 | Wait Cycles: 1 | Bonus: +5.00 | Adjusted: 5.00
[2026-07-24 21:31:09] [INFO] [TrafficSystem.SignalScheduler]: [Scheduler] Winner: West   | Score: 15.00 | Green: 35s | Reason: NORMAL
[2026-07-24 21:31:09] [INFO] [TrafficSystem.FairnessManager]: [Fairness Updated] Green: 'West' (Reset to 0). Waiting cycles: {'North': 3, 'South': 2, 'East': 1, 'West': 0}
[2026-07-24 21:31:09] [INFO] [TrafficSystem.SignalController]: [ESP32 Hardware Command #152] GREEN -> 'West' (35s) | Reason: NORMAL
[2026-07-24 21:31:10] [INFO] [TrafficSystem.PriorityCalculator]: [Rank #1] Lane: North  | PCE: 0.00  | Queue: 0.00  | Congestion: 0.00  | Total: 0.00
[2026-07-24 21:31:10] [INFO] [TrafficSystem.PriorityCalculator]: [Rank #2] Lane: South  | PCE: 0.00  | Queue: 0.00  | Congestion: 0.00  | Total: 0.00
[2026-07-24 21:31:10] [INFO] [TrafficSystem.PriorityCalculator]: [Rank #3] Lane: East   | PCE: 0.00  | Queue: 0.00  | Congestion: 0.00  | Total: 0.00
[2026-07-24 21:31:10] [INFO] [TrafficSystem.PriorityCalculator]: [Rank #4] Lane: West   | PCE: 0.00  | Queue: 0.00  | Congestion: 0.00  | Total: 0.00
[2026-07-24 21:31:10] [INFO] [TrafficSystem.FairnessManager]: [Fairness] Lane: North  | Base Score: 0.00 | Wait Cycles: 3 | Bonus: +15.00 | Adjusted: 15.00
[2026-07-24 21:31:10] [INFO] [TrafficSystem.FairnessManager]: [Fairness] Lane: South  | Base Score: 0.00 | Wait Cycles: 2 | Bonus: +10.00 | Adjusted: 10.00
[2026-07-24 21:31:10] [INFO] [TrafficSystem.FairnessManager]: [Fairness] Lane: East   | Base Score: 0.00 | Wait Cycles: 1 | Bonus: +5.00 | Adjusted: 5.00
[2026-07-24 21:31:10] [INFO] [TrafficSystem.SignalScheduler]: [Scheduler] Winner: North  | Score: 15.00 | Green: 35s | Reason: NORMAL
[2026-07-24 21:31:10] [INFO] [TrafficSystem.FairnessManager]: [Fairness Updated] Green: 'North' (Reset to 0). Waiting cycles: {'North': 0, 'South': 3, 'East': 2, 'West': 1}
[2026-07-24 21:31:10] [INFO] [TrafficSystem.SignalController]: [ESP32 Hardware Command #153] GREEN -> 'North' (35s) | Reason: NORMAL
[2026-07-24 21:31:10] [INFO] [TrafficSystem.PriorityCalculator]: [Rank #1] Lane: North  | PCE: 0.00  | Queue: 0.00  | Congestion: 0.00  | Total: 0.00
[2026-07-24 21:31:10] [INFO] [TrafficSystem.PriorityCalculator]: [Rank #2] Lane: South  | PCE: 0.00  | Queue: 0.00  | Congestion: 0.00  | Total: 0.00
[2026-07-24 21:31:10] [INFO] [TrafficSystem.PriorityCalculator]: [Rank #3] Lane: East   | PCE: 0.00  | Queue: 0.00  | Congestion: 0.00  | Total: 0.00
[2026-07-24 21:31:10] [INFO] [TrafficSystem.PriorityCalculator]: [Rank #4] Lane: West   | PCE: 0.00  | Queue: 0.00  | Congestion: 0.00  | Total: 0.00
[2026-07-24 21:31:10] [INFO] [TrafficSystem.FairnessManager]: [Fairness] Lane: South  | Base Score: 0.00 | Wait Cycles: 3 | Bonus: +15.00 | Adjusted: 15.00
[2026-07-24 21:31:10] [INFO] [TrafficSystem.FairnessManager]: [Fairness] Lane: East   | Base Score: 0.00 | Wait Cycles: 2 | Bonus: +10.00 | Adjusted: 10.00
[2026-07-24 21:31:10] [INFO] [TrafficSystem.FairnessManager]: [Fairness] Lane: West   | Base Score: 0.00 | Wait Cycles: 1 | Bonus: +5.00 | Adjusted: 5.00
[2026-07-24 21:31:10] [INFO] [TrafficSystem.SignalScheduler]: [Scheduler] Winner: South  | Score: 15.00 | Green: 35s | Reason: NORMAL
[2026-07-24 21:31:10] [INFO] [TrafficSystem.FairnessManager]: [Fairness Updated] Green: 'South' (Reset to 0). Waiting cycles: {'North': 1, 'South': 0, 'East': 3, 'West': 2}
[2026-07-24 21:31:10] [INFO] [TrafficSystem.SignalController]: [ESP32 Hardware Command #154] GREEN -> 'South' (35s) | Reason: NORMAL
[2026-07-24 21:31:10] [INFO] [TrafficSystem.PriorityCalculator]: [Rank #1] Lane: North  | PCE: 0.00  | Queue: 0.00  | Congestion: 0.00  | Total: 0.00
[2026-07-24 21:31:10] [INFO] [TrafficSystem.PriorityCalculator]: [Rank #2] Lane: South  | PCE: 0.00  | Queue: 0.00  | Congestion: 0.00  | Total: 0.00
[2026-07-24 21:31:10] [INFO] [TrafficSystem.PriorityCalculator]: [Rank #3] Lane: East   | PCE: 0.00  | Queue: 0.00  | Congestion: 0.00  | Total: 0.00
[2026-07-24 21:31:10] [INFO] [TrafficSystem.PriorityCalculator]: [Rank #4] Lane: West   | PCE: 0.00  | Queue: 0.00  | Congestion: 0.00  | Total: 0.00
[2026-07-24 21:31:10] [INFO] [TrafficSystem.FairnessManager]: [Fairness] Lane: East   | Base Score: 0.00 | Wait Cycles: 3 | Bonus: +15.00 | Adjusted: 15.00
[2026-07-24 21:31:10] [INFO] [TrafficSystem.FairnessManager]: [Fairness] Lane: West   | Base Score: 0.00 | Wait Cycles: 2 | Bonus: +10.00 | Adjusted: 10.00
[2026-07-24 21:31:10] [INFO] [TrafficSystem.FairnessManager]: [Fairness] Lane: North  | Base Score: 0.00 | Wait Cycles: 1 | Bonus: +5.00 | Adjusted: 5.00
[2026-07-24 21:31:10] [INFO] [TrafficSystem.SignalScheduler]: [Scheduler] Winner: East   | Score: 15.00 | Green: 35s | Reason: NORMAL
[2026-07-24 21:31:10] [INFO] [TrafficSystem.FairnessManager]: [Fairness Updated] Green: 'East' (Reset to 0). Waiting cycles: {'North': 2, 'South': 1, 'East': 0, 'West': 3}
[2026-07-24 21:31:10] [INFO] [TrafficSystem.SignalController]: [ESP32 Hardware Command #155] GREEN -> 'East' (35s) | Reason: NORMAL
[2026-07-24 21:31:11] [INFO] [TrafficSystem.PriorityCalculator]: [Rank #1] Lane: North  | PCE: 0.00  | Queue: 0.00  | Congestion: 0.00  | Total: 0.00
[2026-07-24 21:31:11] [INFO] [TrafficSystem.PriorityCalculator]: [Rank #2] Lane: South  | PCE: 0.00  | Queue: 0.00  | Congestion: 0.00  | Total: 0.00
[2026-07-24 21:31:11] [INFO] [TrafficSystem.PriorityCalculator]: [Rank #3] Lane: East   | PCE: 0.00  | Queue: 0.00  | Congestion: 0.00  | Total: 0.00
[2026-07-24 21:31:11] [INFO] [TrafficSystem.PriorityCalculator]: [Rank #4] Lane: West   | PCE: 0.00  | Queue: 0.00  | Congestion: 0.00  | Total: 0.00
[2026-07-24 21:31:11] [INFO] [TrafficSystem.FairnessManager]: [Fairness] Lane: West   | Base Score: 0.00 | Wait Cycles: 3 | Bonus: +15.00 | Adjusted: 15.00
[2026-07-24 21:31:11] [INFO] [TrafficSystem.FairnessManager]: [Fairness] Lane: North  | Base Score: 0.00 | Wait Cycles: 2 | Bonus: +10.00 | Adjusted: 10.00
[2026-07-24 21:31:11] [INFO] [TrafficSystem.FairnessManager]: [Fairness] Lane: South  | Base Score: 0.00 | Wait Cycles: 1 | Bonus: +5.00 | Adjusted: 5.00
[2026-07-24 21:31:11] [INFO] [TrafficSystem.SignalScheduler]: [Scheduler] Winner: West   | Score: 15.00 | Green: 35s | Reason: NORMAL
[2026-07-24 21:31:11] [INFO] [TrafficSystem.FairnessManager]: [Fairness Updated] Green: 'West' (Reset to 0). Waiting cycles: {'North': 3, 'South': 2, 'East': 1, 'West': 0}
[2026-07-24 21:31:11] [INFO] [TrafficSystem.SignalController]: [ESP32 Hardware Command #156] GREEN -> 'West' (35s) | Reason: NORMAL
[2026-07-24 21:31:11] [INFO] [TrafficSystem.PriorityCalculator]: [Rank #1] Lane: North  | PCE: 0.00  | Queue: 0.00  | Congestion: 0.00  | Total: 0.00
[2026-07-24 21:31:11] [INFO] [TrafficSystem.PriorityCalculator]: [Rank #2] Lane: South  | PCE: 0.00  | Queue: 0.00  | Congestion: 0.00  | Total: 0.00
[2026-07-24 21:31:11] [INFO] [TrafficSystem.PriorityCalculator]: [Rank #3] Lane: East   | PCE: 0.00  | Queue: 0.00  | Congestion: 0.00  | Total: 0.00
[2026-07-24 21:31:11] [INFO] [TrafficSystem.PriorityCalculator]: [Rank #4] Lane: West   | PCE: 0.00  | Queue: 0.00  | Congestion: 0.00  | Total: 0.00
[2026-07-24 21:31:11] [INFO] [TrafficSystem.FairnessManager]: [Fairness] Lane: North  | Base Score: 0.00 | Wait Cycles: 3 | Bonus: +15.00 | Adjusted: 15.00
[2026-07-24 21:31:11] [INFO] [TrafficSystem.FairnessManager]: [Fairness] Lane: South  | Base Score: 0.00 | Wait Cycles: 2 | Bonus: +10.00 | Adjusted: 10.00
[2026-07-24 21:31:11] [INFO] [TrafficSystem.FairnessManager]: [Fairness] Lane: East   | Base Score: 0.00 | Wait Cycles: 1 | Bonus: +5.00 | Adjusted: 5.00
[2026-07-24 21:31:11] [INFO] [TrafficSystem.SignalScheduler]: [Scheduler] Winner: North  | Score: 15.00 | Green: 35s | Reason: NORMAL
[2026-07-24 21:31:11] [INFO] [TrafficSystem.FairnessManager]: [Fairness Updated] Green: 'North' (Reset to 0). Waiting cycles: {'North': 0, 'South': 3, 'East': 2, 'West': 1}
[2026-07-24 21:31:11] [INFO] [TrafficSystem.SignalController]: [ESP32 Hardware Command #157] GREEN -> 'North' (35s) | Reason: NORMAL
[2026-07-24 21:31:12] [INFO] [TrafficSystem.PriorityCalculator]: [Rank #1] Lane: North  | PCE: 0.00  | Queue: 0.00  | Congestion: 0.00  | Total: 0.00
[2026-07-24 21:31:12] [INFO] [TrafficSystem.PriorityCalculator]: [Rank #2] Lane: South  | PCE: 0.00  | Queue: 0.00  | Congestion: 0.00  | Total: 0.00
[2026-07-24 21:31:12] [INFO] [TrafficSystem.PriorityCalculator]: [Rank #3] Lane: East   | PCE: 0.00  | Queue: 0.00  | Congestion: 0.00  | Total: 0.00
[2026-07-24 21:31:12] [INFO] [TrafficSystem.PriorityCalculator]: [Rank #4] Lane: West   | PCE: 0.00  | Queue: 0.00  | Congestion: 0.00  | Total: 0.00
[2026-07-24 21:31:12] [INFO] [TrafficSystem.FairnessManager]: [Fairness] Lane: South  | Base Score: 0.00 | Wait Cycles: 3 | Bonus: +15.00 | Adjusted: 15.00
[2026-07-24 21:31:12] [INFO] [TrafficSystem.FairnessManager]: [Fairness] Lane: East   | Base Score: 0.00 | Wait Cycles: 2 | Bonus: +10.00 | Adjusted: 10.00
[2026-07-24 21:31:12] [INFO] [TrafficSystem.FairnessManager]: [Fairness] Lane: West   | Base Score: 0.00 | Wait Cycles: 1 | Bonus: +5.00 | Adjusted: 5.00
[2026-07-24 21:31:12] [INFO] [TrafficSystem.SignalScheduler]: [Scheduler] Winner: South  | Score: 15.00 | Green: 35s | Reason: NORMAL
[2026-07-24 21:31:12] [INFO] [TrafficSystem.FairnessManager]: [Fairness Updated] Green: 'South' (Reset to 0). Waiting cycles: {'North': 1, 'South': 0, 'East': 3, 'West': 2}
[2026-07-24 21:31:12] [INFO] [TrafficSystem.SignalController]: [ESP32 Hardware Command #158] GREEN -> 'South' (35s) | Reason: NORMAL
[2026-07-24 21:31:12] [INFO] [TrafficSystem.PriorityCalculator]: [Rank #1] Lane: North  | PCE: 0.00  | Queue: 0.00  | Congestion: 0.00  | Total: 0.00
[2026-07-24 21:31:12] [INFO] [TrafficSystem.PriorityCalculator]: [Rank #2] Lane: South  | PCE: 0.00  | Queue: 0.00  | Congestion: 0.00  | Total: 0.00
[2026-07-24 21:31:12] [INFO] [TrafficSystem.PriorityCalculator]: [Rank #3] Lane: East   | PCE: 0.00  | Queue: 0.00  | Congestion: 0.00  | Total: 0.00
[2026-07-24 21:31:12] [INFO] [TrafficSystem.PriorityCalculator]: [Rank #4] Lane: West   | PCE: 0.00  | Queue: 0.00  | Congestion: 0.00  | Total: 0.00
[2026-07-24 21:31:12] [INFO] [TrafficSystem.FairnessManager]: [Fairness] Lane: East   | Base Score: 0.00 | Wait Cycles: 3 | Bonus: +15.00 | Adjusted: 15.00
[2026-07-24 21:31:12] [INFO] [TrafficSystem.FairnessManager]: [Fairness] Lane: West   | Base Score: 0.00 | Wait Cycles: 2 | Bonus: +10.00 | Adjusted: 10.00
[2026-07-24 21:31:12] [INFO] [TrafficSystem.FairnessManager]: [Fairness] Lane: North  | Base Score: 0.00 | Wait Cycles: 1 | Bonus: +5.00 | Adjusted: 5.00
[2026-07-24 21:31:12] [INFO] [TrafficSystem.SignalScheduler]: [Scheduler] Winner: East   | Score: 15.00 | Green: 35s | Reason: NORMAL
[2026-07-24 21:31:12] [INFO] [TrafficSystem.FairnessManager]: [Fairness Updated] Green: 'East' (Reset to 0). Waiting cycles: {'North': 2, 'South': 1, 'East': 0, 'West': 3}
[2026-07-24 21:31:12] [INFO] [TrafficSystem.SignalController]: [ESP32 Hardware Command #159] GREEN -> 'East' (35s) | Reason: NORMAL
[2026-07-24 21:31:13] [INFO] [TrafficSystem.PriorityCalculator]: [Rank #1] Lane: North  | PCE: 0.00  | Queue: 0.00  | Congestion: 0.00  | Total: 0.00
[2026-07-24 21:31:13] [INFO] [TrafficSystem.PriorityCalculator]: [Rank #2] Lane: South  | PCE: 0.00  | Queue: 0.00  | Congestion: 0.00  | Total: 0.00
[2026-07-24 21:31:13] [INFO] [TrafficSystem.PriorityCalculator]: [Rank #3] Lane: East   | PCE: 0.00  | Queue: 0.00  | Congestion: 0.00  | Total: 0.00
[2026-07-24 21:31:13] [INFO] [TrafficSystem.PriorityCalculator]: [Rank #4] Lane: West   | PCE: 0.00  | Queue: 0.00  | Congestion: 0.00  | Total: 0.00
[2026-07-24 21:31:13] [INFO] [TrafficSystem.FairnessManager]: [Fairness] Lane: West   | Base Score: 0.00 | Wait Cycles: 3 | Bonus: +15.00 | Adjusted: 15.00
[2026-07-24 21:31:13] [INFO] [TrafficSystem.FairnessManager]: [Fairness] Lane: North  | Base Score: 0.00 | Wait Cycles: 2 | Bonus: +10.00 | Adjusted: 10.00
[2026-07-24 21:31:13] [INFO] [TrafficSystem.FairnessManager]: [Fairness] Lane: South  | Base Score: 0.00 | Wait Cycles: 1 | Bonus: +5.00 | Adjusted: 5.00
[2026-07-24 21:31:13] [INFO] [TrafficSystem.SignalScheduler]: [Scheduler] Winner: West   | Score: 15.00 | Green: 35s | Reason: NORMAL
[2026-07-24 21:31:13] [INFO] [TrafficSystem.FairnessManager]: [Fairness Updated] Green: 'West' (Reset to 0). Waiting cycles: {'North': 3, 'South': 2, 'East': 1, 'West': 0}
[2026-07-24 21:31:13] [INFO] [TrafficSystem.SignalController]: [ESP32 Hardware Command #160] GREEN -> 'West' (35s) | Reason: NORMAL
[2026-07-24 21:31:13] [INFO] [TrafficSystem.PriorityCalculator]: [Rank #1] Lane: North  | PCE: 0.00  | Queue: 0.00  | Congestion: 0.00  | Total: 0.00
[2026-07-24 21:31:13] [INFO] [TrafficSystem.PriorityCalculator]: [Rank #2] Lane: South  | PCE: 0.00  | Queue: 0.00  | Congestion: 0.00  | Total: 0.00
[2026-07-24 21:31:13] [INFO] [TrafficSystem.PriorityCalculator]: [Rank #3] Lane: East   | PCE: 0.00  | Queue: 0.00  | Congestion: 0.00  | Total: 0.00
[2026-07-24 21:31:13] [INFO] [TrafficSystem.PriorityCalculator]: [Rank #4] Lane: West   | PCE: 0.00  | Queue: 0.00  | Congestion: 0.00  | Total: 0.00
[2026-07-24 21:31:13] [INFO] [TrafficSystem.FairnessManager]: [Fairness] Lane: North  | Base Score: 0.00 | Wait Cycles: 3 | Bonus: +15.00 | Adjusted: 15.00
[2026-07-24 21:31:14] [INFO] [TrafficSystem.FairnessManager]: [Fairness] Lane: South  | Base Score: 0.00 | Wait Cycles: 2 | Bonus: +10.00 | Adjusted: 10.00
[2026-07-24 21:31:14] [INFO] [TrafficSystem.FairnessManager]: [Fairness] Lane: East   | Base Score: 0.00 | Wait Cycles: 1 | Bonus: +5.00 | Adjusted: 5.00
[2026-07-24 21:31:14] [INFO] [TrafficSystem.SignalScheduler]: [Scheduler] Winner: North  | Score: 15.00 | Green: 35s | Reason: NORMAL
[2026-07-24 21:31:14] [INFO] [TrafficSystem.FairnessManager]: [Fairness Updated] Green: 'North' (Reset to 0). Waiting cycles: {'North': 0, 'South': 3, 'East': 2, 'West': 1}
[2026-07-24 21:31:14] [INFO] [TrafficSystem.SignalController]: [ESP32 Hardware Command #161] GREEN -> 'North' (35s) | Reason: NORMAL
[2026-07-24 21:31:14] [INFO] [TrafficSystem.PriorityCalculator]: [Rank #1] Lane: North  | PCE: 0.00  | Queue: 0.00  | Congestion: 0.00  | Total: 0.00
[2026-07-24 21:31:14] [INFO] [TrafficSystem.PriorityCalculator]: [Rank #2] Lane: South  | PCE: 0.00  | Queue: 0.00  | Congestion: 0.00  | Total: 0.00
[2026-07-24 21:31:14] [INFO] [TrafficSystem.PriorityCalculator]: [Rank #3] Lane: East   | PCE: 0.00  | Queue: 0.00  | Congestion: 0.00  | Total: 0.00
[2026-07-24 21:31:14] [INFO] [TrafficSystem.PriorityCalculator]: [Rank #4] Lane: West   | PCE: 0.00  | Queue: 0.00  | Congestion: 0.00  | Total: 0.00
[2026-07-24 21:31:14] [INFO] [TrafficSystem.FairnessManager]: [Fairness] Lane: South  | Base Score: 0.00 | Wait Cycles: 3 | Bonus: +15.00 | Adjusted: 15.00
[2026-07-24 21:31:14] [INFO] [TrafficSystem.FairnessManager]: [Fairness] Lane: East   | Base Score: 0.00 | Wait Cycles: 2 | Bonus: +10.00 | Adjusted: 10.00
[2026-07-24 21:31:14] [INFO] [TrafficSystem.FairnessManager]: [Fairness] Lane: West   | Base Score: 0.00 | Wait Cycles: 1 | Bonus: +5.00 | Adjusted: 5.00
[2026-07-24 21:31:14] [INFO] [TrafficSystem.SignalScheduler]: [Scheduler] Winner: South  | Score: 15.00 | Green: 35s | Reason: NORMAL
[2026-07-24 21:31:14] [INFO] [TrafficSystem.FairnessManager]: [Fairness Updated] Green: 'South' (Reset to 0). Waiting cycles: {'North': 1, 'South': 0, 'East': 3, 'West': 2}
[2026-07-24 21:31:14] [INFO] [TrafficSystem.SignalController]: [ESP32 Hardware Command #162] GREEN -> 'South' (35s) | Reason: NORMAL
[2026-07-24 21:31:15] [INFO] [TrafficSystem.PriorityCalculator]: [Rank #1] Lane: North  | PCE: 0.00  | Queue: 0.00  | Congestion: 0.00  | Total: 0.00
[2026-07-24 21:31:15] [INFO] [TrafficSystem.PriorityCalculator]: [Rank #2] Lane: South  | PCE: 0.00  | Queue: 0.00  | Congestion: 0.00  | Total: 0.00
[2026-07-24 21:31:15] [INFO] [TrafficSystem.PriorityCalculator]: [Rank #3] Lane: East   | PCE: 0.00  | Queue: 0.00  | Congestion: 0.00  | Total: 0.00
[2026-07-24 21:31:15] [INFO] [TrafficSystem.PriorityCalculator]: [Rank #4] Lane: West   | PCE: 0.00  | Queue: 0.00  | Congestion: 0.00  | Total: 0.00
[2026-07-24 21:31:15] [INFO] [TrafficSystem.FairnessManager]: [Fairness] Lane: East   | Base Score: 0.00 | Wait Cycles: 3 | Bonus: +15.00 | Adjusted: 15.00
[2026-07-24 21:31:15] [INFO] [TrafficSystem.FairnessManager]: [Fairness] Lane: West   | Base Score: 0.00 | Wait Cycles: 2 | Bonus: +10.00 | Adjusted: 10.00
[2026-07-24 21:31:15] [INFO] [TrafficSystem.FairnessManager]: [Fairness] Lane: North  | Base Score: 0.00 | Wait Cycles: 1 | Bonus: +5.00 | Adjusted: 5.00
[2026-07-24 21:31:15] [INFO] [TrafficSystem.SignalScheduler]: [Scheduler] Winner: East   | Score: 15.00 | Green: 35s | Reason: NORMAL
[2026-07-24 21:31:15] [INFO] [TrafficSystem.FairnessManager]: [Fairness Updated] Green: 'East' (Reset to 0). Waiting cycles: {'North': 2, 'South': 1, 'East': 0, 'West': 3}
[2026-07-24 21:31:15] [INFO] [TrafficSystem.SignalController]: [ESP32 Hardware Command #163] GREEN -> 'East' (35s) | Reason: NORMAL
[2026-07-24 21:31:15] [INFO] [TrafficSystem.PriorityCalculator]: [Rank #1] Lane: North  | PCE: 0.00  | Queue: 0.00  | Congestion: 0.00  | Total: 0.00
[2026-07-24 21:31:15] [INFO] [TrafficSystem.PriorityCalculator]: [Rank #2] Lane: South  | PCE: 0.00  | Queue: 0.00  | Congestion: 0.00  | Total: 0.00
[2026-07-24 21:31:15] [INFO] [TrafficSystem.PriorityCalculator]: [Rank #3] Lane: East   | PCE: 0.00  | Queue: 0.00  | Congestion: 0.00  | Total: 0.00
[2026-07-24 21:31:15] [INFO] [TrafficSystem.PriorityCalculator]: [Rank #4] Lane: West   | PCE: 0.00  | Queue: 0.00  | Congestion: 0.00  | Total: 0.00
[2026-07-24 21:31:15] [INFO] [TrafficSystem.FairnessManager]: [Fairness] Lane: West   | Base Score: 0.00 | Wait Cycles: 3 | Bonus: +15.00 | Adjusted: 15.00
[2026-07-24 21:31:15] [INFO] [TrafficSystem.FairnessManager]: [Fairness] Lane: North  | Base Score: 0.00 | Wait Cycles: 2 | Bonus: +10.00 | Adjusted: 10.00
[2026-07-24 21:31:15] [INFO] [TrafficSystem.FairnessManager]: [Fairness] Lane: South  | Base Score: 0.00 | Wait Cycles: 1 | Bonus: +5.00 | Adjusted: 5.00
[2026-07-24 21:31:15] [INFO] [TrafficSystem.SignalScheduler]: [Scheduler] Winner: West   | Score: 15.00 | Green: 35s | Reason: NORMAL
[2026-07-24 21:31:15] [INFO] [TrafficSystem.FairnessManager]: [Fairness Updated] Green: 'West' (Reset to 0). Waiting cycles: {'North': 3, 'South': 2, 'East': 1, 'West': 0}
[2026-07-24 21:31:15] [INFO] [TrafficSystem.SignalController]: [ESP32 Hardware Command #164] GREEN -> 'West' (35s) | Reason: NORMAL
[2026-07-24 21:31:15] [INFO] [TrafficSystem.PriorityCalculator]: [Rank #1] Lane: North  | PCE: 0.00  | Queue: 0.00  | Congestion: 0.00  | Total: 0.00
[2026-07-24 21:31:15] [INFO] [TrafficSystem.PriorityCalculator]: [Rank #2] Lane: South  | PCE: 0.00  | Queue: 0.00  | Congestion: 0.00  | Total: 0.00
[2026-07-24 21:31:15] [INFO] [TrafficSystem.PriorityCalculator]: [Rank #3] Lane: East   | PCE: 0.00  | Queue: 0.00  | Congestion: 0.00  | Total: 0.00
[2026-07-24 21:31:15] [INFO] [TrafficSystem.PriorityCalculator]: [Rank #4] Lane: West   | PCE: 0.00  | Queue: 0.00  | Congestion: 0.00  | Total: 0.00
[2026-07-24 21:31:15] [INFO] [TrafficSystem.FairnessManager]: [Fairness] Lane: North  | Base Score: 0.00 | Wait Cycles: 3 | Bonus: +15.00 | Adjusted: 15.00
[2026-07-24 21:31:15] [INFO] [TrafficSystem.FairnessManager]: [Fairness] Lane: South  | Base Score: 0.00 | Wait Cycles: 2 | Bonus: +10.00 | Adjusted: 10.00
[2026-07-24 21:31:15] [INFO] [TrafficSystem.FairnessManager]: [Fairness] Lane: East   | Base Score: 0.00 | Wait Cycles: 1 | Bonus: +5.00 | Adjusted: 5.00
[2026-07-24 21:31:15] [INFO] [TrafficSystem.SignalScheduler]: [Scheduler] Winner: North  | Score: 15.00 | Green: 35s | Reason: NORMAL
[2026-07-24 21:31:15] [INFO] [TrafficSystem.FairnessManager]: [Fairness Updated] Green: 'North' (Reset to 0). Waiting cycles: {'North': 0, 'South': 3, 'East': 2, 'West': 1}
[2026-07-24 21:31:15] [INFO] [TrafficSystem.SignalController]: [ESP32 Hardware Command #165] GREEN -> 'North' (35s) | Reason: NORMAL
[2026-07-24 21:31:16] [INFO] [TrafficSystem.PriorityCalculator]: [Rank #1] Lane: North  | PCE: 0.00  | Queue: 0.00  | Congestion: 0.00  | Total: 0.00
[2026-07-24 21:31:16] [INFO] [TrafficSystem.PriorityCalculator]: [Rank #2] Lane: South  | PCE: 0.00  | Queue: 0.00  | Congestion: 0.00  | Total: 0.00
[2026-07-24 21:31:16] [INFO] [TrafficSystem.PriorityCalculator]: [Rank #3] Lane: East   | PCE: 0.00  | Queue: 0.00  | Congestion: 0.00  | Total: 0.00
[2026-07-24 21:31:16] [INFO] [TrafficSystem.PriorityCalculator]: [Rank #4] Lane: West   | PCE: 0.00  | Queue: 0.00  | Congestion: 0.00  | Total: 0.00
[2026-07-24 21:31:16] [INFO] [TrafficSystem.FairnessManager]: [Fairness] Lane: South  | Base Score: 0.00 | Wait Cycles: 3 | Bonus: +15.00 | Adjusted: 15.00
[2026-07-24 21:31:16] [INFO] [TrafficSystem.FairnessManager]: [Fairness] Lane: East   | Base Score: 0.00 | Wait Cycles: 2 | Bonus: +10.00 | Adjusted: 10.00
[2026-07-24 21:31:16] [INFO] [TrafficSystem.FairnessManager]: [Fairness] Lane: West   | Base Score: 0.00 | Wait Cycles: 1 | Bonus: +5.00 | Adjusted: 5.00
[2026-07-24 21:31:16] [INFO] [TrafficSystem.SignalScheduler]: [Scheduler] Winner: South  | Score: 15.00 | Green: 35s | Reason: NORMAL
[2026-07-24 21:31:16] [INFO] [TrafficSystem.FairnessManager]: [Fairness Updated] Green: 'South' (Reset to 0). Waiting cycles: {'North': 1, 'South': 0, 'East': 3, 'West': 2}
[2026-07-24 21:31:16] [INFO] [TrafficSystem.SignalController]: [ESP32 Hardware Command #166] GREEN -> 'South' (35s) | Reason: NORMAL
[2026-07-24 21:31:16] [INFO] [TrafficSystem.PriorityCalculator]: [Rank #1] Lane: North  | PCE: 0.00  | Queue: 0.00  | Congestion: 0.00  | Total: 0.00
[2026-07-24 21:31:16] [INFO] [TrafficSystem.PriorityCalculator]: [Rank #2] Lane: South  | PCE: 0.00  | Queue: 0.00  | Congestion: 0.00  | Total: 0.00
[2026-07-24 21:31:16] [INFO] [TrafficSystem.PriorityCalculator]: [Rank #3] Lane: East   | PCE: 0.00  | Queue: 0.00  | Congestion: 0.00  | Total: 0.00
[2026-07-24 21:31:16] [INFO] [TrafficSystem.PriorityCalculator]: [Rank #4] Lane: West   | PCE: 0.00  | Queue: 0.00  | Congestion: 0.00  | Total: 0.00
[2026-07-24 21:31:16] [INFO] [TrafficSystem.FairnessManager]: [Fairness] Lane: East   | Base Score: 0.00 | Wait Cycles: 3 | Bonus: +15.00 | Adjusted: 15.00
[2026-07-24 21:31:16] [INFO] [TrafficSystem.FairnessManager]: [Fairness] Lane: West   | Base Score: 0.00 | Wait Cycles: 2 | Bonus: +10.00 | Adjusted: 10.00
[2026-07-24 21:31:16] [INFO] [TrafficSystem.FairnessManager]: [Fairness] Lane: North  | Base Score: 0.00 | Wait Cycles: 1 | Bonus: +5.00 | Adjusted: 5.00
[2026-07-24 21:31:16] [INFO] [TrafficSystem.SignalScheduler]: [Scheduler] Winner: East   | Score: 15.00 | Green: 35s | Reason: NORMAL
[2026-07-24 21:31:16] [INFO] [TrafficSystem.FairnessManager]: [Fairness Updated] Green: 'East' (Reset to 0). Waiting cycles: {'North': 2, 'South': 1, 'East': 0, 'West': 3}
[2026-07-24 21:31:16] [INFO] [TrafficSystem.SignalController]: [ESP32 Hardware Command #167] GREEN -> 'East' (35s) | Reason: NORMAL
[2026-07-24 21:31:17] [INFO] [TrafficSystem.PriorityCalculator]: [Rank #1] Lane: North  | PCE: 0.00  | Queue: 0.00  | Congestion: 0.00  | Total: 0.00
[2026-07-24 21:31:17] [INFO] [TrafficSystem.PriorityCalculator]: [Rank #2] Lane: South  | PCE: 0.00  | Queue: 0.00  | Congestion: 0.00  | Total: 0.00
[2026-07-24 21:31:17] [INFO] [TrafficSystem.PriorityCalculator]: [Rank #3] Lane: East   | PCE: 0.00  | Queue: 0.00  | Congestion: 0.00  | Total: 0.00
[2026-07-24 21:31:17] [INFO] [TrafficSystem.PriorityCalculator]: [Rank #4] Lane: West   | PCE: 0.00  | Queue: 0.00  | Congestion: 0.00  | Total: 0.00
[2026-07-24 21:31:17] [INFO] [TrafficSystem.FairnessManager]: [Fairness] Lane: West   | Base Score: 0.00 | Wait Cycles: 3 | Bonus: +15.00 | Adjusted: 15.00
[2026-07-24 21:31:17] [INFO] [TrafficSystem.FairnessManager]: [Fairness] Lane: North  | Base Score: 0.00 | Wait Cycles: 2 | Bonus: +10.00 | Adjusted: 10.00
[2026-07-24 21:31:17] [INFO] [TrafficSystem.FairnessManager]: [Fairness] Lane: South  | Base Score: 0.00 | Wait Cycles: 1 | Bonus: +5.00 | Adjusted: 5.00
[2026-07-24 21:31:17] [INFO] [TrafficSystem.SignalScheduler]: [Scheduler] Winner: West   | Score: 15.00 | Green: 35s | Reason: NORMAL
[2026-07-24 21:31:17] [INFO] [TrafficSystem.FairnessManager]: [Fairness Updated] Green: 'West' (Reset to 0). Waiting cycles: {'North': 3, 'South': 2, 'East': 1, 'West': 0}
[2026-07-24 21:31:17] [INFO] [TrafficSystem.SignalController]: [ESP32 Hardware Command #168] GREEN -> 'West' (35s) | Reason: NORMAL
[2026-07-24 21:31:17] [INFO] [TrafficSystem.PriorityCalculator]: [Rank #1] Lane: North  | PCE: 0.00  | Queue: 0.00  | Congestion: 0.00  | Total: 0.00
[2026-07-24 21:31:17] [INFO] [TrafficSystem.PriorityCalculator]: [Rank #2] Lane: South  | PCE: 0.00  | Queue: 0.00  | Congestion: 0.00  | Total: 0.00
[2026-07-24 21:31:17] [INFO] [TrafficSystem.PriorityCalculator]: [Rank #3] Lane: East   | PCE: 0.00  | Queue: 0.00  | Congestion: 0.00  | Total: 0.00
[2026-07-24 21:31:17] [INFO] [TrafficSystem.PriorityCalculator]: [Rank #4] Lane: West   | PCE: 0.00  | Queue: 0.00  | Congestion: 0.00  | Total: 0.00
[2026-07-24 21:31:17] [INFO] [TrafficSystem.FairnessManager]: [Fairness] Lane: North  | Base Score: 0.00 | Wait Cycles: 3 | Bonus: +15.00 | Adjusted: 15.00
[2026-07-24 21:31:17] [INFO] [TrafficSystem.FairnessManager]: [Fairness] Lane: South  | Base Score: 0.00 | Wait Cycles: 2 | Bonus: +10.00 | Adjusted: 10.00
[2026-07-24 21:31:17] [INFO] [TrafficSystem.FairnessManager]: [Fairness] Lane: East   | Base Score: 0.00 | Wait Cycles: 1 | Bonus: +5.00 | Adjusted: 5.00
[2026-07-24 21:31:17] [INFO] [TrafficSystem.SignalScheduler]: [Scheduler] Winner: North  | Score: 15.00 | Green: 35s | Reason: NORMAL
[2026-07-24 21:31:17] [INFO] [TrafficSystem.FairnessManager]: [Fairness Updated] Green: 'North' (Reset to 0). Waiting cycles: {'North': 0, 'South': 3, 'East': 2, 'West': 1}
[2026-07-24 21:31:17] [INFO] [TrafficSystem.SignalController]: [ESP32 Hardware Command #169] GREEN -> 'North' (35s) | Reason: NORMAL
[2026-07-24 21:31:18] [INFO] [TrafficSystem.PriorityCalculator]: [Rank #1] Lane: North  | PCE: 0.00  | Queue: 0.00  | Congestion: 0.00  | Total: 0.00
[2026-07-24 21:31:18] [INFO] [TrafficSystem.PriorityCalculator]: [Rank #2] Lane: South  | PCE: 0.00  | Queue: 0.00  | Congestion: 0.00  | Total: 0.00
[2026-07-24 21:31:18] [INFO] [TrafficSystem.PriorityCalculator]: [Rank #3] Lane: East   | PCE: 0.00  | Queue: 0.00  | Congestion: 0.00  | Total: 0.00
[2026-07-24 21:31:18] [INFO] [TrafficSystem.PriorityCalculator]: [Rank #4] Lane: West   | PCE: 0.00  | Queue: 0.00  | Congestion: 0.00  | Total: 0.00
[2026-07-24 21:31:18] [INFO] [TrafficSystem.FairnessManager]: [Fairness] Lane: South  | Base Score: 0.00 | Wait Cycles: 3 | Bonus: +15.00 | Adjusted: 15.00
[2026-07-24 21:31:18] [INFO] [TrafficSystem.FairnessManager]: [Fairness] Lane: East   | Base Score: 0.00 | Wait Cycles: 2 | Bonus: +10.00 | Adjusted: 10.00
[2026-07-24 21:31:18] [INFO] [TrafficSystem.FairnessManager]: [Fairness] Lane: West   | Base Score: 0.00 | Wait Cycles: 1 | Bonus: +5.00 | Adjusted: 5.00
[2026-07-24 21:31:18] [INFO] [TrafficSystem.SignalScheduler]: [Scheduler] Winner: South  | Score: 15.00 | Green: 35s | Reason: NORMAL
[2026-07-24 21:31:18] [INFO] [TrafficSystem.FairnessManager]: [Fairness Updated] Green: 'South' (Reset to 0). Waiting cycles: {'North': 1, 'South': 0, 'East': 3, 'West': 2}
[2026-07-24 21:31:18] [INFO] [TrafficSystem.SignalController]: [ESP32 Hardware Command #170] GREEN -> 'South' (35s) | Reason: NORMAL
[2026-07-24 21:31:18] [INFO] [TrafficSystem.PriorityCalculator]: [Rank #1] Lane: North  | PCE: 0.00  | Queue: 0.00  | Congestion: 0.00  | Total: 0.00
[2026-07-24 21:31:18] [INFO] [TrafficSystem.PriorityCalculator]: [Rank #2] Lane: South  | PCE: 0.00  | Queue: 0.00  | Congestion: 0.00  | Total: 0.00
[2026-07-24 21:31:18] [INFO] [TrafficSystem.PriorityCalculator]: [Rank #3] Lane: East   | PCE: 0.00  | Queue: 0.00  | Congestion: 0.00  | Total: 0.00
[2026-07-24 21:31:18] [INFO] [TrafficSystem.PriorityCalculator]: [Rank #4] Lane: West   | PCE: 0.00  | Queue: 0.00  | Congestion: 0.00  | Total: 0.00
[2026-07-24 21:31:18] [INFO] [TrafficSystem.FairnessManager]: [Fairness] Lane: East   | Base Score: 0.00 | Wait Cycles: 3 | Bonus: +15.00 | Adjusted: 15.00
[2026-07-24 21:31:18] [INFO] [TrafficSystem.FairnessManager]: [Fairness] Lane: West   | Base Score: 0.00 | Wait Cycles: 2 | Bonus: +10.00 | Adjusted: 10.00
[2026-07-24 21:31:18] [INFO] [TrafficSystem.FairnessManager]: [Fairness] Lane: North  | Base Score: 0.00 | Wait Cycles: 1 | Bonus: +5.00 | Adjusted: 5.00
[2026-07-24 21:31:18] [INFO] [TrafficSystem.SignalScheduler]: [Scheduler] Winner: East   | Score: 15.00 | Green: 35s | Reason: NORMAL
[2026-07-24 21:31:18] [INFO] [TrafficSystem.FairnessManager]: [Fairness Updated] Green: 'East' (Reset to 0). Waiting cycles: {'North': 2, 'South': 1, 'East': 0, 'West': 3}
[2026-07-24 21:31:18] [INFO] [TrafficSystem.SignalController]: [ESP32 Hardware Command #171] GREEN -> 'East' (35s) | Reason: NORMAL
[2026-07-24 21:31:19] [INFO] [TrafficSystem.PriorityCalculator]: [Rank #1] Lane: North  | PCE: 0.00  | Queue: 0.00  | Congestion: 0.00  | Total: 0.00
[2026-07-24 21:31:19] [INFO] [TrafficSystem.PriorityCalculator]: [Rank #2] Lane: South  | PCE: 0.00  | Queue: 0.00  | Congestion: 0.00  | Total: 0.00
[2026-07-24 21:31:19] [INFO] [TrafficSystem.PriorityCalculator]: [Rank #3] Lane: East   | PCE: 0.00  | Queue: 0.00  | Congestion: 0.00  | Total: 0.00
[2026-07-24 21:31:19] [INFO] [TrafficSystem.PriorityCalculator]: [Rank #4] Lane: West   | PCE: 0.00  | Queue: 0.00  | Congestion: 0.00  | Total: 0.00
[2026-07-24 21:31:19] [INFO] [TrafficSystem.FairnessManager]: [Fairness] Lane: West   | Base Score: 0.00 | Wait Cycles: 3 | Bonus: +15.00 | Adjusted: 15.00
[2026-07-24 21:31:19] [INFO] [TrafficSystem.FairnessManager]: [Fairness] Lane: North  | Base Score: 0.00 | Wait Cycles: 2 | Bonus: +10.00 | Adjusted: 10.00
[2026-07-24 21:31:19] [INFO] [TrafficSystem.FairnessManager]: [Fairness] Lane: South  | Base Score: 0.00 | Wait Cycles: 1 | Bonus: +5.00 | Adjusted: 5.00
[2026-07-24 21:31:19] [INFO] [TrafficSystem.SignalScheduler]: [Scheduler] Winner: West   | Score: 15.00 | Green: 35s | Reason: NORMAL
[2026-07-24 21:31:19] [INFO] [TrafficSystem.FairnessManager]: [Fairness Updated] Green: 'West' (Reset to 0). Waiting cycles: {'North': 3, 'South': 2, 'East': 1, 'West': 0}
[2026-07-24 21:31:19] [INFO] [TrafficSystem.SignalController]: [ESP32 Hardware Command #172] GREEN -> 'West' (35s) | Reason: NORMAL
[2026-07-24 21:31:19] [INFO] [TrafficSystem.PriorityCalculator]: [Rank #1] Lane: North  | PCE: 0.00  | Queue: 0.00  | Congestion: 0.00  | Total: 0.00
[2026-07-24 21:31:19] [INFO] [TrafficSystem.PriorityCalculator]: [Rank #2] Lane: South  | PCE: 0.00  | Queue: 0.00  | Congestion: 0.00  | Total: 0.00
[2026-07-24 21:31:19] [INFO] [TrafficSystem.PriorityCalculator]: [Rank #3] Lane: East   | PCE: 0.00  | Queue: 0.00  | Congestion: 0.00  | Total: 0.00
[2026-07-24 21:31:19] [INFO] [TrafficSystem.PriorityCalculator]: [Rank #4] Lane: West   | PCE: 0.00  | Queue: 0.00  | Congestion: 0.00  | Total: 0.00
[2026-07-24 21:31:19] [INFO] [TrafficSystem.FairnessManager]: [Fairness] Lane: North  | Base Score: 0.00 | Wait Cycles: 3 | Bonus: +15.00 | Adjusted: 15.00
[2026-07-24 21:31:19] [INFO] [TrafficSystem.FairnessManager]: [Fairness] Lane: South  | Base Score: 0.00 | Wait Cycles: 2 | Bonus: +10.00 | Adjusted: 10.00
[2026-07-24 21:31:19] [INFO] [TrafficSystem.FairnessManager]: [Fairness] Lane: East   | Base Score: 0.00 | Wait Cycles: 1 | Bonus: +5.00 | Adjusted: 5.00
[2026-07-24 21:31:19] [INFO] [TrafficSystem.SignalScheduler]: [Scheduler] Winner: North  | Score: 15.00 | Green: 35s | Reason: NORMAL
[2026-07-24 21:31:19] [INFO] [TrafficSystem.FairnessManager]: [Fairness Updated] Green: 'North' (Reset to 0). Waiting cycles: {'North': 0, 'South': 3, 'East': 2, 'West': 1}
[2026-07-24 21:31:19] [INFO] [TrafficSystem.SignalController]: [ESP32 Hardware Command #173] GREEN -> 'North' (35s) | Reason: NORMAL
[2026-07-24 21:31:20] [INFO] [TrafficSystem.PriorityCalculator]: [Rank #1] Lane: North  | PCE: 0.00  | Queue: 0.00  | Congestion: 0.00  | Total: 0.00
[2026-07-24 21:31:20] [INFO] [TrafficSystem.PriorityCalculator]: [Rank #2] Lane: South  | PCE: 0.00  | Queue: 0.00  | Congestion: 0.00  | Total: 0.00
[2026-07-24 21:31:20] [INFO] [TrafficSystem.PriorityCalculator]: [Rank #3] Lane: East   | PCE: 0.00  | Queue: 0.00  | Congestion: 0.00  | Total: 0.00
[2026-07-24 21:31:20] [INFO] [TrafficSystem.PriorityCalculator]: [Rank #4] Lane: West   | PCE: 0.00  | Queue: 0.00  | Congestion: 0.00  | Total: 0.00
[2026-07-24 21:31:20] [INFO] [TrafficSystem.FairnessManager]: [Fairness] Lane: South  | Base Score: 0.00 | Wait Cycles: 3 | Bonus: +15.00 | Adjusted: 15.00
[2026-07-24 21:31:20] [INFO] [TrafficSystem.FairnessManager]: [Fairness] Lane: East   | Base Score: 0.00 | Wait Cycles: 2 | Bonus: +10.00 | Adjusted: 10.00
[2026-07-24 21:31:20] [INFO] [TrafficSystem.FairnessManager]: [Fairness] Lane: West   | Base Score: 0.00 | Wait Cycles: 1 | Bonus: +5.00 | Adjusted: 5.00
[2026-07-24 21:31:20] [INFO] [TrafficSystem.SignalScheduler]: [Scheduler] Winner: South  | Score: 15.00 | Green: 35s | Reason: NORMAL
[2026-07-24 21:31:20] [INFO] [TrafficSystem.FairnessManager]: [Fairness Updated] Green: 'South' (Reset to 0). Waiting cycles: {'North': 1, 'South': 0, 'East': 3, 'West': 2}
[2026-07-24 21:31:20] [INFO] [TrafficSystem.SignalController]: [ESP32 Hardware Command #174] GREEN -> 'South' (35s) | Reason: NORMAL
[2026-07-24 21:31:20] [INFO] [TrafficSystem.PriorityCalculator]: [Rank #1] Lane: North  | PCE: 0.00  | Queue: 0.00  | Congestion: 0.00  | Total: 0.00
[2026-07-24 21:31:20] [INFO] [TrafficSystem.PriorityCalculator]: [Rank #2] Lane: South  | PCE: 0.00  | Queue: 0.00  | Congestion: 0.00  | Total: 0.00
[2026-07-24 21:31:20] [INFO] [TrafficSystem.PriorityCalculator]: [Rank #3] Lane: East   | PCE: 0.00  | Queue: 0.00  | Congestion: 0.00  | Total: 0.00
[2026-07-24 21:31:20] [INFO] [TrafficSystem.PriorityCalculator]: [Rank #4] Lane: West   | PCE: 0.00  | Queue: 0.00  | Congestion: 0.00  | Total: 0.00
[2026-07-24 21:31:20] [INFO] [TrafficSystem.FairnessManager]: [Fairness] Lane: East   | Base Score: 0.00 | Wait Cycles: 3 | Bonus: +15.00 | Adjusted: 15.00
[2026-07-24 21:31:20] [INFO] [TrafficSystem.FairnessManager]: [Fairness] Lane: West   | Base Score: 0.00 | Wait Cycles: 2 | Bonus: +10.00 | Adjusted: 10.00
[2026-07-24 21:31:20] [INFO] [TrafficSystem.FairnessManager]: [Fairness] Lane: North  | Base Score: 0.00 | Wait Cycles: 1 | Bonus: +5.00 | Adjusted: 5.00
[2026-07-24 21:31:20] [INFO] [TrafficSystem.SignalScheduler]: [Scheduler] Winner: East   | Score: 15.00 | Green: 35s | Reason: NORMAL
[2026-07-24 21:31:20] [INFO] [TrafficSystem.FairnessManager]: [Fairness Updated] Green: 'East' (Reset to 0). Waiting cycles: {'North': 2, 'South': 1, 'East': 0, 'West': 3}
[2026-07-24 21:31:20] [INFO] [TrafficSystem.SignalController]: [ESP32 Hardware Command #175] GREEN -> 'East' (35s) | Reason: NORMAL
[2026-07-24 21:31:20] [INFO] [TrafficSystem.PriorityCalculator]: [Rank #1] Lane: North  | PCE: 0.00  | Queue: 0.00  | Congestion: 0.00  | Total: 0.00
[2026-07-24 21:31:20] [INFO] [TrafficSystem.PriorityCalculator]: [Rank #2] Lane: South  | PCE: 0.00  | Queue: 0.00  | Congestion: 0.00  | Total: 0.00
[2026-07-24 21:31:20] [INFO] [TrafficSystem.PriorityCalculator]: [Rank #3] Lane: East   | PCE: 0.00  | Queue: 0.00  | Congestion: 0.00  | Total: 0.00
[2026-07-24 21:31:20] [INFO] [TrafficSystem.PriorityCalculator]: [Rank #4] Lane: West   | PCE: 0.00  | Queue: 0.00  | Congestion: 0.00  | Total: 0.00
[2026-07-24 21:31:20] [INFO] [TrafficSystem.FairnessManager]: [Fairness] Lane: West   | Base Score: 0.00 | Wait Cycles: 3 | Bonus: +15.00 | Adjusted: 15.00
[2026-07-24 21:31:20] [INFO] [TrafficSystem.FairnessManager]: [Fairness] Lane: North  | Base Score: 0.00 | Wait Cycles: 2 | Bonus: +10.00 | Adjusted: 10.00
[2026-07-24 21:31:20] [INFO] [TrafficSystem.FairnessManager]: [Fairness] Lane: South  | Base Score: 0.00 | Wait Cycles: 1 | Bonus: +5.00 | Adjusted: 5.00
[2026-07-24 21:31:20] [INFO] [TrafficSystem.SignalScheduler]: [Scheduler] Winner: West   | Score: 15.00 | Green: 35s | Reason: NORMAL
[2026-07-24 21:31:20] [INFO] [TrafficSystem.FairnessManager]: [Fairness Updated] Green: 'West' (Reset to 0). Waiting cycles: {'North': 3, 'South': 2, 'East': 1, 'West': 0}
[2026-07-24 21:31:20] [INFO] [TrafficSystem.SignalController]: [ESP32 Hardware Command #176] GREEN -> 'West' (35s) | Reason: NORMAL
[2026-07-24 21:31:21] [INFO] [TrafficSystem.PriorityCalculator]: [Rank #1] Lane: North  | PCE: 0.00  | Queue: 0.00  | Congestion: 0.00  | Total: 0.00
[2026-07-24 21:31:21] [INFO] [TrafficSystem.PriorityCalculator]: [Rank #2] Lane: South  | PCE: 0.00  | Queue: 0.00  | Congestion: 0.00  | Total: 0.00
[2026-07-24 21:31:21] [INFO] [TrafficSystem.PriorityCalculator]: [Rank #3] Lane: East   | PCE: 0.00  | Queue: 0.00  | Congestion: 0.00  | Total: 0.00
[2026-07-24 21:31:21] [INFO] [TrafficSystem.PriorityCalculator]: [Rank #4] Lane: West   | PCE: 0.00  | Queue: 0.00  | Congestion: 0.00  | Total: 0.00
[2026-07-24 21:31:21] [INFO] [TrafficSystem.FairnessManager]: [Fairness] Lane: North  | Base Score: 0.00 | Wait Cycles: 3 | Bonus: +15.00 | Adjusted: 15.00
[2026-07-24 21:31:21] [INFO] [TrafficSystem.FairnessManager]: [Fairness] Lane: South  | Base Score: 0.00 | Wait Cycles: 2 | Bonus: +10.00 | Adjusted: 10.00
[2026-07-24 21:31:21] [INFO] [TrafficSystem.FairnessManager]: [Fairness] Lane: East   | Base Score: 0.00 | Wait Cycles: 1 | Bonus: +5.00 | Adjusted: 5.00
[2026-07-24 21:31:21] [INFO] [TrafficSystem.SignalScheduler]: [Scheduler] Winner: North  | Score: 15.00 | Green: 35s | Reason: NORMAL
[2026-07-24 21:31:21] [INFO] [TrafficSystem.FairnessManager]: [Fairness Updated] Green: 'North' (Reset to 0). Waiting cycles: {'North': 0, 'South': 3, 'East': 2, 'West': 1}
[2026-07-24 21:31:21] [INFO] [TrafficSystem.SignalController]: [ESP32 Hardware Command #177] GREEN -> 'North' (35s) | Reason: NORMAL
[2026-07-24 21:31:21] [INFO] [TrafficSystem.PriorityCalculator]: [Rank #1] Lane: North  | PCE: 0.00  | Queue: 0.00  | Congestion: 0.00  | Total: 0.00
[2026-07-24 21:31:21] [INFO] [TrafficSystem.PriorityCalculator]: [Rank #2] Lane: South  | PCE: 0.00  | Queue: 0.00  | Congestion: 0.00  | Total: 0.00
[2026-07-24 21:31:21] [INFO] [TrafficSystem.PriorityCalculator]: [Rank #3] Lane: East   | PCE: 0.00  | Queue: 0.00  | Congestion: 0.00  | Total: 0.00
[2026-07-24 21:31:21] [INFO] [TrafficSystem.PriorityCalculator]: [Rank #4] Lane: West   | PCE: 0.00  | Queue: 0.00  | Congestion: 0.00  | Total: 0.00
[2026-07-24 21:31:21] [INFO] [TrafficSystem.FairnessManager]: [Fairness] Lane: South  | Base Score: 0.00 | Wait Cycles: 3 | Bonus: +15.00 | Adjusted: 15.00
[2026-07-24 21:31:21] [INFO] [TrafficSystem.FairnessManager]: [Fairness] Lane: East   | Base Score: 0.00 | Wait Cycles: 2 | Bonus: +10.00 | Adjusted: 10.00
[2026-07-24 21:31:21] [INFO] [TrafficSystem.FairnessManager]: [Fairness] Lane: West   | Base Score: 0.00 | Wait Cycles: 1 | Bonus: +5.00 | Adjusted: 5.00
[2026-07-24 21:31:21] [INFO] [TrafficSystem.SignalScheduler]: [Scheduler] Winner: South  | Score: 15.00 | Green: 35s | Reason: NORMAL
[2026-07-24 21:31:21] [INFO] [TrafficSystem.FairnessManager]: [Fairness Updated] Green: 'South' (Reset to 0). Waiting cycles: {'North': 1, 'South': 0, 'East': 3, 'West': 2}
[2026-07-24 21:31:21] [INFO] [TrafficSystem.SignalController]: [ESP32 Hardware Command #178] GREEN -> 'South' (35s) | Reason: NORMAL
[2026-07-24 21:31:22] [INFO] [TrafficSystem.PriorityCalculator]: [Rank #1] Lane: North  | PCE: 0.00  | Queue: 0.00  | Congestion: 0.00  | Total: 0.00
[2026-07-24 21:31:22] [INFO] [TrafficSystem.PriorityCalculator]: [Rank #2] Lane: South  | PCE: 0.00  | Queue: 0.00  | Congestion: 0.00  | Total: 0.00
[2026-07-24 21:31:22] [INFO] [TrafficSystem.PriorityCalculator]: [Rank #3] Lane: East   | PCE: 0.00  | Queue: 0.00  | Congestion: 0.00  | Total: 0.00
[2026-07-24 21:31:22] [INFO] [TrafficSystem.PriorityCalculator]: [Rank #4] Lane: West   | PCE: 0.00  | Queue: 0.00  | Congestion: 0.00  | Total: 0.00
[2026-07-24 21:31:22] [INFO] [TrafficSystem.FairnessManager]: [Fairness] Lane: East   | Base Score: 0.00 | Wait Cycles: 3 | Bonus: +15.00 | Adjusted: 15.00
[2026-07-24 21:31:22] [INFO] [TrafficSystem.FairnessManager]: [Fairness] Lane: West   | Base Score: 0.00 | Wait Cycles: 2 | Bonus: +10.00 | Adjusted: 10.00
[2026-07-24 21:31:22] [INFO] [TrafficSystem.FairnessManager]: [Fairness] Lane: North  | Base Score: 0.00 | Wait Cycles: 1 | Bonus: +5.00 | Adjusted: 5.00
[2026-07-24 21:31:22] [INFO] [TrafficSystem.SignalScheduler]: [Scheduler] Winner: East   | Score: 15.00 | Green: 35s | Reason: NORMAL
[2026-07-24 21:31:22] [INFO] [TrafficSystem.FairnessManager]: [Fairness Updated] Green: 'East' (Reset to 0). Waiting cycles: {'North': 2, 'South': 1, 'East': 0, 'West': 3}
[2026-07-24 21:31:22] [INFO] [TrafficSystem.SignalController]: [ESP32 Hardware Command #179] GREEN -> 'East' (35s) | Reason: NORMAL
[2026-07-24 21:31:22] [INFO] [TrafficSystem.PriorityCalculator]: [Rank #1] Lane: North  | PCE: 0.00  | Queue: 0.00  | Congestion: 0.00  | Total: 0.00
[2026-07-24 21:31:22] [INFO] [TrafficSystem.PriorityCalculator]: [Rank #2] Lane: South  | PCE: 0.00  | Queue: 0.00  | Congestion: 0.00  | Total: 0.00
[2026-07-24 21:31:22] [INFO] [TrafficSystem.PriorityCalculator]: [Rank #3] Lane: East   | PCE: 0.00  | Queue: 0.00  | Congestion: 0.00  | Total: 0.00
[2026-07-24 21:31:22] [INFO] [TrafficSystem.PriorityCalculator]: [Rank #4] Lane: West   | PCE: 0.00  | Queue: 0.00  | Congestion: 0.00  | Total: 0.00
[2026-07-24 21:31:22] [INFO] [TrafficSystem.FairnessManager]: [Fairness] Lane: West   | Base Score: 0.00 | Wait Cycles: 3 | Bonus: +15.00 | Adjusted: 15.00
[2026-07-24 21:31:22] [INFO] [TrafficSystem.FairnessManager]: [Fairness] Lane: North  | Base Score: 0.00 | Wait Cycles: 2 | Bonus: +10.00 | Adjusted: 10.00
[2026-07-24 21:31:22] [INFO] [TrafficSystem.FairnessManager]: [Fairness] Lane: South  | Base Score: 0.00 | Wait Cycles: 1 | Bonus: +5.00 | Adjusted: 5.00
[2026-07-24 21:31:22] [INFO] [TrafficSystem.SignalScheduler]: [Scheduler] Winner: West   | Score: 15.00 | Green: 35s | Reason: NORMAL
[2026-07-24 21:31:22] [INFO] [TrafficSystem.FairnessManager]: [Fairness Updated] Green: 'West' (Reset to 0). Waiting cycles: {'North': 3, 'South': 2, 'East': 1, 'West': 0}
[2026-07-24 21:31:22] [INFO] [TrafficSystem.SignalController]: [ESP32 Hardware Command #180] GREEN -> 'West' (35s) | Reason: NORMAL
[2026-07-24 21:31:23] [INFO] [TrafficSystem.PriorityCalculator]: [Rank #1] Lane: North  | PCE: 0.00  | Queue: 0.00  | Congestion: 0.00  | Total: 0.00
[2026-07-24 21:31:23] [INFO] [TrafficSystem.PriorityCalculator]: [Rank #2] Lane: South  | PCE: 0.00  | Queue: 0.00  | Congestion: 0.00  | Total: 0.00
[2026-07-24 21:31:23] [INFO] [TrafficSystem.PriorityCalculator]: [Rank #3] Lane: East   | PCE: 0.00  | Queue: 0.00  | Congestion: 0.00  | Total: 0.00
[2026-07-24 21:31:23] [INFO] [TrafficSystem.PriorityCalculator]: [Rank #4] Lane: West   | PCE: 0.00  | Queue: 0.00  | Congestion: 0.00  | Total: 0.00
[2026-07-24 21:31:23] [INFO] [TrafficSystem.FairnessManager]: [Fairness] Lane: North  | Base Score: 0.00 | Wait Cycles: 3 | Bonus: +15.00 | Adjusted: 15.00
[2026-07-24 21:31:23] [INFO] [TrafficSystem.FairnessManager]: [Fairness] Lane: South  | Base Score: 0.00 | Wait Cycles: 2 | Bonus: +10.00 | Adjusted: 10.00
[2026-07-24 21:31:23] [INFO] [TrafficSystem.FairnessManager]: [Fairness] Lane: East   | Base Score: 0.00 | Wait Cycles: 1 | Bonus: +5.00 | Adjusted: 5.00
[2026-07-24 21:31:23] [INFO] [TrafficSystem.SignalScheduler]: [Scheduler] Winner: North  | Score: 15.00 | Green: 35s | Reason: NORMAL
[2026-07-24 21:31:23] [INFO] [TrafficSystem.FairnessManager]: [Fairness Updated] Green: 'North' (Reset to 0). Waiting cycles: {'North': 0, 'South': 3, 'East': 2, 'West': 1}
[2026-07-24 21:31:23] [INFO] [TrafficSystem.SignalController]: [ESP32 Hardware Command #181] GREEN -> 'North' (35s) | Reason: NORMAL
[2026-07-24 21:31:23] [INFO] [TrafficSystem.PriorityCalculator]: [Rank #1] Lane: North  | PCE: 0.00  | Queue: 0.00  | Congestion: 0.00  | Total: 0.00
[2026-07-24 21:31:23] [INFO] [TrafficSystem.PriorityCalculator]: [Rank #2] Lane: South  | PCE: 0.00  | Queue: 0.00  | Congestion: 0.00  | Total: 0.00
[2026-07-24 21:31:23] [INFO] [TrafficSystem.PriorityCalculator]: [Rank #3] Lane: East   | PCE: 0.00  | Queue: 0.00  | Congestion: 0.00  | Total: 0.00
[2026-07-24 21:31:23] [INFO] [TrafficSystem.PriorityCalculator]: [Rank #4] Lane: West   | PCE: 0.00  | Queue: 0.00  | Congestion: 0.00  | Total: 0.00
[2026-07-24 21:31:23] [INFO] [TrafficSystem.FairnessManager]: [Fairness] Lane: South  | Base Score: 0.00 | Wait Cycles: 3 | Bonus: +15.00 | Adjusted: 15.00
[2026-07-24 21:31:23] [INFO] [TrafficSystem.FairnessManager]: [Fairness] Lane: East   | Base Score: 0.00 | Wait Cycles: 2 | Bonus: +10.00 | Adjusted: 10.00
[2026-07-24 21:31:23] [INFO] [TrafficSystem.FairnessManager]: [Fairness] Lane: West   | Base Score: 0.00 | Wait Cycles: 1 | Bonus: +5.00 | Adjusted: 5.00
[2026-07-24 21:31:23] [INFO] [TrafficSystem.SignalScheduler]: [Scheduler] Winner: South  | Score: 15.00 | Green: 35s | Reason: NORMAL
[2026-07-24 21:31:23] [INFO] [TrafficSystem.FairnessManager]: [Fairness Updated] Green: 'South' (Reset to 0). Waiting cycles: {'North': 1, 'South': 0, 'East': 3, 'West': 2}
[2026-07-24 21:31:23] [INFO] [TrafficSystem.SignalController]: [ESP32 Hardware Command #182] GREEN -> 'South' (35s) | Reason: NORMAL
[2026-07-24 21:31:24] [INFO] [TrafficSystem.PriorityCalculator]: [Rank #1] Lane: North  | PCE: 0.00  | Queue: 0.00  | Congestion: 0.00  | Total: 0.00
[2026-07-24 21:31:24] [INFO] [TrafficSystem.PriorityCalculator]: [Rank #2] Lane: South  | PCE: 0.00  | Queue: 0.00  | Congestion: 0.00  | Total: 0.00
[2026-07-24 21:31:24] [INFO] [TrafficSystem.PriorityCalculator]: [Rank #3] Lane: East   | PCE: 0.00  | Queue: 0.00  | Congestion: 0.00  | Total: 0.00
[2026-07-24 21:31:24] [INFO] [TrafficSystem.PriorityCalculator]: [Rank #4] Lane: West   | PCE: 0.00  | Queue: 0.00  | Congestion: 0.00  | Total: 0.00
[2026-07-24 21:31:24] [INFO] [TrafficSystem.FairnessManager]: [Fairness] Lane: East   | Base Score: 0.00 | Wait Cycles: 3 | Bonus: +15.00 | Adjusted: 15.00
[2026-07-24 21:31:24] [INFO] [TrafficSystem.FairnessManager]: [Fairness] Lane: West   | Base Score: 0.00 | Wait Cycles: 2 | Bonus: +10.00 | Adjusted: 10.00
[2026-07-24 21:31:24] [INFO] [TrafficSystem.FairnessManager]: [Fairness] Lane: North  | Base Score: 0.00 | Wait Cycles: 1 | Bonus: +5.00 | Adjusted: 5.00
[2026-07-24 21:31:24] [INFO] [TrafficSystem.SignalScheduler]: [Scheduler] Winner: East   | Score: 15.00 | Green: 35s | Reason: NORMAL
[2026-07-24 21:31:24] [INFO] [TrafficSystem.FairnessManager]: [Fairness Updated] Green: 'East' (Reset to 0). Waiting cycles: {'North': 2, 'South': 1, 'East': 0, 'West': 3}
[2026-07-24 21:31:24] [INFO] [TrafficSystem.SignalController]: [ESP32 Hardware Command #183] GREEN -> 'East' (35s) | Reason: NORMAL
[2026-07-24 21:31:24] [INFO] [TrafficSystem.PriorityCalculator]: [Rank #1] Lane: North  | PCE: 0.00  | Queue: 0.00  | Congestion: 0.00  | Total: 0.00
[2026-07-24 21:31:24] [INFO] [TrafficSystem.PriorityCalculator]: [Rank #2] Lane: South  | PCE: 0.00  | Queue: 0.00  | Congestion: 0.00  | Total: 0.00
[2026-07-24 21:31:24] [INFO] [TrafficSystem.PriorityCalculator]: [Rank #3] Lane: East   | PCE: 0.00  | Queue: 0.00  | Congestion: 0.00  | Total: 0.00
[2026-07-24 21:31:24] [INFO] [TrafficSystem.PriorityCalculator]: [Rank #4] Lane: West   | PCE: 0.00  | Queue: 0.00  | Congestion: 0.00  | Total: 0.00
[2026-07-24 21:31:24] [INFO] [TrafficSystem.FairnessManager]: [Fairness] Lane: West   | Base Score: 0.00 | Wait Cycles: 3 | Bonus: +15.00 | Adjusted: 15.00
[2026-07-24 21:31:24] [INFO] [TrafficSystem.FairnessManager]: [Fairness] Lane: North  | Base Score: 0.00 | Wait Cycles: 2 | Bonus: +10.00 | Adjusted: 10.00
[2026-07-24 21:31:24] [INFO] [TrafficSystem.FairnessManager]: [Fairness] Lane: South  | Base Score: 0.00 | Wait Cycles: 1 | Bonus: +5.00 | Adjusted: 5.00
[2026-07-24 21:31:24] [INFO] [TrafficSystem.SignalScheduler]: [Scheduler] Winner: West   | Score: 15.00 | Green: 35s | Reason: NORMAL
[2026-07-24 21:31:24] [INFO] [TrafficSystem.FairnessManager]: [Fairness Updated] Green: 'West' (Reset to 0). Waiting cycles: {'North': 3, 'South': 2, 'East': 1, 'West': 0}
[2026-07-24 21:31:24] [INFO] [TrafficSystem.SignalController]: [ESP32 Hardware Command #184] GREEN -> 'West' (35s) | Reason: NORMAL
[2026-07-24 21:31:24] [INFO] [TrafficSystem.PriorityCalculator]: [Rank #1] Lane: North  | PCE: 0.00  | Queue: 0.00  | Congestion: 0.00  | Total: 0.00
[2026-07-24 21:31:24] [INFO] [TrafficSystem.PriorityCalculator]: [Rank #2] Lane: South  | PCE: 0.00  | Queue: 0.00  | Congestion: 0.00  | Total: 0.00
[2026-07-24 21:31:24] [INFO] [TrafficSystem.PriorityCalculator]: [Rank #3] Lane: East   | PCE: 0.00  | Queue: 0.00  | Congestion: 0.00  | Total: 0.00
[2026-07-24 21:31:24] [INFO] [TrafficSystem.PriorityCalculator]: [Rank #4] Lane: West   | PCE: 0.00  | Queue: 0.00  | Congestion: 0.00  | Total: 0.00
[2026-07-24 21:31:24] [INFO] [TrafficSystem.FairnessManager]: [Fairness] Lane: North  | Base Score: 0.00 | Wait Cycles: 3 | Bonus: +15.00 | Adjusted: 15.00
[2026-07-24 21:31:24] [INFO] [TrafficSystem.FairnessManager]: [Fairness] Lane: South  | Base Score: 0.00 | Wait Cycles: 2 | Bonus: +10.00 | Adjusted: 10.00
[2026-07-24 21:31:24] [INFO] [TrafficSystem.FairnessManager]: [Fairness] Lane: East   | Base Score: 0.00 | Wait Cycles: 1 | Bonus: +5.00 | Adjusted: 5.00
[2026-07-24 21:31:24] [INFO] [TrafficSystem.SignalScheduler]: [Scheduler] Winner: North  | Score: 15.00 | Green: 35s | Reason: NORMAL
[2026-07-24 21:31:24] [INFO] [TrafficSystem.FairnessManager]: [Fairness Updated] Green: 'North' (Reset to 0). Waiting cycles: {'North': 0, 'South': 3, 'East': 2, 'West': 1}
[2026-07-24 21:31:24] [INFO] [TrafficSystem.SignalController]: [ESP32 Hardware Command #185] GREEN -> 'North' (35s) | Reason: NORMAL
[2026-07-24 21:31:25] [INFO] [TrafficSystem.PriorityCalculator]: [Rank #1] Lane: North  | PCE: 0.00  | Queue: 0.00  | Congestion: 0.00  | Total: 0.00
[2026-07-24 21:31:25] [INFO] [TrafficSystem.PriorityCalculator]: [Rank #2] Lane: South  | PCE: 0.00  | Queue: 0.00  | Congestion: 0.00  | Total: 0.00
[2026-07-24 21:31:25] [INFO] [TrafficSystem.PriorityCalculator]: [Rank #3] Lane: East   | PCE: 0.00  | Queue: 0.00  | Congestion: 0.00  | Total: 0.00
[2026-07-24 21:31:25] [INFO] [TrafficSystem.PriorityCalculator]: [Rank #4] Lane: West   | PCE: 0.00  | Queue: 0.00  | Congestion: 0.00  | Total: 0.00
[2026-07-24 21:31:25] [INFO] [TrafficSystem.FairnessManager]: [Fairness] Lane: South  | Base Score: 0.00 | Wait Cycles: 3 | Bonus: +15.00 | Adjusted: 15.00
[2026-07-24 21:31:25] [INFO] [TrafficSystem.FairnessManager]: [Fairness] Lane: East   | Base Score: 0.00 | Wait Cycles: 2 | Bonus: +10.00 | Adjusted: 10.00
[2026-07-24 21:31:25] [INFO] [TrafficSystem.FairnessManager]: [Fairness] Lane: West   | Base Score: 0.00 | Wait Cycles: 1 | Bonus: +5.00 | Adjusted: 5.00
[2026-07-24 21:31:25] [INFO] [TrafficSystem.SignalScheduler]: [Scheduler] Winner: South  | Score: 15.00 | Green: 35s | Reason: NORMAL
[2026-07-24 21:31:25] [INFO] [TrafficSystem.FairnessManager]: [Fairness Updated] Green: 'South' (Reset to 0). Waiting cycles: {'North': 1, 'South': 0, 'East': 3, 'West': 2}
[2026-07-24 21:31:25] [INFO] [TrafficSystem.SignalController]: [ESP32 Hardware Command #186] GREEN -> 'South' (35s) | Reason: NORMAL
[2026-07-24 21:31:25] [INFO] [TrafficSystem.PriorityCalculator]: [Rank #1] Lane: North  | PCE: 0.00  | Queue: 0.00  | Congestion: 0.00  | Total: 0.00
[2026-07-24 21:31:25] [INFO] [TrafficSystem.PriorityCalculator]: [Rank #2] Lane: South  | PCE: 0.00  | Queue: 0.00  | Congestion: 0.00  | Total: 0.00
[2026-07-24 21:31:25] [INFO] [TrafficSystem.PriorityCalculator]: [Rank #3] Lane: East   | PCE: 0.00  | Queue: 0.00  | Congestion: 0.00  | Total: 0.00
[2026-07-24 21:31:25] [INFO] [TrafficSystem.PriorityCalculator]: [Rank #4] Lane: West   | PCE: 0.00  | Queue: 0.00  | Congestion: 0.00  | Total: 0.00
[2026-07-24 21:31:25] [INFO] [TrafficSystem.FairnessManager]: [Fairness] Lane: East   | Base Score: 0.00 | Wait Cycles: 3 | Bonus: +15.00 | Adjusted: 15.00
[2026-07-24 21:31:25] [INFO] [TrafficSystem.FairnessManager]: [Fairness] Lane: West   | Base Score: 0.00 | Wait Cycles: 2 | Bonus: +10.00 | Adjusted: 10.00
[2026-07-24 21:31:25] [INFO] [TrafficSystem.FairnessManager]: [Fairness] Lane: North  | Base Score: 0.00 | Wait Cycles: 1 | Bonus: +5.00 | Adjusted: 5.00
[2026-07-24 21:31:25] [INFO] [TrafficSystem.SignalScheduler]: [Scheduler] Winner: East   | Score: 15.00 | Green: 35s | Reason: NORMAL
[2026-07-24 21:31:25] [INFO] [TrafficSystem.FairnessManager]: [Fairness Updated] Green: 'East' (Reset to 0). Waiting cycles: {'North': 2, 'South': 1, 'East': 0, 'West': 3}
[2026-07-24 21:31:25] [INFO] [TrafficSystem.SignalController]: [ESP32 Hardware Command #187] GREEN -> 'East' (35s) | Reason: NORMAL
[2026-07-24 21:31:26] [INFO] [TrafficSystem.PriorityCalculator]: [Rank #1] Lane: North  | PCE: 0.00  | Queue: 0.00  | Congestion: 0.00  | Total: 0.00
[2026-07-24 21:31:26] [INFO] [TrafficSystem.PriorityCalculator]: [Rank #2] Lane: South  | PCE: 0.00  | Queue: 0.00  | Congestion: 0.00  | Total: 0.00
[2026-07-24 21:31:26] [INFO] [TrafficSystem.PriorityCalculator]: [Rank #3] Lane: East   | PCE: 0.00  | Queue: 0.00  | Congestion: 0.00  | Total: 0.00
[2026-07-24 21:31:26] [INFO] [TrafficSystem.PriorityCalculator]: [Rank #4] Lane: West   | PCE: 0.00  | Queue: 0.00  | Congestion: 0.00  | Total: 0.00
[2026-07-24 21:31:26] [INFO] [TrafficSystem.FairnessManager]: [Fairness] Lane: West   | Base Score: 0.00 | Wait Cycles: 3 | Bonus: +15.00 | Adjusted: 15.00
[2026-07-24 21:31:26] [INFO] [TrafficSystem.FairnessManager]: [Fairness] Lane: North  | Base Score: 0.00 | Wait Cycles: 2 | Bonus: +10.00 | Adjusted: 10.00
[2026-07-24 21:31:26] [INFO] [TrafficSystem.FairnessManager]: [Fairness] Lane: South  | Base Score: 0.00 | Wait Cycles: 1 | Bonus: +5.00 | Adjusted: 5.00
[2026-07-24 21:31:26] [INFO] [TrafficSystem.SignalScheduler]: [Scheduler] Winner: West   | Score: 15.00 | Green: 35s | Reason: NORMAL
[2026-07-24 21:31:26] [INFO] [TrafficSystem.FairnessManager]: [Fairness Updated] Green: 'West' (Reset to 0). Waiting cycles: {'North': 3, 'South': 2, 'East': 1, 'West': 0}
[2026-07-24 21:31:26] [INFO] [TrafficSystem.SignalController]: [ESP32 Hardware Command #188] GREEN -> 'West' (35s) | Reason: NORMAL
[2026-07-24 21:31:26] [INFO] [TrafficSystem.PriorityCalculator]: [Rank #1] Lane: North  | PCE: 0.00  | Queue: 0.00  | Congestion: 0.00  | Total: 0.00
[2026-07-24 21:31:26] [INFO] [TrafficSystem.PriorityCalculator]: [Rank #2] Lane: South  | PCE: 0.00  | Queue: 0.00  | Congestion: 0.00  | Total: 0.00
[2026-07-24 21:31:26] [INFO] [TrafficSystem.PriorityCalculator]: [Rank #3] Lane: East   | PCE: 0.00  | Queue: 0.00  | Congestion: 0.00  | Total: 0.00
[2026-07-24 21:31:26] [INFO] [TrafficSystem.PriorityCalculator]: [Rank #4] Lane: West   | PCE: 0.00  | Queue: 0.00  | Congestion: 0.00  | Total: 0.00
[2026-07-24 21:31:26] [INFO] [TrafficSystem.FairnessManager]: [Fairness] Lane: North  | Base Score: 0.00 | Wait Cycles: 3 | Bonus: +15.00 | Adjusted: 15.00
[2026-07-24 21:31:26] [INFO] [TrafficSystem.FairnessManager]: [Fairness] Lane: South  | Base Score: 0.00 | Wait Cycles: 2 | Bonus: +10.00 | Adjusted: 10.00
[2026-07-24 21:31:26] [INFO] [TrafficSystem.FairnessManager]: [Fairness] Lane: East   | Base Score: 0.00 | Wait Cycles: 1 | Bonus: +5.00 | Adjusted: 5.00
[2026-07-24 21:31:26] [INFO] [TrafficSystem.SignalScheduler]: [Scheduler] Winner: North  | Score: 15.00 | Green: 35s | Reason: NORMAL
[2026-07-24 21:31:26] [INFO] [TrafficSystem.FairnessManager]: [Fairness Updated] Green: 'North' (Reset to 0). Waiting cycles: {'North': 0, 'South': 3, 'East': 2, 'West': 1}
[2026-07-24 21:31:26] [INFO] [TrafficSystem.SignalController]: [ESP32 Hardware Command #189] GREEN -> 'North' (35s) | Reason: NORMAL
[2026-07-24 21:31:27] [INFO] [TrafficSystem.PriorityCalculator]: [Rank #1] Lane: North  | PCE: 0.00  | Queue: 0.00  | Congestion: 0.00  | Total: 0.00
[2026-07-24 21:31:27] [INFO] [TrafficSystem.PriorityCalculator]: [Rank #2] Lane: South  | PCE: 0.00  | Queue: 0.00  | Congestion: 0.00  | Total: 0.00
[2026-07-24 21:31:27] [INFO] [TrafficSystem.PriorityCalculator]: [Rank #3] Lane: East   | PCE: 0.00  | Queue: 0.00  | Congestion: 0.00  | Total: 0.00
[2026-07-24 21:31:27] [INFO] [TrafficSystem.PriorityCalculator]: [Rank #4] Lane: West   | PCE: 0.00  | Queue: 0.00  | Congestion: 0.00  | Total: 0.00
[2026-07-24 21:31:27] [INFO] [TrafficSystem.FairnessManager]: [Fairness] Lane: South  | Base Score: 0.00 | Wait Cycles: 3 | Bonus: +15.00 | Adjusted: 15.00
[2026-07-24 21:31:27] [INFO] [TrafficSystem.FairnessManager]: [Fairness] Lane: East   | Base Score: 0.00 | Wait Cycles: 2 | Bonus: +10.00 | Adjusted: 10.00
[2026-07-24 21:31:27] [INFO] [TrafficSystem.FairnessManager]: [Fairness] Lane: West   | Base Score: 0.00 | Wait Cycles: 1 | Bonus: +5.00 | Adjusted: 5.00
[2026-07-24 21:31:27] [INFO] [TrafficSystem.SignalScheduler]: [Scheduler] Winner: South  | Score: 15.00 | Green: 35s | Reason: NORMAL
[2026-07-24 21:31:27] [INFO] [TrafficSystem.FairnessManager]: [Fairness Updated] Green: 'South' (Reset to 0). Waiting cycles: {'North': 1, 'South': 0, 'East': 3, 'West': 2}
[2026-07-24 21:31:27] [INFO] [TrafficSystem.SignalController]: [ESP32 Hardware Command #190] GREEN -> 'South' (35s) | Reason: NORMAL
[2026-07-24 21:31:27] [INFO] [TrafficSystem.PriorityCalculator]: [Rank #1] Lane: North  | PCE: 0.00  | Queue: 0.00  | Congestion: 0.00  | Total: 0.00
[2026-07-24 21:31:27] [INFO] [TrafficSystem.PriorityCalculator]: [Rank #2] Lane: South  | PCE: 0.00  | Queue: 0.00  | Congestion: 0.00  | Total: 0.00
[2026-07-24 21:31:27] [INFO] [TrafficSystem.PriorityCalculator]: [Rank #3] Lane: East   | PCE: 0.00  | Queue: 0.00  | Congestion: 0.00  | Total: 0.00
[2026-07-24 21:31:27] [INFO] [TrafficSystem.PriorityCalculator]: [Rank #4] Lane: West   | PCE: 0.00  | Queue: 0.00  | Congestion: 0.00  | Total: 0.00
[2026-07-24 21:31:27] [INFO] [TrafficSystem.FairnessManager]: [Fairness] Lane: East   | Base Score: 0.00 | Wait Cycles: 3 | Bonus: +15.00 | Adjusted: 15.00
[2026-07-24 21:31:27] [INFO] [TrafficSystem.FairnessManager]: [Fairness] Lane: West   | Base Score: 0.00 | Wait Cycles: 2 | Bonus: +10.00 | Adjusted: 10.00
[2026-07-24 21:31:27] [INFO] [TrafficSystem.FairnessManager]: [Fairness] Lane: North  | Base Score: 0.00 | Wait Cycles: 1 | Bonus: +5.00 | Adjusted: 5.00
[2026-07-24 21:31:27] [INFO] [TrafficSystem.SignalScheduler]: [Scheduler] Winner: East   | Score: 15.00 | Green: 35s | Reason: NORMAL
[2026-07-24 21:31:27] [INFO] [TrafficSystem.FairnessManager]: [Fairness Updated] Green: 'East' (Reset to 0). Waiting cycles: {'North': 2, 'South': 1, 'East': 0, 'West': 3}
[2026-07-24 21:31:27] [INFO] [TrafficSystem.SignalController]: [ESP32 Hardware Command #191] GREEN -> 'East' (35s) | Reason: NORMAL
[2026-07-24 21:31:28] [INFO] [TrafficSystem.PriorityCalculator]: [Rank #1] Lane: North  | PCE: 0.00  | Queue: 0.00  | Congestion: 0.00  | Total: 0.00
[2026-07-24 21:31:28] [INFO] [TrafficSystem.PriorityCalculator]: [Rank #2] Lane: South  | PCE: 0.00  | Queue: 0.00  | Congestion: 0.00  | Total: 0.00
[2026-07-24 21:31:28] [INFO] [TrafficSystem.PriorityCalculator]: [Rank #3] Lane: East   | PCE: 0.00  | Queue: 0.00  | Congestion: 0.00  | Total: 0.00
[2026-07-24 21:31:28] [INFO] [TrafficSystem.PriorityCalculator]: [Rank #4] Lane: West   | PCE: 0.00  | Queue: 0.00  | Congestion: 0.00  | Total: 0.00
[2026-07-24 21:31:28] [INFO] [TrafficSystem.FairnessManager]: [Fairness] Lane: West   | Base Score: 0.00 | Wait Cycles: 3 | Bonus: +15.00 | Adjusted: 15.00
[2026-07-24 21:31:28] [INFO] [TrafficSystem.FairnessManager]: [Fairness] Lane: North  | Base Score: 0.00 | Wait Cycles: 2 | Bonus: +10.00 | Adjusted: 10.00
[2026-07-24 21:31:28] [INFO] [TrafficSystem.FairnessManager]: [Fairness] Lane: South  | Base Score: 0.00 | Wait Cycles: 1 | Bonus: +5.00 | Adjusted: 5.00
[2026-07-24 21:31:28] [INFO] [TrafficSystem.SignalScheduler]: [Scheduler] Winner: West   | Score: 15.00 | Green: 35s | Reason: NORMAL
[2026-07-24 21:31:28] [INFO] [TrafficSystem.FairnessManager]: [Fairness Updated] Green: 'West' (Reset to 0). Waiting cycles: {'North': 3, 'South': 2, 'East': 1, 'West': 0}
[2026-07-24 21:31:28] [INFO] [TrafficSystem.SignalController]: [ESP32 Hardware Command #192] GREEN -> 'West' (35s) | Reason: NORMAL
[2026-07-24 21:31:28] [INFO] [TrafficSystem.PriorityCalculator]: [Rank #1] Lane: North  | PCE: 0.00  | Queue: 0.00  | Congestion: 0.00  | Total: 0.00
[2026-07-24 21:31:28] [INFO] [TrafficSystem.PriorityCalculator]: [Rank #2] Lane: South  | PCE: 0.00  | Queue: 0.00  | Congestion: 0.00  | Total: 0.00
[2026-07-24 21:31:28] [INFO] [TrafficSystem.PriorityCalculator]: [Rank #3] Lane: East   | PCE: 0.00  | Queue: 0.00  | Congestion: 0.00  | Total: 0.00
[2026-07-24 21:31:28] [INFO] [TrafficSystem.PriorityCalculator]: [Rank #4] Lane: West   | PCE: 0.00  | Queue: 0.00  | Congestion: 0.00  | Total: 0.00
[2026-07-24 21:31:28] [INFO] [TrafficSystem.FairnessManager]: [Fairness] Lane: North  | Base Score: 0.00 | Wait Cycles: 3 | Bonus: +15.00 | Adjusted: 15.00
[2026-07-24 21:31:28] [INFO] [TrafficSystem.FairnessManager]: [Fairness] Lane: South  | Base Score: 0.00 | Wait Cycles: 2 | Bonus: +10.00 | Adjusted: 10.00
[2026-07-24 21:31:28] [INFO] [TrafficSystem.FairnessManager]: [Fairness] Lane: East   | Base Score: 0.00 | Wait Cycles: 1 | Bonus: +5.00 | Adjusted: 5.00
[2026-07-24 21:31:28] [INFO] [TrafficSystem.SignalScheduler]: [Scheduler] Winner: North  | Score: 15.00 | Green: 35s | Reason: NORMAL
[2026-07-24 21:31:28] [INFO] [TrafficSystem.FairnessManager]: [Fairness Updated] Green: 'North' (Reset to 0). Waiting cycles: {'North': 0, 'South': 3, 'East': 2, 'West': 1}
[2026-07-24 21:31:28] [INFO] [TrafficSystem.SignalController]: [ESP32 Hardware Command #193] GREEN -> 'North' (35s) | Reason: NORMAL
[2026-07-24 21:31:29] [INFO] [TrafficSystem.PriorityCalculator]: [Rank #1] Lane: North  | PCE: 0.00  | Queue: 0.00  | Congestion: 0.00  | Total: 0.00
[2026-07-24 21:31:29] [INFO] [TrafficSystem.PriorityCalculator]: [Rank #2] Lane: South  | PCE: 0.00  | Queue: 0.00  | Congestion: 0.00  | Total: 0.00
[2026-07-24 21:31:29] [INFO] [TrafficSystem.PriorityCalculator]: [Rank #3] Lane: East   | PCE: 0.00  | Queue: 0.00  | Congestion: 0.00  | Total: 0.00
[2026-07-24 21:31:29] [INFO] [TrafficSystem.PriorityCalculator]: [Rank #4] Lane: West   | PCE: 0.00  | Queue: 0.00  | Congestion: 0.00  | Total: 0.00
[2026-07-24 21:31:29] [INFO] [TrafficSystem.FairnessManager]: [Fairness] Lane: South  | Base Score: 0.00 | Wait Cycles: 3 | Bonus: +15.00 | Adjusted: 15.00
[2026-07-24 21:31:29] [INFO] [TrafficSystem.FairnessManager]: [Fairness] Lane: East   | Base Score: 0.00 | Wait Cycles: 2 | Bonus: +10.00 | Adjusted: 10.00
[2026-07-24 21:31:29] [INFO] [TrafficSystem.FairnessManager]: [Fairness] Lane: West   | Base Score: 0.00 | Wait Cycles: 1 | Bonus: +5.00 | Adjusted: 5.00
[2026-07-24 21:31:29] [INFO] [TrafficSystem.SignalScheduler]: [Scheduler] Winner: South  | Score: 15.00 | Green: 35s | Reason: NORMAL
[2026-07-24 21:31:29] [INFO] [TrafficSystem.FairnessManager]: [Fairness Updated] Green: 'South' (Reset to 0). Waiting cycles: {'North': 1, 'South': 0, 'East': 3, 'West': 2}
[2026-07-24 21:31:29] [INFO] [TrafficSystem.SignalController]: [ESP32 Hardware Command #194] GREEN -> 'South' (35s) | Reason: NORMAL
[2026-07-24 21:31:29] [INFO] [TrafficSystem.PriorityCalculator]: [Rank #1] Lane: North  | PCE: 0.00  | Queue: 0.00  | Congestion: 0.00  | Total: 0.00
[2026-07-24 21:31:29] [INFO] [TrafficSystem.PriorityCalculator]: [Rank #2] Lane: South  | PCE: 0.00  | Queue: 0.00  | Congestion: 0.00  | Total: 0.00
[2026-07-24 21:31:29] [INFO] [TrafficSystem.PriorityCalculator]: [Rank #3] Lane: East   | PCE: 0.00  | Queue: 0.00  | Congestion: 0.00  | Total: 0.00
[2026-07-24 21:31:29] [INFO] [TrafficSystem.PriorityCalculator]: [Rank #4] Lane: West   | PCE: 0.00  | Queue: 0.00  | Congestion: 0.00  | Total: 0.00
[2026-07-24 21:31:29] [INFO] [TrafficSystem.FairnessManager]: [Fairness] Lane: East   | Base Score: 0.00 | Wait Cycles: 3 | Bonus: +15.00 | Adjusted: 15.00
[2026-07-24 21:31:29] [INFO] [TrafficSystem.FairnessManager]: [Fairness] Lane: West   | Base Score: 0.00 | Wait Cycles: 2 | Bonus: +10.00 | Adjusted: 10.00
[2026-07-24 21:31:29] [INFO] [TrafficSystem.FairnessManager]: [Fairness] Lane: North  | Base Score: 0.00 | Wait Cycles: 1 | Bonus: +5.00 | Adjusted: 5.00
[2026-07-24 21:31:29] [INFO] [TrafficSystem.SignalScheduler]: [Scheduler] Winner: East   | Score: 15.00 | Green: 35s | Reason: NORMAL
[2026-07-24 21:31:29] [INFO] [TrafficSystem.FairnessManager]: [Fairness Updated] Green: 'East' (Reset to 0). Waiting cycles: {'North': 2, 'South': 1, 'East': 0, 'West': 3}
[2026-07-24 21:31:29] [INFO] [TrafficSystem.SignalController]: [ESP32 Hardware Command #195] GREEN -> 'East' (35s) | Reason: NORMAL
[2026-07-24 21:31:30] [INFO] [TrafficSystem.PriorityCalculator]: [Rank #1] Lane: North  | PCE: 0.00  | Queue: 0.00  | Congestion: 0.00  | Total: 0.00
[2026-07-24 21:31:30] [INFO] [TrafficSystem.PriorityCalculator]: [Rank #2] Lane: South  | PCE: 0.00  | Queue: 0.00  | Congestion: 0.00  | Total: 0.00
[2026-07-24 21:31:30] [INFO] [TrafficSystem.PriorityCalculator]: [Rank #3] Lane: East   | PCE: 0.00  | Queue: 0.00  | Congestion: 0.00  | Total: 0.00
[2026-07-24 21:31:30] [INFO] [TrafficSystem.PriorityCalculator]: [Rank #4] Lane: West   | PCE: 0.00  | Queue: 0.00  | Congestion: 0.00  | Total: 0.00
[2026-07-24 21:31:30] [INFO] [TrafficSystem.FairnessManager]: [Fairness] Lane: West   | Base Score: 0.00 | Wait Cycles: 3 | Bonus: +15.00 | Adjusted: 15.00
[2026-07-24 21:31:30] [INFO] [TrafficSystem.FairnessManager]: [Fairness] Lane: North  | Base Score: 0.00 | Wait Cycles: 2 | Bonus: +10.00 | Adjusted: 10.00
[2026-07-24 21:31:30] [INFO] [TrafficSystem.FairnessManager]: [Fairness] Lane: South  | Base Score: 0.00 | Wait Cycles: 1 | Bonus: +5.00 | Adjusted: 5.00
[2026-07-24 21:31:30] [INFO] [TrafficSystem.SignalScheduler]: [Scheduler] Winner: West   | Score: 15.00 | Green: 35s | Reason: NORMAL
[2026-07-24 21:31:30] [INFO] [TrafficSystem.FairnessManager]: [Fairness Updated] Green: 'West' (Reset to 0). Waiting cycles: {'North': 3, 'South': 2, 'East': 1, 'West': 0}
[2026-07-24 21:31:30] [INFO] [TrafficSystem.SignalController]: [ESP32 Hardware Command #196] GREEN -> 'West' (35s) | Reason: NORMAL
[2026-07-24 21:31:30] [INFO] [TrafficSystem.PriorityCalculator]: [Rank #1] Lane: North  | PCE: 0.00  | Queue: 0.00  | Congestion: 0.00  | Total: 0.00
[2026-07-24 21:31:30] [INFO] [TrafficSystem.PriorityCalculator]: [Rank #2] Lane: South  | PCE: 0.00  | Queue: 0.00  | Congestion: 0.00  | Total: 0.00
[2026-07-24 21:31:30] [INFO] [TrafficSystem.PriorityCalculator]: [Rank #3] Lane: East   | PCE: 0.00  | Queue: 0.00  | Congestion: 0.00  | Total: 0.00
[2026-07-24 21:31:30] [INFO] [TrafficSystem.PriorityCalculator]: [Rank #4] Lane: West   | PCE: 0.00  | Queue: 0.00  | Congestion: 0.00  | Total: 0.00
[2026-07-24 21:31:30] [INFO] [TrafficSystem.FairnessManager]: [Fairness] Lane: North  | Base Score: 0.00 | Wait Cycles: 3 | Bonus: +15.00 | Adjusted: 15.00
[2026-07-24 21:31:30] [INFO] [TrafficSystem.FairnessManager]: [Fairness] Lane: South  | Base Score: 0.00 | Wait Cycles: 2 | Bonus: +10.00 | Adjusted: 10.00
[2026-07-24 21:31:30] [INFO] [TrafficSystem.FairnessManager]: [Fairness] Lane: East   | Base Score: 0.00 | Wait Cycles: 1 | Bonus: +5.00 | Adjusted: 5.00
[2026-07-24 21:31:30] [INFO] [TrafficSystem.SignalScheduler]: [Scheduler] Winner: North  | Score: 15.00 | Green: 35s | Reason: NORMAL
[2026-07-24 21:31:30] [INFO] [TrafficSystem.FairnessManager]: [Fairness Updated] Green: 'North' (Reset to 0). Waiting cycles: {'North': 0, 'South': 3, 'East': 2, 'West': 1}
[2026-07-24 21:31:30] [INFO] [TrafficSystem.SignalController]: [ESP32 Hardware Command #197] GREEN -> 'North' (35s) | Reason: NORMAL
[2026-07-24 21:31:30] [INFO] [TrafficSystem.PriorityCalculator]: [Rank #1] Lane: North  | PCE: 0.00  | Queue: 0.00  | Congestion: 0.00  | Total: 0.00
[2026-07-24 21:31:30] [INFO] [TrafficSystem.PriorityCalculator]: [Rank #2] Lane: South  | PCE: 0.00  | Queue: 0.00  | Congestion: 0.00  | Total: 0.00
[2026-07-24 21:31:30] [INFO] [TrafficSystem.PriorityCalculator]: [Rank #3] Lane: East   | PCE: 0.00  | Queue: 0.00  | Congestion: 0.00  | Total: 0.00
[2026-07-24 21:31:30] [INFO] [TrafficSystem.PriorityCalculator]: [Rank #4] Lane: West   | PCE: 0.00  | Queue: 0.00  | Congestion: 0.00  | Total: 0.00
[2026-07-24 21:31:30] [INFO] [TrafficSystem.FairnessManager]: [Fairness] Lane: South  | Base Score: 0.00 | Wait Cycles: 3 | Bonus: +15.00 | Adjusted: 15.00
[2026-07-24 21:31:30] [INFO] [TrafficSystem.FairnessManager]: [Fairness] Lane: East   | Base Score: 0.00 | Wait Cycles: 2 | Bonus: +10.00 | Adjusted: 10.00
[2026-07-24 21:31:30] [INFO] [TrafficSystem.FairnessManager]: [Fairness] Lane: West   | Base Score: 0.00 | Wait Cycles: 1 | Bonus: +5.00 | Adjusted: 5.00
[2026-07-24 21:31:30] [INFO] [TrafficSystem.SignalScheduler]: [Scheduler] Winner: South  | Score: 15.00 | Green: 35s | Reason: NORMAL
[2026-07-24 21:31:30] [INFO] [TrafficSystem.FairnessManager]: [Fairness Updated] Green: 'South' (Reset to 0). Waiting cycles: {'North': 1, 'South': 0, 'East': 3, 'West': 2}
[2026-07-24 21:31:30] [INFO] [TrafficSystem.SignalController]: [ESP32 Hardware Command #198] GREEN -> 'South' (35s) | Reason: NORMAL
[2026-07-24 21:31:31] [INFO] [TrafficSystem.PriorityCalculator]: [Rank #1] Lane: North  | PCE: 0.00  | Queue: 0.00  | Congestion: 0.00  | Total: 0.00
[2026-07-24 21:31:31] [INFO] [TrafficSystem.PriorityCalculator]: [Rank #2] Lane: South  | PCE: 0.00  | Queue: 0.00  | Congestion: 0.00  | Total: 0.00
[2026-07-24 21:31:31] [INFO] [TrafficSystem.PriorityCalculator]: [Rank #3] Lane: East   | PCE: 0.00  | Queue: 0.00  | Congestion: 0.00  | Total: 0.00
[2026-07-24 21:31:31] [INFO] [TrafficSystem.PriorityCalculator]: [Rank #4] Lane: West   | PCE: 0.00  | Queue: 0.00  | Congestion: 0.00  | Total: 0.00
[2026-07-24 21:31:31] [INFO] [TrafficSystem.FairnessManager]: [Fairness] Lane: East   | Base Score: 0.00 | Wait Cycles: 3 | Bonus: +15.00 | Adjusted: 15.00
[2026-07-24 21:31:31] [INFO] [TrafficSystem.FairnessManager]: [Fairness] Lane: West   | Base Score: 0.00 | Wait Cycles: 2 | Bonus: +10.00 | Adjusted: 10.00
[2026-07-24 21:31:31] [INFO] [TrafficSystem.FairnessManager]: [Fairness] Lane: North  | Base Score: 0.00 | Wait Cycles: 1 | Bonus: +5.00 | Adjusted: 5.00
[2026-07-24 21:31:31] [INFO] [TrafficSystem.SignalScheduler]: [Scheduler] Winner: East   | Score: 15.00 | Green: 35s | Reason: NORMAL
[2026-07-24 21:31:31] [INFO] [TrafficSystem.FairnessManager]: [Fairness Updated] Green: 'East' (Reset to 0). Waiting cycles: {'North': 2, 'South': 1, 'East': 0, 'West': 3}
[2026-07-24 21:31:31] [INFO] [TrafficSystem.SignalController]: [ESP32 Hardware Command #199] GREEN -> 'East' (35s) | Reason: NORMAL
[2026-07-24 21:31:31] [INFO] [TrafficSystem.PriorityCalculator]: [Rank #1] Lane: North  | PCE: 0.00  | Queue: 0.00  | Congestion: 0.00  | Total: 0.00
[2026-07-24 21:31:31] [INFO] [TrafficSystem.PriorityCalculator]: [Rank #2] Lane: South  | PCE: 0.00  | Queue: 0.00  | Congestion: 0.00  | Total: 0.00
[2026-07-24 21:31:31] [INFO] [TrafficSystem.PriorityCalculator]: [Rank #3] Lane: East   | PCE: 0.00  | Queue: 0.00  | Congestion: 0.00  | Total: 0.00
[2026-07-24 21:31:31] [INFO] [TrafficSystem.PriorityCalculator]: [Rank #4] Lane: West   | PCE: 0.00  | Queue: 0.00  | Congestion: 0.00  | Total: 0.00
[2026-07-24 21:31:31] [INFO] [TrafficSystem.FairnessManager]: [Fairness] Lane: West   | Base Score: 0.00 | Wait Cycles: 3 | Bonus: +15.00 | Adjusted: 15.00
[2026-07-24 21:31:31] [INFO] [TrafficSystem.FairnessManager]: [Fairness] Lane: North  | Base Score: 0.00 | Wait Cycles: 2 | Bonus: +10.00 | Adjusted: 10.00
[2026-07-24 21:31:31] [INFO] [TrafficSystem.FairnessManager]: [Fairness] Lane: South  | Base Score: 0.00 | Wait Cycles: 1 | Bonus: +5.00 | Adjusted: 5.00
[2026-07-24 21:31:31] [INFO] [TrafficSystem.SignalScheduler]: [Scheduler] Winner: West   | Score: 15.00 | Green: 35s | Reason: NORMAL
[2026-07-24 21:31:31] [INFO] [TrafficSystem.FairnessManager]: [Fairness Updated] Green: 'West' (Reset to 0). Waiting cycles: {'North': 3, 'South': 2, 'East': 1, 'West': 0}
[2026-07-24 21:31:31] [INFO] [TrafficSystem.SignalController]: [ESP32 Hardware Command #200] GREEN -> 'West' (35s) | Reason: NORMAL
[2026-07-24 21:31:31] [INFO] [TrafficSystem.TrafficPipeline]: Frame #200 | Active Vehicles: 0 | Scheduled Green: 'LaneName.WEST' (35s) | FPS: 2.2 | Latency: 388.8ms
[2026-07-24 21:31:32] [INFO] [TrafficSystem.PriorityCalculator]: [Rank #1] Lane: North  | PCE: 0.00  | Queue: 0.00  | Congestion: 0.00  | Total: 0.00
[2026-07-24 21:31:32] [INFO] [TrafficSystem.PriorityCalculator]: [Rank #2] Lane: South  | PCE: 0.00  | Queue: 0.00  | Congestion: 0.00  | Total: 0.00
[2026-07-24 21:31:32] [INFO] [TrafficSystem.PriorityCalculator]: [Rank #3] Lane: East   | PCE: 0.00  | Queue: 0.00  | Congestion: 0.00  | Total: 0.00
[2026-07-24 21:31:32] [INFO] [TrafficSystem.PriorityCalculator]: [Rank #4] Lane: West   | PCE: 0.00  | Queue: 0.00  | Congestion: 0.00  | Total: 0.00
[2026-07-24 21:31:32] [INFO] [TrafficSystem.FairnessManager]: [Fairness] Lane: North  | Base Score: 0.00 | Wait Cycles: 3 | Bonus: +15.00 | Adjusted: 15.00
[2026-07-24 21:31:32] [INFO] [TrafficSystem.FairnessManager]: [Fairness] Lane: South  | Base Score: 0.00 | Wait Cycles: 2 | Bonus: +10.00 | Adjusted: 10.00
[2026-07-24 21:31:32] [INFO] [TrafficSystem.FairnessManager]: [Fairness] Lane: East   | Base Score: 0.00 | Wait Cycles: 1 | Bonus: +5.00 | Adjusted: 5.00
[2026-07-24 21:31:32] [INFO] [TrafficSystem.SignalScheduler]: [Scheduler] Winner: North  | Score: 15.00 | Green: 35s | Reason: NORMAL
[2026-07-24 21:31:32] [INFO] [TrafficSystem.FairnessManager]: [Fairness Updated] Green: 'North' (Reset to 0). Waiting cycles: {'North': 0, 'South': 3, 'East': 2, 'West': 1}
[2026-07-24 21:31:32] [INFO] [TrafficSystem.SignalController]: [ESP32 Hardware Command #201] GREEN -> 'North' (35s) | Reason: NORMAL
[2026-07-24 21:31:32] [INFO] [TrafficSystem.PriorityCalculator]: [Rank #1] Lane: North  | PCE: 0.00  | Queue: 0.00  | Congestion: 0.00  | Total: 0.00
[2026-07-24 21:31:32] [INFO] [TrafficSystem.PriorityCalculator]: [Rank #2] Lane: South  | PCE: 0.00  | Queue: 0.00  | Congestion: 0.00  | Total: 0.00
[2026-07-24 21:31:32] [INFO] [TrafficSystem.PriorityCalculator]: [Rank #3] Lane: East   | PCE: 0.00  | Queue: 0.00  | Congestion: 0.00  | Total: 0.00
[2026-07-24 21:31:32] [INFO] [TrafficSystem.PriorityCalculator]: [Rank #4] Lane: West   | PCE: 0.00  | Queue: 0.00  | Congestion: 0.00  | Total: 0.00
[2026-07-24 21:31:32] [INFO] [TrafficSystem.FairnessManager]: [Fairness] Lane: South  | Base Score: 0.00 | Wait Cycles: 3 | Bonus: +15.00 | Adjusted: 15.00
[2026-07-24 21:31:32] [INFO] [TrafficSystem.FairnessManager]: [Fairness] Lane: East   | Base Score: 0.00 | Wait Cycles: 2 | Bonus: +10.00 | Adjusted: 10.00
[2026-07-24 21:31:32] [INFO] [TrafficSystem.FairnessManager]: [Fairness] Lane: West   | Base Score: 0.00 | Wait Cycles: 1 | Bonus: +5.00 | Adjusted: 5.00
[2026-07-24 21:31:32] [INFO] [TrafficSystem.SignalScheduler]: [Scheduler] Winner: South  | Score: 15.00 | Green: 35s | Reason: NORMAL
[2026-07-24 21:31:32] [INFO] [TrafficSystem.FairnessManager]: [Fairness Updated] Green: 'South' (Reset to 0). Waiting cycles: {'North': 1, 'South': 0, 'East': 3, 'West': 2}
[2026-07-24 21:31:32] [INFO] [TrafficSystem.SignalController]: [ESP32 Hardware Command #202] GREEN -> 'South' (35s) | Reason: NORMAL
[2026-07-24 21:31:33] [INFO] [TrafficSystem.PriorityCalculator]: [Rank #1] Lane: North  | PCE: 0.00  | Queue: 0.00  | Congestion: 0.00  | Total: 0.00
[2026-07-24 21:31:33] [INFO] [TrafficSystem.PriorityCalculator]: [Rank #2] Lane: South  | PCE: 0.00  | Queue: 0.00  | Congestion: 0.00  | Total: 0.00
[2026-07-24 21:31:33] [INFO] [TrafficSystem.PriorityCalculator]: [Rank #3] Lane: East   | PCE: 0.00  | Queue: 0.00  | Congestion: 0.00  | Total: 0.00
[2026-07-24 21:31:33] [INFO] [TrafficSystem.PriorityCalculator]: [Rank #4] Lane: West   | PCE: 0.00  | Queue: 0.00  | Congestion: 0.00  | Total: 0.00
[2026-07-24 21:31:33] [INFO] [TrafficSystem.FairnessManager]: [Fairness] Lane: East   | Base Score: 0.00 | Wait Cycles: 3 | Bonus: +15.00 | Adjusted: 15.00
[2026-07-24 21:31:33] [INFO] [TrafficSystem.FairnessManager]: [Fairness] Lane: West   | Base Score: 0.00 | Wait Cycles: 2 | Bonus: +10.00 | Adjusted: 10.00
[2026-07-24 21:31:33] [INFO] [TrafficSystem.FairnessManager]: [Fairness] Lane: North  | Base Score: 0.00 | Wait Cycles: 1 | Bonus: +5.00 | Adjusted: 5.00
[2026-07-24 21:31:33] [INFO] [TrafficSystem.SignalScheduler]: [Scheduler] Winner: East   | Score: 15.00 | Green: 35s | Reason: NORMAL
[2026-07-24 21:31:33] [INFO] [TrafficSystem.FairnessManager]: [Fairness Updated] Green: 'East' (Reset to 0). Waiting cycles: {'North': 2, 'South': 1, 'East': 0, 'West': 3}
[2026-07-24 21:31:33] [INFO] [TrafficSystem.SignalController]: [ESP32 Hardware Command #203] GREEN -> 'East' (35s) | Reason: NORMAL
[2026-07-24 21:31:33] [INFO] [TrafficSystem.PriorityCalculator]: [Rank #1] Lane: North  | PCE: 0.00  | Queue: 0.00  | Congestion: 0.00  | Total: 0.00
[2026-07-24 21:31:33] [INFO] [TrafficSystem.PriorityCalculator]: [Rank #2] Lane: South  | PCE: 0.00  | Queue: 0.00  | Congestion: 0.00  | Total: 0.00
[2026-07-24 21:31:33] [INFO] [TrafficSystem.PriorityCalculator]: [Rank #3] Lane: East   | PCE: 0.00  | Queue: 0.00  | Congestion: 0.00  | Total: 0.00
[2026-07-24 21:31:33] [INFO] [TrafficSystem.PriorityCalculator]: [Rank #4] Lane: West   | PCE: 0.00  | Queue: 0.00  | Congestion: 0.00  | Total: 0.00
[2026-07-24 21:31:33] [INFO] [TrafficSystem.FairnessManager]: [Fairness] Lane: West   | Base Score: 0.00 | Wait Cycles: 3 | Bonus: +15.00 | Adjusted: 15.00
[2026-07-24 21:31:33] [INFO] [TrafficSystem.FairnessManager]: [Fairness] Lane: North  | Base Score: 0.00 | Wait Cycles: 2 | Bonus: +10.00 | Adjusted: 10.00
[2026-07-24 21:31:33] [INFO] [TrafficSystem.FairnessManager]: [Fairness] Lane: South  | Base Score: 0.00 | Wait Cycles: 1 | Bonus: +5.00 | Adjusted: 5.00
[2026-07-24 21:31:33] [INFO] [TrafficSystem.SignalScheduler]: [Scheduler] Winner: West   | Score: 15.00 | Green: 35s | Reason: NORMAL
[2026-07-24 21:31:33] [INFO] [TrafficSystem.FairnessManager]: [Fairness Updated] Green: 'West' (Reset to 0). Waiting cycles: {'North': 3, 'South': 2, 'East': 1, 'West': 0}
[2026-07-24 21:31:33] [INFO] [TrafficSystem.SignalController]: [ESP32 Hardware Command #204] GREEN -> 'West' (35s) | Reason: NORMAL
[2026-07-24 21:31:33] [INFO] [TrafficSystem.PriorityCalculator]: [Rank #1] Lane: North  | PCE: 0.00  | Queue: 0.00  | Congestion: 0.00  | Total: 0.00
[2026-07-24 21:31:33] [INFO] [TrafficSystem.PriorityCalculator]: [Rank #2] Lane: South  | PCE: 0.00  | Queue: 0.00  | Congestion: 0.00  | Total: 0.00
[2026-07-24 21:31:33] [INFO] [TrafficSystem.PriorityCalculator]: [Rank #3] Lane: East   | PCE: 0.00  | Queue: 0.00  | Congestion: 0.00  | Total: 0.00
[2026-07-24 21:31:33] [INFO] [TrafficSystem.PriorityCalculator]: [Rank #4] Lane: West   | PCE: 0.00  | Queue: 0.00  | Congestion: 0.00  | Total: 0.00
[2026-07-24 21:31:33] [INFO] [TrafficSystem.FairnessManager]: [Fairness] Lane: North  | Base Score: 0.00 | Wait Cycles: 3 | Bonus: +15.00 | Adjusted: 15.00
[2026-07-24 21:31:33] [INFO] [TrafficSystem.FairnessManager]: [Fairness] Lane: South  | Base Score: 0.00 | Wait Cycles: 2 | Bonus: +10.00 | Adjusted: 10.00
[2026-07-24 21:31:33] [INFO] [TrafficSystem.FairnessManager]: [Fairness] Lane: East   | Base Score: 0.00 | Wait Cycles: 1 | Bonus: +5.00 | Adjusted: 5.00
[2026-07-24 21:31:33] [INFO] [TrafficSystem.SignalScheduler]: [Scheduler] Winner: North  | Score: 15.00 | Green: 35s | Reason: NORMAL
[2026-07-24 21:31:34] [INFO] [TrafficSystem.FairnessManager]: [Fairness Updated] Green: 'North' (Reset to 0). Waiting cycles: {'North': 0, 'South': 3, 'East': 2, 'West': 1}
[2026-07-24 21:31:34] [INFO] [TrafficSystem.SignalController]: [ESP32 Hardware Command #205] GREEN -> 'North' (35s) | Reason: NORMAL
[2026-07-24 21:31:34] [INFO] [TrafficSystem.PriorityCalculator]: [Rank #1] Lane: North  | PCE: 0.00  | Queue: 0.00  | Congestion: 0.00  | Total: 0.00
[2026-07-24 21:31:34] [INFO] [TrafficSystem.PriorityCalculator]: [Rank #2] Lane: South  | PCE: 0.00  | Queue: 0.00  | Congestion: 0.00  | Total: 0.00
[2026-07-24 21:31:34] [INFO] [TrafficSystem.PriorityCalculator]: [Rank #3] Lane: East   | PCE: 0.00  | Queue: 0.00  | Congestion: 0.00  | Total: 0.00
[2026-07-24 21:31:34] [INFO] [TrafficSystem.PriorityCalculator]: [Rank #4] Lane: West   | PCE: 0.00  | Queue: 0.00  | Congestion: 0.00  | Total: 0.00
[2026-07-24 21:31:34] [INFO] [TrafficSystem.FairnessManager]: [Fairness] Lane: South  | Base Score: 0.00 | Wait Cycles: 3 | Bonus: +15.00 | Adjusted: 15.00
[2026-07-24 21:31:34] [INFO] [TrafficSystem.FairnessManager]: [Fairness] Lane: East   | Base Score: 0.00 | Wait Cycles: 2 | Bonus: +10.00 | Adjusted: 10.00
[2026-07-24 21:31:34] [INFO] [TrafficSystem.FairnessManager]: [Fairness] Lane: West   | Base Score: 0.00 | Wait Cycles: 1 | Bonus: +5.00 | Adjusted: 5.00
[2026-07-24 21:31:34] [INFO] [TrafficSystem.SignalScheduler]: [Scheduler] Winner: South  | Score: 15.00 | Green: 35s | Reason: NORMAL
[2026-07-24 21:31:34] [INFO] [TrafficSystem.FairnessManager]: [Fairness Updated] Green: 'South' (Reset to 0). Waiting cycles: {'North': 1, 'South': 0, 'East': 3, 'West': 2}
[2026-07-24 21:31:34] [INFO] [TrafficSystem.SignalController]: [ESP32 Hardware Command #206] GREEN -> 'South' (35s) | Reason: NORMAL
[2026-07-24 21:31:34] [INFO] [TrafficSystem.PriorityCalculator]: [Rank #1] Lane: North  | PCE: 0.00  | Queue: 0.00  | Congestion: 0.00  | Total: 0.00
[2026-07-24 21:31:34] [INFO] [TrafficSystem.PriorityCalculator]: [Rank #2] Lane: South  | PCE: 0.00  | Queue: 0.00  | Congestion: 0.00  | Total: 0.00
[2026-07-24 21:31:34] [INFO] [TrafficSystem.PriorityCalculator]: [Rank #3] Lane: East   | PCE: 0.00  | Queue: 0.00  | Congestion: 0.00  | Total: 0.00
[2026-07-24 21:31:34] [INFO] [TrafficSystem.PriorityCalculator]: [Rank #4] Lane: West   | PCE: 0.00  | Queue: 0.00  | Congestion: 0.00  | Total: 0.00
[2026-07-24 21:31:34] [INFO] [TrafficSystem.FairnessManager]: [Fairness] Lane: East   | Base Score: 0.00 | Wait Cycles: 3 | Bonus: +15.00 | Adjusted: 15.00
[2026-07-24 21:31:34] [INFO] [TrafficSystem.FairnessManager]: [Fairness] Lane: West   | Base Score: 0.00 | Wait Cycles: 2 | Bonus: +10.00 | Adjusted: 10.00
[2026-07-24 21:31:34] [INFO] [TrafficSystem.FairnessManager]: [Fairness] Lane: North  | Base Score: 0.00 | Wait Cycles: 1 | Bonus: +5.00 | Adjusted: 5.00
[2026-07-24 21:31:34] [INFO] [TrafficSystem.SignalScheduler]: [Scheduler] Winner: East   | Score: 15.00 | Green: 35s | Reason: NORMAL
[2026-07-24 21:31:34] [INFO] [TrafficSystem.FairnessManager]: [Fairness Updated] Green: 'East' (Reset to 0). Waiting cycles: {'North': 2, 'South': 1, 'East': 0, 'West': 3}
[2026-07-24 21:31:34] [INFO] [TrafficSystem.SignalController]: [ESP32 Hardware Command #207] GREEN -> 'East' (35s) | Reason: NORMAL
[2026-07-24 21:31:35] [INFO] [TrafficSystem.PriorityCalculator]: [Rank #1] Lane: North  | PCE: 0.00  | Queue: 0.00  | Congestion: 0.00  | Total: 0.00
[2026-07-24 21:31:35] [INFO] [TrafficSystem.PriorityCalculator]: [Rank #2] Lane: South  | PCE: 0.00  | Queue: 0.00  | Congestion: 0.00  | Total: 0.00
[2026-07-24 21:31:35] [INFO] [TrafficSystem.PriorityCalculator]: [Rank #3] Lane: East   | PCE: 0.00  | Queue: 0.00  | Congestion: 0.00  | Total: 0.00
[2026-07-24 21:31:35] [INFO] [TrafficSystem.PriorityCalculator]: [Rank #4] Lane: West   | PCE: 0.00  | Queue: 0.00  | Congestion: 0.00  | Total: 0.00
[2026-07-24 21:31:35] [INFO] [TrafficSystem.FairnessManager]: [Fairness] Lane: West   | Base Score: 0.00 | Wait Cycles: 3 | Bonus: +15.00 | Adjusted: 15.00
[2026-07-24 21:31:35] [INFO] [TrafficSystem.FairnessManager]: [Fairness] Lane: North  | Base Score: 0.00 | Wait Cycles: 2 | Bonus: +10.00 | Adjusted: 10.00
[2026-07-24 21:31:35] [INFO] [TrafficSystem.FairnessManager]: [Fairness] Lane: South  | Base Score: 0.00 | Wait Cycles: 1 | Bonus: +5.00 | Adjusted: 5.00
[2026-07-24 21:31:35] [INFO] [TrafficSystem.SignalScheduler]: [Scheduler] Winner: West   | Score: 15.00 | Green: 35s | Reason: NORMAL
[2026-07-24 21:31:35] [INFO] [TrafficSystem.FairnessManager]: [Fairness Updated] Green: 'West' (Reset to 0). Waiting cycles: {'North': 3, 'South': 2, 'East': 1, 'West': 0}
[2026-07-24 21:31:35] [INFO] [TrafficSystem.SignalController]: [ESP32 Hardware Command #208] GREEN -> 'West' (35s) | Reason: NORMAL
[2026-07-24 21:31:35] [INFO] [TrafficSystem.PriorityCalculator]: [Rank #1] Lane: North  | PCE: 0.00  | Queue: 0.00  | Congestion: 0.00  | Total: 0.00
[2026-07-24 21:31:35] [INFO] [TrafficSystem.PriorityCalculator]: [Rank #2] Lane: South  | PCE: 0.00  | Queue: 0.00  | Congestion: 0.00  | Total: 0.00
[2026-07-24 21:31:35] [INFO] [TrafficSystem.PriorityCalculator]: [Rank #3] Lane: East   | PCE: 0.00  | Queue: 0.00  | Congestion: 0.00  | Total: 0.00
[2026-07-24 21:31:35] [INFO] [TrafficSystem.PriorityCalculator]: [Rank #4] Lane: West   | PCE: 0.00  | Queue: 0.00  | Congestion: 0.00  | Total: 0.00
[2026-07-24 21:31:35] [INFO] [TrafficSystem.FairnessManager]: [Fairness] Lane: North  | Base Score: 0.00 | Wait Cycles: 3 | Bonus: +15.00 | Adjusted: 15.00
[2026-07-24 21:31:35] [INFO] [TrafficSystem.FairnessManager]: [Fairness] Lane: South  | Base Score: 0.00 | Wait Cycles: 2 | Bonus: +10.00 | Adjusted: 10.00
[2026-07-24 21:31:35] [INFO] [TrafficSystem.FairnessManager]: [Fairness] Lane: East   | Base Score: 0.00 | Wait Cycles: 1 | Bonus: +5.00 | Adjusted: 5.00
[2026-07-24 21:31:35] [INFO] [TrafficSystem.SignalScheduler]: [Scheduler] Winner: North  | Score: 15.00 | Green: 35s | Reason: NORMAL
[2026-07-24 21:31:35] [INFO] [TrafficSystem.FairnessManager]: [Fairness Updated] Green: 'North' (Reset to 0). Waiting cycles: {'North': 0, 'South': 3, 'East': 2, 'West': 1}
[2026-07-24 21:31:35] [INFO] [TrafficSystem.SignalController]: [ESP32 Hardware Command #209] GREEN -> 'North' (35s) | Reason: NORMAL
[2026-07-24 21:31:36] [INFO] [TrafficSystem.PriorityCalculator]: [Rank #1] Lane: North  | PCE: 0.00  | Queue: 0.00  | Congestion: 0.00  | Total: 0.00
[2026-07-24 21:31:36] [INFO] [TrafficSystem.PriorityCalculator]: [Rank #2] Lane: South  | PCE: 0.00  | Queue: 0.00  | Congestion: 0.00  | Total: 0.00
[2026-07-24 21:31:36] [INFO] [TrafficSystem.PriorityCalculator]: [Rank #3] Lane: East   | PCE: 0.00  | Queue: 0.00  | Congestion: 0.00  | Total: 0.00
[2026-07-24 21:31:36] [INFO] [TrafficSystem.PriorityCalculator]: [Rank #4] Lane: West   | PCE: 0.00  | Queue: 0.00  | Congestion: 0.00  | Total: 0.00
[2026-07-24 21:31:36] [INFO] [TrafficSystem.FairnessManager]: [Fairness] Lane: South  | Base Score: 0.00 | Wait Cycles: 3 | Bonus: +15.00 | Adjusted: 15.00
[2026-07-24 21:31:36] [INFO] [TrafficSystem.FairnessManager]: [Fairness] Lane: East   | Base Score: 0.00 | Wait Cycles: 2 | Bonus: +10.00 | Adjusted: 10.00
[2026-07-24 21:31:36] [INFO] [TrafficSystem.FairnessManager]: [Fairness] Lane: West   | Base Score: 0.00 | Wait Cycles: 1 | Bonus: +5.00 | Adjusted: 5.00
[2026-07-24 21:31:36] [INFO] [TrafficSystem.SignalScheduler]: [Scheduler] Winner: South  | Score: 15.00 | Green: 35s | Reason: NORMAL
[2026-07-24 21:31:36] [INFO] [TrafficSystem.FairnessManager]: [Fairness Updated] Green: 'South' (Reset to 0). Waiting cycles: {'North': 1, 'South': 0, 'East': 3, 'West': 2}
[2026-07-24 21:31:36] [INFO] [TrafficSystem.SignalController]: [ESP32 Hardware Command #210] GREEN -> 'South' (35s) | Reason: NORMAL
[2026-07-24 21:31:36] [INFO] [TrafficSystem.PriorityCalculator]: [Rank #1] Lane: North  | PCE: 0.00  | Queue: 0.00  | Congestion: 0.00  | Total: 0.00
[2026-07-24 21:31:36] [INFO] [TrafficSystem.PriorityCalculator]: [Rank #2] Lane: South  | PCE: 0.00  | Queue: 0.00  | Congestion: 0.00  | Total: 0.00
[2026-07-24 21:31:36] [INFO] [TrafficSystem.PriorityCalculator]: [Rank #3] Lane: East   | PCE: 0.00  | Queue: 0.00  | Congestion: 0.00  | Total: 0.00
[2026-07-24 21:31:36] [INFO] [TrafficSystem.PriorityCalculator]: [Rank #4] Lane: West   | PCE: 0.00  | Queue: 0.00  | Congestion: 0.00  | Total: 0.00
[2026-07-24 21:31:36] [INFO] [TrafficSystem.FairnessManager]: [Fairness] Lane: East   | Base Score: 0.00 | Wait Cycles: 3 | Bonus: +15.00 | Adjusted: 15.00
[2026-07-24 21:31:36] [INFO] [TrafficSystem.FairnessManager]: [Fairness] Lane: West   | Base Score: 0.00 | Wait Cycles: 2 | Bonus: +10.00 | Adjusted: 10.00
[2026-07-24 21:31:36] [INFO] [TrafficSystem.FairnessManager]: [Fairness] Lane: North  | Base Score: 0.00 | Wait Cycles: 1 | Bonus: +5.00 | Adjusted: 5.00
[2026-07-24 21:31:36] [INFO] [TrafficSystem.SignalScheduler]: [Scheduler] Winner: East   | Score: 15.00 | Green: 35s | Reason: NORMAL
[2026-07-24 21:31:36] [INFO] [TrafficSystem.FairnessManager]: [Fairness Updated] Green: 'East' (Reset to 0). Waiting cycles: {'North': 2, 'South': 1, 'East': 0, 'West': 3}
[2026-07-24 21:31:36] [INFO] [TrafficSystem.SignalController]: [ESP32 Hardware Command #211] GREEN -> 'East' (35s) | Reason: NORMAL
[2026-07-24 21:31:37] [INFO] [TrafficSystem.PriorityCalculator]: [Rank #1] Lane: North  | PCE: 0.00  | Queue: 0.00  | Congestion: 0.00  | Total: 0.00
[2026-07-24 21:31:37] [INFO] [TrafficSystem.PriorityCalculator]: [Rank #2] Lane: South  | PCE: 0.00  | Queue: 0.00  | Congestion: 0.00  | Total: 0.00
[2026-07-24 21:31:37] [INFO] [TrafficSystem.PriorityCalculator]: [Rank #3] Lane: East   | PCE: 0.00  | Queue: 0.00  | Congestion: 0.00  | Total: 0.00
[2026-07-24 21:31:37] [INFO] [TrafficSystem.PriorityCalculator]: [Rank #4] Lane: West   | PCE: 0.00  | Queue: 0.00  | Congestion: 0.00  | Total: 0.00
[2026-07-24 21:31:37] [INFO] [TrafficSystem.FairnessManager]: [Fairness] Lane: West   | Base Score: 0.00 | Wait Cycles: 3 | Bonus: +15.00 | Adjusted: 15.00
[2026-07-24 21:31:37] [INFO] [TrafficSystem.FairnessManager]: [Fairness] Lane: North  | Base Score: 0.00 | Wait Cycles: 2 | Bonus: +10.00 | Adjusted: 10.00
[2026-07-24 21:31:37] [INFO] [TrafficSystem.FairnessManager]: [Fairness] Lane: South  | Base Score: 0.00 | Wait Cycles: 1 | Bonus: +5.00 | Adjusted: 5.00
[2026-07-24 21:31:37] [INFO] [TrafficSystem.SignalScheduler]: [Scheduler] Winner: West   | Score: 15.00 | Green: 35s | Reason: NORMAL
[2026-07-24 21:31:37] [INFO] [TrafficSystem.FairnessManager]: [Fairness Updated] Green: 'West' (Reset to 0). Waiting cycles: {'North': 3, 'South': 2, 'East': 1, 'West': 0}
[2026-07-24 21:31:37] [INFO] [TrafficSystem.SignalController]: [ESP32 Hardware Command #212] GREEN -> 'West' (35s) | Reason: NORMAL
[2026-07-24 21:31:37] [INFO] [TrafficSystem.PriorityCalculator]: [Rank #1] Lane: North  | PCE: 0.00  | Queue: 0.00  | Congestion: 0.00  | Total: 0.00
[2026-07-24 21:31:37] [INFO] [TrafficSystem.PriorityCalculator]: [Rank #2] Lane: South  | PCE: 0.00  | Queue: 0.00  | Congestion: 0.00  | Total: 0.00
[2026-07-24 21:31:37] [INFO] [TrafficSystem.PriorityCalculator]: [Rank #3] Lane: East   | PCE: 0.00  | Queue: 0.00  | Congestion: 0.00  | Total: 0.00
[2026-07-24 21:31:37] [INFO] [TrafficSystem.PriorityCalculator]: [Rank #4] Lane: West   | PCE: 0.00  | Queue: 0.00  | Congestion: 0.00  | Total: 0.00
[2026-07-24 21:31:37] [INFO] [TrafficSystem.FairnessManager]: [Fairness] Lane: North  | Base Score: 0.00 | Wait Cycles: 3 | Bonus: +15.00 | Adjusted: 15.00
[2026-07-24 21:31:37] [INFO] [TrafficSystem.FairnessManager]: [Fairness] Lane: South  | Base Score: 0.00 | Wait Cycles: 2 | Bonus: +10.00 | Adjusted: 10.00
[2026-07-24 21:31:37] [INFO] [TrafficSystem.FairnessManager]: [Fairness] Lane: East   | Base Score: 0.00 | Wait Cycles: 1 | Bonus: +5.00 | Adjusted: 5.00
[2026-07-24 21:31:37] [INFO] [TrafficSystem.SignalScheduler]: [Scheduler] Winner: North  | Score: 15.00 | Green: 35s | Reason: NORMAL
[2026-07-24 21:31:37] [INFO] [TrafficSystem.FairnessManager]: [Fairness Updated] Green: 'North' (Reset to 0). Waiting cycles: {'North': 0, 'South': 3, 'East': 2, 'West': 1}
[2026-07-24 21:31:37] [INFO] [TrafficSystem.SignalController]: [ESP32 Hardware Command #213] GREEN -> 'North' (35s) | Reason: NORMAL
[2026-07-24 21:31:37] [INFO] [TrafficSystem.PriorityCalculator]: [Rank #1] Lane: North  | PCE: 0.00  | Queue: 0.00  | Congestion: 0.00  | Total: 0.00
[2026-07-24 21:31:37] [INFO] [TrafficSystem.PriorityCalculator]: [Rank #2] Lane: South  | PCE: 0.00  | Queue: 0.00  | Congestion: 0.00  | Total: 0.00
[2026-07-24 21:31:37] [INFO] [TrafficSystem.PriorityCalculator]: [Rank #3] Lane: East   | PCE: 0.00  | Queue: 0.00  | Congestion: 0.00  | Total: 0.00
[2026-07-24 21:31:37] [INFO] [TrafficSystem.PriorityCalculator]: [Rank #4] Lane: West   | PCE: 0.00  | Queue: 0.00  | Congestion: 0.00  | Total: 0.00
[2026-07-24 21:31:37] [INFO] [TrafficSystem.FairnessManager]: [Fairness] Lane: South  | Base Score: 0.00 | Wait Cycles: 3 | Bonus: +15.00 | Adjusted: 15.00
[2026-07-24 21:31:37] [INFO] [TrafficSystem.FairnessManager]: [Fairness] Lane: East   | Base Score: 0.00 | Wait Cycles: 2 | Bonus: +10.00 | Adjusted: 10.00
[2026-07-24 21:31:37] [INFO] [TrafficSystem.FairnessManager]: [Fairness] Lane: West   | Base Score: 0.00 | Wait Cycles: 1 | Bonus: +5.00 | Adjusted: 5.00
[2026-07-24 21:31:37] [INFO] [TrafficSystem.SignalScheduler]: [Scheduler] Winner: South  | Score: 15.00 | Green: 35s | Reason: NORMAL
[2026-07-24 21:31:38] [INFO] [TrafficSystem.FairnessManager]: [Fairness Updated] Green: 'South' (Reset to 0). Waiting cycles: {'North': 1, 'South': 0, 'East': 3, 'West': 2}
[2026-07-24 21:31:38] [INFO] [TrafficSystem.SignalController]: [ESP32 Hardware Command #214] GREEN -> 'South' (35s) | Reason: NORMAL
[2026-07-24 21:31:38] [INFO] [TrafficSystem.PriorityCalculator]: [Rank #1] Lane: North  | PCE: 0.00  | Queue: 0.00  | Congestion: 0.00  | Total: 0.00
[2026-07-24 21:31:38] [INFO] [TrafficSystem.PriorityCalculator]: [Rank #2] Lane: South  | PCE: 0.00  | Queue: 0.00  | Congestion: 0.00  | Total: 0.00
[2026-07-24 21:31:38] [INFO] [TrafficSystem.PriorityCalculator]: [Rank #3] Lane: East   | PCE: 0.00  | Queue: 0.00  | Congestion: 0.00  | Total: 0.00
[2026-07-24 21:31:38] [INFO] [TrafficSystem.PriorityCalculator]: [Rank #4] Lane: West   | PCE: 0.00  | Queue: 0.00  | Congestion: 0.00  | Total: 0.00
[2026-07-24 21:31:38] [INFO] [TrafficSystem.FairnessManager]: [Fairness] Lane: East   | Base Score: 0.00 | Wait Cycles: 3 | Bonus: +15.00 | Adjusted: 15.00
[2026-07-24 21:31:38] [INFO] [TrafficSystem.FairnessManager]: [Fairness] Lane: West   | Base Score: 0.00 | Wait Cycles: 2 | Bonus: +10.00 | Adjusted: 10.00
[2026-07-24 21:31:38] [INFO] [TrafficSystem.FairnessManager]: [Fairness] Lane: North  | Base Score: 0.00 | Wait Cycles: 1 | Bonus: +5.00 | Adjusted: 5.00
[2026-07-24 21:31:38] [INFO] [TrafficSystem.SignalScheduler]: [Scheduler] Winner: East   | Score: 15.00 | Green: 35s | Reason: NORMAL
[2026-07-24 21:31:38] [INFO] [TrafficSystem.FairnessManager]: [Fairness Updated] Green: 'East' (Reset to 0). Waiting cycles: {'North': 2, 'South': 1, 'East': 0, 'West': 3}
[2026-07-24 21:31:38] [INFO] [TrafficSystem.SignalController]: [ESP32 Hardware Command #215] GREEN -> 'East' (35s) | Reason: NORMAL
[2026-07-24 21:31:38] [INFO] [TrafficSystem.PriorityCalculator]: [Rank #1] Lane: North  | PCE: 0.00  | Queue: 0.00  | Congestion: 0.00  | Total: 0.00
[2026-07-24 21:31:38] [INFO] [TrafficSystem.PriorityCalculator]: [Rank #2] Lane: South  | PCE: 0.00  | Queue: 0.00  | Congestion: 0.00  | Total: 0.00
[2026-07-24 21:31:38] [INFO] [TrafficSystem.PriorityCalculator]: [Rank #3] Lane: East   | PCE: 0.00  | Queue: 0.00  | Congestion: 0.00  | Total: 0.00
[2026-07-24 21:31:38] [INFO] [TrafficSystem.PriorityCalculator]: [Rank #4] Lane: West   | PCE: 0.00  | Queue: 0.00  | Congestion: 0.00  | Total: 0.00
[2026-07-24 21:31:38] [INFO] [TrafficSystem.FairnessManager]: [Fairness] Lane: West   | Base Score: 0.00 | Wait Cycles: 3 | Bonus: +15.00 | Adjusted: 15.00
[2026-07-24 21:31:38] [INFO] [TrafficSystem.FairnessManager]: [Fairness] Lane: North  | Base Score: 0.00 | Wait Cycles: 2 | Bonus: +10.00 | Adjusted: 10.00
[2026-07-24 21:31:38] [INFO] [TrafficSystem.FairnessManager]: [Fairness] Lane: South  | Base Score: 0.00 | Wait Cycles: 1 | Bonus: +5.00 | Adjusted: 5.00
[2026-07-24 21:31:38] [INFO] [TrafficSystem.SignalScheduler]: [Scheduler] Winner: West   | Score: 15.00 | Green: 35s | Reason: NORMAL
[2026-07-24 21:31:38] [INFO] [TrafficSystem.FairnessManager]: [Fairness Updated] Green: 'West' (Reset to 0). Waiting cycles: {'North': 3, 'South': 2, 'East': 1, 'West': 0}
[2026-07-24 21:31:38] [INFO] [TrafficSystem.SignalController]: [ESP32 Hardware Command #216] GREEN -> 'West' (35s) | Reason: NORMAL
[2026-07-24 21:31:39] [INFO] [TrafficSystem.PriorityCalculator]: [Rank #1] Lane: North  | PCE: 0.00  | Queue: 0.00  | Congestion: 0.00  | Total: 0.00
[2026-07-24 21:31:39] [INFO] [TrafficSystem.PriorityCalculator]: [Rank #2] Lane: South  | PCE: 0.00  | Queue: 0.00  | Congestion: 0.00  | Total: 0.00
[2026-07-24 21:31:39] [INFO] [TrafficSystem.PriorityCalculator]: [Rank #3] Lane: East   | PCE: 0.00  | Queue: 0.00  | Congestion: 0.00  | Total: 0.00
[2026-07-24 21:31:39] [INFO] [TrafficSystem.PriorityCalculator]: [Rank #4] Lane: West   | PCE: 0.00  | Queue: 0.00  | Congestion: 0.00  | Total: 0.00
[2026-07-24 21:31:39] [INFO] [TrafficSystem.FairnessManager]: [Fairness] Lane: North  | Base Score: 0.00 | Wait Cycles: 3 | Bonus: +15.00 | Adjusted: 15.00
[2026-07-24 21:31:39] [INFO] [TrafficSystem.FairnessManager]: [Fairness] Lane: South  | Base Score: 0.00 | Wait Cycles: 2 | Bonus: +10.00 | Adjusted: 10.00
[2026-07-24 21:31:39] [INFO] [TrafficSystem.FairnessManager]: [Fairness] Lane: East   | Base Score: 0.00 | Wait Cycles: 1 | Bonus: +5.00 | Adjusted: 5.00
[2026-07-24 21:31:39] [INFO] [TrafficSystem.SignalScheduler]: [Scheduler] Winner: North  | Score: 15.00 | Green: 35s | Reason: NORMAL
[2026-07-24 21:31:39] [INFO] [TrafficSystem.FairnessManager]: [Fairness Updated] Green: 'North' (Reset to 0). Waiting cycles: {'North': 0, 'South': 3, 'East': 2, 'West': 1}
[2026-07-24 21:31:39] [INFO] [TrafficSystem.SignalController]: [ESP32 Hardware Command #217] GREEN -> 'North' (35s) | Reason: NORMAL
[2026-07-24 21:31:39] [INFO] [TrafficSystem.PriorityCalculator]: [Rank #1] Lane: North  | PCE: 0.00  | Queue: 0.00  | Congestion: 0.00  | Total: 0.00
[2026-07-24 21:31:39] [INFO] [TrafficSystem.PriorityCalculator]: [Rank #2] Lane: South  | PCE: 0.00  | Queue: 0.00  | Congestion: 0.00  | Total: 0.00
[2026-07-24 21:31:39] [INFO] [TrafficSystem.PriorityCalculator]: [Rank #3] Lane: East   | PCE: 0.00  | Queue: 0.00  | Congestion: 0.00  | Total: 0.00
[2026-07-24 21:31:39] [INFO] [TrafficSystem.PriorityCalculator]: [Rank #4] Lane: West   | PCE: 0.00  | Queue: 0.00  | Congestion: 0.00  | Total: 0.00
[2026-07-24 21:31:39] [INFO] [TrafficSystem.FairnessManager]: [Fairness] Lane: South  | Base Score: 0.00 | Wait Cycles: 3 | Bonus: +15.00 | Adjusted: 15.00
[2026-07-24 21:31:39] [INFO] [TrafficSystem.FairnessManager]: [Fairness] Lane: East   | Base Score: 0.00 | Wait Cycles: 2 | Bonus: +10.00 | Adjusted: 10.00
[2026-07-24 21:31:39] [INFO] [TrafficSystem.FairnessManager]: [Fairness] Lane: West   | Base Score: 0.00 | Wait Cycles: 1 | Bonus: +5.00 | Adjusted: 5.00
[2026-07-24 21:31:39] [INFO] [TrafficSystem.SignalScheduler]: [Scheduler] Winner: South  | Score: 15.00 | Green: 35s | Reason: NORMAL
[2026-07-24 21:31:39] [INFO] [TrafficSystem.FairnessManager]: [Fairness Updated] Green: 'South' (Reset to 0). Waiting cycles: {'North': 1, 'South': 0, 'East': 3, 'West': 2}
[2026-07-24 21:31:39] [INFO] [TrafficSystem.SignalController]: [ESP32 Hardware Command #218] GREEN -> 'South' (35s) | Reason: NORMAL
[2026-07-24 21:31:40] [INFO] [TrafficSystem.PriorityCalculator]: [Rank #1] Lane: North  | PCE: 0.00  | Queue: 0.00  | Congestion: 0.00  | Total: 0.00
[2026-07-24 21:31:40] [INFO] [TrafficSystem.PriorityCalculator]: [Rank #2] Lane: South  | PCE: 0.00  | Queue: 0.00  | Congestion: 0.00  | Total: 0.00
[2026-07-24 21:31:40] [INFO] [TrafficSystem.PriorityCalculator]: [Rank #3] Lane: East   | PCE: 0.00  | Queue: 0.00  | Congestion: 0.00  | Total: 0.00
[2026-07-24 21:31:40] [INFO] [TrafficSystem.PriorityCalculator]: [Rank #4] Lane: West   | PCE: 0.00  | Queue: 0.00  | Congestion: 0.00  | Total: 0.00
[2026-07-24 21:31:40] [INFO] [TrafficSystem.FairnessManager]: [Fairness] Lane: East   | Base Score: 0.00 | Wait Cycles: 3 | Bonus: +15.00 | Adjusted: 15.00
[2026-07-24 21:31:40] [INFO] [TrafficSystem.FairnessManager]: [Fairness] Lane: West   | Base Score: 0.00 | Wait Cycles: 2 | Bonus: +10.00 | Adjusted: 10.00
[2026-07-24 21:31:40] [INFO] [TrafficSystem.FairnessManager]: [Fairness] Lane: North  | Base Score: 0.00 | Wait Cycles: 1 | Bonus: +5.00 | Adjusted: 5.00
[2026-07-24 21:31:40] [INFO] [TrafficSystem.SignalScheduler]: [Scheduler] Winner: East   | Score: 15.00 | Green: 35s | Reason: NORMAL
[2026-07-24 21:31:40] [INFO] [TrafficSystem.FairnessManager]: [Fairness Updated] Green: 'East' (Reset to 0). Waiting cycles: {'North': 2, 'South': 1, 'East': 0, 'West': 3}
[2026-07-24 21:31:40] [INFO] [TrafficSystem.SignalController]: [ESP32 Hardware Command #219] GREEN -> 'East' (35s) | Reason: NORMAL
[2026-07-24 21:31:40] [INFO] [TrafficSystem.PriorityCalculator]: [Rank #1] Lane: North  | PCE: 0.00  | Queue: 0.00  | Congestion: 0.00  | Total: 0.00
[2026-07-24 21:31:40] [INFO] [TrafficSystem.PriorityCalculator]: [Rank #2] Lane: South  | PCE: 0.00  | Queue: 0.00  | Congestion: 0.00  | Total: 0.00
[2026-07-24 21:31:40] [INFO] [TrafficSystem.PriorityCalculator]: [Rank #3] Lane: East   | PCE: 0.00  | Queue: 0.00  | Congestion: 0.00  | Total: 0.00
[2026-07-24 21:31:40] [INFO] [TrafficSystem.PriorityCalculator]: [Rank #4] Lane: West   | PCE: 0.00  | Queue: 0.00  | Congestion: 0.00  | Total: 0.00
[2026-07-24 21:31:40] [INFO] [TrafficSystem.FairnessManager]: [Fairness] Lane: West   | Base Score: 0.00 | Wait Cycles: 3 | Bonus: +15.00 | Adjusted: 15.00
[2026-07-24 21:31:40] [INFO] [TrafficSystem.FairnessManager]: [Fairness] Lane: North  | Base Score: 0.00 | Wait Cycles: 2 | Bonus: +10.00 | Adjusted: 10.00
[2026-07-24 21:31:40] [INFO] [TrafficSystem.FairnessManager]: [Fairness] Lane: South  | Base Score: 0.00 | Wait Cycles: 1 | Bonus: +5.00 | Adjusted: 5.00
[2026-07-24 21:31:40] [INFO] [TrafficSystem.SignalScheduler]: [Scheduler] Winner: West   | Score: 15.00 | Green: 35s | Reason: NORMAL
[2026-07-24 21:31:40] [INFO] [TrafficSystem.FairnessManager]: [Fairness Updated] Green: 'West' (Reset to 0). Waiting cycles: {'North': 3, 'South': 2, 'East': 1, 'West': 0}
[2026-07-24 21:31:40] [INFO] [TrafficSystem.SignalController]: [ESP32 Hardware Command #220] GREEN -> 'West' (35s) | Reason: NORMAL
[2026-07-24 21:31:41] [INFO] [TrafficSystem.PriorityCalculator]: [Rank #1] Lane: North  | PCE: 0.00  | Queue: 0.00  | Congestion: 0.00  | Total: 0.00
[2026-07-24 21:31:41] [INFO] [TrafficSystem.PriorityCalculator]: [Rank #2] Lane: South  | PCE: 0.00  | Queue: 0.00  | Congestion: 0.00  | Total: 0.00
[2026-07-24 21:31:41] [INFO] [TrafficSystem.PriorityCalculator]: [Rank #3] Lane: East   | PCE: 0.00  | Queue: 0.00  | Congestion: 0.00  | Total: 0.00
[2026-07-24 21:31:41] [INFO] [TrafficSystem.PriorityCalculator]: [Rank #4] Lane: West   | PCE: 0.00  | Queue: 0.00  | Congestion: 0.00  | Total: 0.00
[2026-07-24 21:31:41] [INFO] [TrafficSystem.FairnessManager]: [Fairness] Lane: North  | Base Score: 0.00 | Wait Cycles: 3 | Bonus: +15.00 | Adjusted: 15.00
[2026-07-24 21:31:41] [INFO] [TrafficSystem.FairnessManager]: [Fairness] Lane: South  | Base Score: 0.00 | Wait Cycles: 2 | Bonus: +10.00 | Adjusted: 10.00
[2026-07-24 21:31:41] [INFO] [TrafficSystem.FairnessManager]: [Fairness] Lane: East   | Base Score: 0.00 | Wait Cycles: 1 | Bonus: +5.00 | Adjusted: 5.00
[2026-07-24 21:31:41] [INFO] [TrafficSystem.SignalScheduler]: [Scheduler] Winner: North  | Score: 15.00 | Green: 35s | Reason: NORMAL
[2026-07-24 21:31:41] [INFO] [TrafficSystem.FairnessManager]: [Fairness Updated] Green: 'North' (Reset to 0). Waiting cycles: {'North': 0, 'South': 3, 'East': 2, 'West': 1}
[2026-07-24 21:31:41] [INFO] [TrafficSystem.SignalController]: [ESP32 Hardware Command #221] GREEN -> 'North' (35s) | Reason: NORMAL
[2026-07-24 21:31:41] [INFO] [TrafficSystem.PriorityCalculator]: [Rank #1] Lane: North  | PCE: 0.00  | Queue: 0.00  | Congestion: 0.00  | Total: 0.00
[2026-07-24 21:31:41] [INFO] [TrafficSystem.PriorityCalculator]: [Rank #2] Lane: South  | PCE: 0.00  | Queue: 0.00  | Congestion: 0.00  | Total: 0.00
[2026-07-24 21:31:41] [INFO] [TrafficSystem.PriorityCalculator]: [Rank #3] Lane: East   | PCE: 0.00  | Queue: 0.00  | Congestion: 0.00  | Total: 0.00
[2026-07-24 21:31:41] [INFO] [TrafficSystem.PriorityCalculator]: [Rank #4] Lane: West   | PCE: 0.00  | Queue: 0.00  | Congestion: 0.00  | Total: 0.00
[2026-07-24 21:31:41] [INFO] [TrafficSystem.FairnessManager]: [Fairness] Lane: South  | Base Score: 0.00 | Wait Cycles: 3 | Bonus: +15.00 | Adjusted: 15.00
[2026-07-24 21:31:41] [INFO] [TrafficSystem.FairnessManager]: [Fairness] Lane: East   | Base Score: 0.00 | Wait Cycles: 2 | Bonus: +10.00 | Adjusted: 10.00
[2026-07-24 21:31:41] [INFO] [TrafficSystem.FairnessManager]: [Fairness] Lane: West   | Base Score: 0.00 | Wait Cycles: 1 | Bonus: +5.00 | Adjusted: 5.00
[2026-07-24 21:31:41] [INFO] [TrafficSystem.SignalScheduler]: [Scheduler] Winner: South  | Score: 15.00 | Green: 35s | Reason: NORMAL
[2026-07-24 21:31:41] [INFO] [TrafficSystem.FairnessManager]: [Fairness Updated] Green: 'South' (Reset to 0). Waiting cycles: {'North': 1, 'South': 0, 'East': 3, 'West': 2}
[2026-07-24 21:31:41] [INFO] [TrafficSystem.SignalController]: [ESP32 Hardware Command #222] GREEN -> 'South' (35s) | Reason: NORMAL
[2026-07-24 21:31:42] [INFO] [TrafficSystem.PriorityCalculator]: [Rank #1] Lane: North  | PCE: 0.00  | Queue: 0.00  | Congestion: 0.00  | Total: 0.00
[2026-07-24 21:31:42] [INFO] [TrafficSystem.PriorityCalculator]: [Rank #2] Lane: South  | PCE: 0.00  | Queue: 0.00  | Congestion: 0.00  | Total: 0.00
[2026-07-24 21:31:42] [INFO] [TrafficSystem.PriorityCalculator]: [Rank #3] Lane: East   | PCE: 0.00  | Queue: 0.00  | Congestion: 0.00  | Total: 0.00
[2026-07-24 21:31:42] [INFO] [TrafficSystem.PriorityCalculator]: [Rank #4] Lane: West   | PCE: 0.00  | Queue: 0.00  | Congestion: 0.00  | Total: 0.00
[2026-07-24 21:31:42] [INFO] [TrafficSystem.FairnessManager]: [Fairness] Lane: East   | Base Score: 0.00 | Wait Cycles: 3 | Bonus: +15.00 | Adjusted: 15.00
[2026-07-24 21:31:42] [INFO] [TrafficSystem.FairnessManager]: [Fairness] Lane: West   | Base Score: 0.00 | Wait Cycles: 2 | Bonus: +10.00 | Adjusted: 10.00
[2026-07-24 21:31:42] [INFO] [TrafficSystem.FairnessManager]: [Fairness] Lane: North  | Base Score: 0.00 | Wait Cycles: 1 | Bonus: +5.00 | Adjusted: 5.00
[2026-07-24 21:31:42] [INFO] [TrafficSystem.SignalScheduler]: [Scheduler] Winner: East   | Score: 15.00 | Green: 35s | Reason: NORMAL
[2026-07-24 21:31:42] [INFO] [TrafficSystem.FairnessManager]: [Fairness Updated] Green: 'East' (Reset to 0). Waiting cycles: {'North': 2, 'South': 1, 'East': 0, 'West': 3}
[2026-07-24 21:31:42] [INFO] [TrafficSystem.SignalController]: [ESP32 Hardware Command #223] GREEN -> 'East' (35s) | Reason: NORMAL
[2026-07-24 21:31:42] [INFO] [TrafficSystem.PriorityCalculator]: [Rank #1] Lane: North  | PCE: 0.00  | Queue: 0.00  | Congestion: 0.00  | Total: 0.00
[2026-07-24 21:31:42] [INFO] [TrafficSystem.PriorityCalculator]: [Rank #2] Lane: South  | PCE: 0.00  | Queue: 0.00  | Congestion: 0.00  | Total: 0.00
[2026-07-24 21:31:42] [INFO] [TrafficSystem.PriorityCalculator]: [Rank #3] Lane: East   | PCE: 0.00  | Queue: 0.00  | Congestion: 0.00  | Total: 0.00
[2026-07-24 21:31:42] [INFO] [TrafficSystem.PriorityCalculator]: [Rank #4] Lane: West   | PCE: 0.00  | Queue: 0.00  | Congestion: 0.00  | Total: 0.00
[2026-07-24 21:31:42] [INFO] [TrafficSystem.FairnessManager]: [Fairness] Lane: West   | Base Score: 0.00 | Wait Cycles: 3 | Bonus: +15.00 | Adjusted: 15.00
[2026-07-24 21:31:42] [INFO] [TrafficSystem.FairnessManager]: [Fairness] Lane: North  | Base Score: 0.00 | Wait Cycles: 2 | Bonus: +10.00 | Adjusted: 10.00
[2026-07-24 21:31:42] [INFO] [TrafficSystem.FairnessManager]: [Fairness] Lane: South  | Base Score: 0.00 | Wait Cycles: 1 | Bonus: +5.00 | Adjusted: 5.00
[2026-07-24 21:31:42] [INFO] [TrafficSystem.SignalScheduler]: [Scheduler] Winner: West   | Score: 15.00 | Green: 35s | Reason: NORMAL
[2026-07-24 21:31:42] [INFO] [TrafficSystem.FairnessManager]: [Fairness Updated] Green: 'West' (Reset to 0). Waiting cycles: {'North': 3, 'South': 2, 'East': 1, 'West': 0}
[2026-07-24 21:31:42] [INFO] [TrafficSystem.SignalController]: [ESP32 Hardware Command #224] GREEN -> 'West' (35s) | Reason: NORMAL
[2026-07-24 21:31:43] [INFO] [TrafficSystem.PriorityCalculator]: [Rank #1] Lane: North  | PCE: 0.00  | Queue: 0.00  | Congestion: 0.00  | Total: 0.00
[2026-07-24 21:31:43] [INFO] [TrafficSystem.PriorityCalculator]: [Rank #2] Lane: South  | PCE: 0.00  | Queue: 0.00  | Congestion: 0.00  | Total: 0.00
[2026-07-24 21:31:43] [INFO] [TrafficSystem.PriorityCalculator]: [Rank #3] Lane: East   | PCE: 0.00  | Queue: 0.00  | Congestion: 0.00  | Total: 0.00
[2026-07-24 21:31:43] [INFO] [TrafficSystem.PriorityCalculator]: [Rank #4] Lane: West   | PCE: 0.00  | Queue: 0.00  | Congestion: 0.00  | Total: 0.00
[2026-07-24 21:31:43] [INFO] [TrafficSystem.FairnessManager]: [Fairness] Lane: North  | Base Score: 0.00 | Wait Cycles: 3 | Bonus: +15.00 | Adjusted: 15.00
[2026-07-24 21:31:43] [INFO] [TrafficSystem.FairnessManager]: [Fairness] Lane: South  | Base Score: 0.00 | Wait Cycles: 2 | Bonus: +10.00 | Adjusted: 10.00
[2026-07-24 21:31:43] [INFO] [TrafficSystem.FairnessManager]: [Fairness] Lane: East   | Base Score: 0.00 | Wait Cycles: 1 | Bonus: +5.00 | Adjusted: 5.00
[2026-07-24 21:31:43] [INFO] [TrafficSystem.SignalScheduler]: [Scheduler] Winner: North  | Score: 15.00 | Green: 35s | Reason: NORMAL
[2026-07-24 21:31:43] [INFO] [TrafficSystem.FairnessManager]: [Fairness Updated] Green: 'North' (Reset to 0). Waiting cycles: {'North': 0, 'South': 3, 'East': 2, 'West': 1}
[2026-07-24 21:31:43] [INFO] [TrafficSystem.SignalController]: [ESP32 Hardware Command #225] GREEN -> 'North' (35s) | Reason: NORMAL
[2026-07-24 21:31:44] [INFO] [TrafficSystem.PriorityCalculator]: [Rank #1] Lane: North  | PCE: 0.00  | Queue: 0.00  | Congestion: 0.00  | Total: 0.00
[2026-07-24 21:31:44] [INFO] [TrafficSystem.PriorityCalculator]: [Rank #2] Lane: South  | PCE: 0.00  | Queue: 0.00  | Congestion: 0.00  | Total: 0.00
[2026-07-24 21:31:44] [INFO] [TrafficSystem.PriorityCalculator]: [Rank #3] Lane: East   | PCE: 0.00  | Queue: 0.00  | Congestion: 0.00  | Total: 0.00
[2026-07-24 21:31:44] [INFO] [TrafficSystem.PriorityCalculator]: [Rank #4] Lane: West   | PCE: 0.00  | Queue: 0.00  | Congestion: 0.00  | Total: 0.00
[2026-07-24 21:31:44] [INFO] [TrafficSystem.FairnessManager]: [Fairness] Lane: South  | Base Score: 0.00 | Wait Cycles: 3 | Bonus: +15.00 | Adjusted: 15.00
[2026-07-24 21:31:44] [INFO] [TrafficSystem.FairnessManager]: [Fairness] Lane: East   | Base Score: 0.00 | Wait Cycles: 2 | Bonus: +10.00 | Adjusted: 10.00
[2026-07-24 21:31:44] [INFO] [TrafficSystem.FairnessManager]: [Fairness] Lane: West   | Base Score: 0.00 | Wait Cycles: 1 | Bonus: +5.00 | Adjusted: 5.00
[2026-07-24 21:31:44] [INFO] [TrafficSystem.SignalScheduler]: [Scheduler] Winner: South  | Score: 15.00 | Green: 35s | Reason: NORMAL
[2026-07-24 21:31:44] [INFO] [TrafficSystem.FairnessManager]: [Fairness Updated] Green: 'South' (Reset to 0). Waiting cycles: {'North': 1, 'South': 0, 'East': 3, 'West': 2}
[2026-07-24 21:31:44] [INFO] [TrafficSystem.SignalController]: [ESP32 Hardware Command #226] GREEN -> 'South' (35s) | Reason: NORMAL
[2026-07-24 21:31:44] [INFO] [TrafficSystem.PriorityCalculator]: [Rank #1] Lane: North  | PCE: 0.00  | Queue: 0.00  | Congestion: 0.00  | Total: 0.00
[2026-07-24 21:31:44] [INFO] [TrafficSystem.PriorityCalculator]: [Rank #2] Lane: South  | PCE: 0.00  | Queue: 0.00  | Congestion: 0.00  | Total: 0.00
[2026-07-24 21:31:44] [INFO] [TrafficSystem.PriorityCalculator]: [Rank #3] Lane: East   | PCE: 0.00  | Queue: 0.00  | Congestion: 0.00  | Total: 0.00
[2026-07-24 21:31:44] [INFO] [TrafficSystem.PriorityCalculator]: [Rank #4] Lane: West   | PCE: 0.00  | Queue: 0.00  | Congestion: 0.00  | Total: 0.00
[2026-07-24 21:31:44] [INFO] [TrafficSystem.FairnessManager]: [Fairness] Lane: East   | Base Score: 0.00 | Wait Cycles: 3 | Bonus: +15.00 | Adjusted: 15.00
[2026-07-24 21:31:44] [INFO] [TrafficSystem.FairnessManager]: [Fairness] Lane: West   | Base Score: 0.00 | Wait Cycles: 2 | Bonus: +10.00 | Adjusted: 10.00
[2026-07-24 21:31:44] [INFO] [TrafficSystem.FairnessManager]: [Fairness] Lane: North  | Base Score: 0.00 | Wait Cycles: 1 | Bonus: +5.00 | Adjusted: 5.00
[2026-07-24 21:31:44] [INFO] [TrafficSystem.SignalScheduler]: [Scheduler] Winner: East   | Score: 15.00 | Green: 35s | Reason: NORMAL
[2026-07-24 21:31:44] [INFO] [TrafficSystem.FairnessManager]: [Fairness Updated] Green: 'East' (Reset to 0). Waiting cycles: {'North': 2, 'South': 1, 'East': 0, 'West': 3}
[2026-07-24 21:31:44] [INFO] [TrafficSystem.SignalController]: [ESP32 Hardware Command #227] GREEN -> 'East' (35s) | Reason: NORMAL
[2026-07-24 21:31:44] [INFO] [TrafficSystem.PriorityCalculator]: [Rank #1] Lane: North  | PCE: 0.00  | Queue: 0.00  | Congestion: 0.00  | Total: 0.00
[2026-07-24 21:31:44] [INFO] [TrafficSystem.PriorityCalculator]: [Rank #2] Lane: South  | PCE: 0.00  | Queue: 0.00  | Congestion: 0.00  | Total: 0.00
[2026-07-24 21:31:44] [INFO] [TrafficSystem.PriorityCalculator]: [Rank #3] Lane: East   | PCE: 0.00  | Queue: 0.00  | Congestion: 0.00  | Total: 0.00
[2026-07-24 21:31:44] [INFO] [TrafficSystem.PriorityCalculator]: [Rank #4] Lane: West   | PCE: 0.00  | Queue: 0.00  | Congestion: 0.00  | Total: 0.00
[2026-07-24 21:31:44] [INFO] [TrafficSystem.FairnessManager]: [Fairness] Lane: West   | Base Score: 0.00 | Wait Cycles: 3 | Bonus: +15.00 | Adjusted: 15.00
[2026-07-24 21:31:44] [INFO] [TrafficSystem.FairnessManager]: [Fairness] Lane: North  | Base Score: 0.00 | Wait Cycles: 2 | Bonus: +10.00 | Adjusted: 10.00
[2026-07-24 21:31:44] [INFO] [TrafficSystem.FairnessManager]: [Fairness] Lane: South  | Base Score: 0.00 | Wait Cycles: 1 | Bonus: +5.00 | Adjusted: 5.00
[2026-07-24 21:31:44] [INFO] [TrafficSystem.SignalScheduler]: [Scheduler] Winner: West   | Score: 15.00 | Green: 35s | Reason: NORMAL
[2026-07-24 21:31:44] [INFO] [TrafficSystem.FairnessManager]: [Fairness Updated] Green: 'West' (Reset to 0). Waiting cycles: {'North': 3, 'South': 2, 'East': 1, 'West': 0}
[2026-07-24 21:31:44] [INFO] [TrafficSystem.SignalController]: [ESP32 Hardware Command #228] GREEN -> 'West' (35s) | Reason: NORMAL
[2026-07-24 21:31:45] [INFO] [TrafficSystem.PriorityCalculator]: [Rank #1] Lane: North  | PCE: 0.00  | Queue: 0.00  | Congestion: 0.00  | Total: 0.00
[2026-07-24 21:31:45] [INFO] [TrafficSystem.PriorityCalculator]: [Rank #2] Lane: South  | PCE: 0.00  | Queue: 0.00  | Congestion: 0.00  | Total: 0.00
[2026-07-24 21:31:45] [INFO] [TrafficSystem.PriorityCalculator]: [Rank #3] Lane: East   | PCE: 0.00  | Queue: 0.00  | Congestion: 0.00  | Total: 0.00
[2026-07-24 21:31:45] [INFO] [TrafficSystem.PriorityCalculator]: [Rank #4] Lane: West   | PCE: 0.00  | Queue: 0.00  | Congestion: 0.00  | Total: 0.00
[2026-07-24 21:31:45] [INFO] [TrafficSystem.FairnessManager]: [Fairness] Lane: North  | Base Score: 0.00 | Wait Cycles: 3 | Bonus: +15.00 | Adjusted: 15.00
[2026-07-24 21:31:45] [INFO] [TrafficSystem.FairnessManager]: [Fairness] Lane: South  | Base Score: 0.00 | Wait Cycles: 2 | Bonus: +10.00 | Adjusted: 10.00
[2026-07-24 21:31:45] [INFO] [TrafficSystem.FairnessManager]: [Fairness] Lane: East   | Base Score: 0.00 | Wait Cycles: 1 | Bonus: +5.00 | Adjusted: 5.00
[2026-07-24 21:31:45] [INFO] [TrafficSystem.SignalScheduler]: [Scheduler] Winner: North  | Score: 15.00 | Green: 35s | Reason: NORMAL
[2026-07-24 21:31:45] [INFO] [TrafficSystem.FairnessManager]: [Fairness Updated] Green: 'North' (Reset to 0). Waiting cycles: {'North': 0, 'South': 3, 'East': 2, 'West': 1}
[2026-07-24 21:31:45] [INFO] [TrafficSystem.SignalController]: [ESP32 Hardware Command #229] GREEN -> 'North' (35s) | Reason: NORMAL
[2026-07-24 21:31:45] [INFO] [TrafficSystem.PriorityCalculator]: [Rank #1] Lane: North  | PCE: 0.00  | Queue: 0.00  | Congestion: 0.00  | Total: 0.00
[2026-07-24 21:31:45] [INFO] [TrafficSystem.PriorityCalculator]: [Rank #2] Lane: South  | PCE: 0.00  | Queue: 0.00  | Congestion: 0.00  | Total: 0.00
[2026-07-24 21:31:45] [INFO] [TrafficSystem.PriorityCalculator]: [Rank #3] Lane: East   | PCE: 0.00  | Queue: 0.00  | Congestion: 0.00  | Total: 0.00
[2026-07-24 21:31:45] [INFO] [TrafficSystem.PriorityCalculator]: [Rank #4] Lane: West   | PCE: 0.00  | Queue: 0.00  | Congestion: 0.00  | Total: 0.00
[2026-07-24 21:31:45] [INFO] [TrafficSystem.FairnessManager]: [Fairness] Lane: South  | Base Score: 0.00 | Wait Cycles: 3 | Bonus: +15.00 | Adjusted: 15.00
[2026-07-24 21:31:45] [INFO] [TrafficSystem.FairnessManager]: [Fairness] Lane: East   | Base Score: 0.00 | Wait Cycles: 2 | Bonus: +10.00 | Adjusted: 10.00
[2026-07-24 21:31:45] [INFO] [TrafficSystem.FairnessManager]: [Fairness] Lane: West   | Base Score: 0.00 | Wait Cycles: 1 | Bonus: +5.00 | Adjusted: 5.00
[2026-07-24 21:31:45] [INFO] [TrafficSystem.SignalScheduler]: [Scheduler] Winner: South  | Score: 15.00 | Green: 35s | Reason: NORMAL
[2026-07-24 21:31:45] [INFO] [TrafficSystem.FairnessManager]: [Fairness Updated] Green: 'South' (Reset to 0). Waiting cycles: {'North': 1, 'South': 0, 'East': 3, 'West': 2}
[2026-07-24 21:31:45] [INFO] [TrafficSystem.SignalController]: [ESP32 Hardware Command #230] GREEN -> 'South' (35s) | Reason: NORMAL
[2026-07-24 21:31:46] [INFO] [TrafficSystem.PriorityCalculator]: [Rank #1] Lane: North  | PCE: 0.00  | Queue: 0.00  | Congestion: 0.00  | Total: 0.00
[2026-07-24 21:31:46] [INFO] [TrafficSystem.PriorityCalculator]: [Rank #2] Lane: South  | PCE: 0.00  | Queue: 0.00  | Congestion: 0.00  | Total: 0.00
[2026-07-24 21:31:46] [INFO] [TrafficSystem.PriorityCalculator]: [Rank #3] Lane: East   | PCE: 0.00  | Queue: 0.00  | Congestion: 0.00  | Total: 0.00
[2026-07-24 21:31:46] [INFO] [TrafficSystem.PriorityCalculator]: [Rank #4] Lane: West   | PCE: 0.00  | Queue: 0.00  | Congestion: 0.00  | Total: 0.00
[2026-07-24 21:31:46] [INFO] [TrafficSystem.FairnessManager]: [Fairness] Lane: East   | Base Score: 0.00 | Wait Cycles: 3 | Bonus: +15.00 | Adjusted: 15.00
[2026-07-24 21:31:46] [INFO] [TrafficSystem.FairnessManager]: [Fairness] Lane: West   | Base Score: 0.00 | Wait Cycles: 2 | Bonus: +10.00 | Adjusted: 10.00
[2026-07-24 21:31:46] [INFO] [TrafficSystem.FairnessManager]: [Fairness] Lane: North  | Base Score: 0.00 | Wait Cycles: 1 | Bonus: +5.00 | Adjusted: 5.00
[2026-07-24 21:31:46] [INFO] [TrafficSystem.SignalScheduler]: [Scheduler] Winner: East   | Score: 15.00 | Green: 35s | Reason: NORMAL
[2026-07-24 21:31:46] [INFO] [TrafficSystem.FairnessManager]: [Fairness Updated] Green: 'East' (Reset to 0). Waiting cycles: {'North': 2, 'South': 1, 'East': 0, 'West': 3}
[2026-07-24 21:31:46] [INFO] [TrafficSystem.SignalController]: [ESP32 Hardware Command #231] GREEN -> 'East' (35s) | Reason: NORMAL
[2026-07-24 21:31:46] [INFO] [TrafficSystem.PriorityCalculator]: [Rank #1] Lane: North  | PCE: 0.00  | Queue: 0.00  | Congestion: 0.00  | Total: 0.00
[2026-07-24 21:31:46] [INFO] [TrafficSystem.PriorityCalculator]: [Rank #2] Lane: South  | PCE: 0.00  | Queue: 0.00  | Congestion: 0.00  | Total: 0.00
[2026-07-24 21:31:46] [INFO] [TrafficSystem.PriorityCalculator]: [Rank #3] Lane: East   | PCE: 0.00  | Queue: 0.00  | Congestion: 0.00  | Total: 0.00
[2026-07-24 21:31:46] [INFO] [TrafficSystem.PriorityCalculator]: [Rank #4] Lane: West   | PCE: 0.00  | Queue: 0.00  | Congestion: 0.00  | Total: 0.00
[2026-07-24 21:31:46] [INFO] [TrafficSystem.FairnessManager]: [Fairness] Lane: West   | Base Score: 0.00 | Wait Cycles: 3 | Bonus: +15.00 | Adjusted: 15.00
[2026-07-24 21:31:46] [INFO] [TrafficSystem.FairnessManager]: [Fairness] Lane: North  | Base Score: 0.00 | Wait Cycles: 2 | Bonus: +10.00 | Adjusted: 10.00
[2026-07-24 21:31:46] [INFO] [TrafficSystem.FairnessManager]: [Fairness] Lane: South  | Base Score: 0.00 | Wait Cycles: 1 | Bonus: +5.00 | Adjusted: 5.00
[2026-07-24 21:31:46] [INFO] [TrafficSystem.SignalScheduler]: [Scheduler] Winner: West   | Score: 15.00 | Green: 35s | Reason: NORMAL
[2026-07-24 21:31:46] [INFO] [TrafficSystem.FairnessManager]: [Fairness Updated] Green: 'West' (Reset to 0). Waiting cycles: {'North': 3, 'South': 2, 'East': 1, 'West': 0}
[2026-07-24 21:31:46] [INFO] [TrafficSystem.SignalController]: [ESP32 Hardware Command #232] GREEN -> 'West' (35s) | Reason: NORMAL
[2026-07-24 21:31:47] [INFO] [TrafficSystem.PriorityCalculator]: [Rank #1] Lane: North  | PCE: 0.00  | Queue: 0.00  | Congestion: 0.00  | Total: 0.00
[2026-07-24 21:31:47] [INFO] [TrafficSystem.PriorityCalculator]: [Rank #2] Lane: South  | PCE: 0.00  | Queue: 0.00  | Congestion: 0.00  | Total: 0.00
[2026-07-24 21:31:47] [INFO] [TrafficSystem.PriorityCalculator]: [Rank #3] Lane: East   | PCE: 0.00  | Queue: 0.00  | Congestion: 0.00  | Total: 0.00
[2026-07-24 21:31:47] [INFO] [TrafficSystem.PriorityCalculator]: [Rank #4] Lane: West   | PCE: 0.00  | Queue: 0.00  | Congestion: 0.00  | Total: 0.00
[2026-07-24 21:31:47] [INFO] [TrafficSystem.FairnessManager]: [Fairness] Lane: North  | Base Score: 0.00 | Wait Cycles: 3 | Bonus: +15.00 | Adjusted: 15.00
[2026-07-24 21:31:47] [INFO] [TrafficSystem.FairnessManager]: [Fairness] Lane: South  | Base Score: 0.00 | Wait Cycles: 2 | Bonus: +10.00 | Adjusted: 10.00
[2026-07-24 21:31:47] [INFO] [TrafficSystem.FairnessManager]: [Fairness] Lane: East   | Base Score: 0.00 | Wait Cycles: 1 | Bonus: +5.00 | Adjusted: 5.00
[2026-07-24 21:31:47] [INFO] [TrafficSystem.SignalScheduler]: [Scheduler] Winner: North  | Score: 15.00 | Green: 35s | Reason: NORMAL
[2026-07-24 21:31:47] [INFO] [TrafficSystem.FairnessManager]: [Fairness Updated] Green: 'North' (Reset to 0). Waiting cycles: {'North': 0, 'South': 3, 'East': 2, 'West': 1}
[2026-07-24 21:31:47] [INFO] [TrafficSystem.SignalController]: [ESP32 Hardware Command #233] GREEN -> 'North' (35s) | Reason: NORMAL
[2026-07-24 21:31:47] [INFO] [TrafficSystem.PriorityCalculator]: [Rank #1] Lane: North  | PCE: 0.00  | Queue: 0.00  | Congestion: 0.00  | Total: 0.00
[2026-07-24 21:31:47] [INFO] [TrafficSystem.PriorityCalculator]: [Rank #2] Lane: South  | PCE: 0.00  | Queue: 0.00  | Congestion: 0.00  | Total: 0.00
[2026-07-24 21:31:47] [INFO] [TrafficSystem.PriorityCalculator]: [Rank #3] Lane: East   | PCE: 0.00  | Queue: 0.00  | Congestion: 0.00  | Total: 0.00
[2026-07-24 21:31:47] [INFO] [TrafficSystem.PriorityCalculator]: [Rank #4] Lane: West   | PCE: 0.00  | Queue: 0.00  | Congestion: 0.00  | Total: 0.00
[2026-07-24 21:31:47] [INFO] [TrafficSystem.FairnessManager]: [Fairness] Lane: South  | Base Score: 0.00 | Wait Cycles: 3 | Bonus: +15.00 | Adjusted: 15.00
[2026-07-24 21:31:47] [INFO] [TrafficSystem.FairnessManager]: [Fairness] Lane: East   | Base Score: 0.00 | Wait Cycles: 2 | Bonus: +10.00 | Adjusted: 10.00
[2026-07-24 21:31:47] [INFO] [TrafficSystem.FairnessManager]: [Fairness] Lane: West   | Base Score: 0.00 | Wait Cycles: 1 | Bonus: +5.00 | Adjusted: 5.00
[2026-07-24 21:31:47] [INFO] [TrafficSystem.SignalScheduler]: [Scheduler] Winner: South  | Score: 15.00 | Green: 35s | Reason: NORMAL
[2026-07-24 21:31:47] [INFO] [TrafficSystem.FairnessManager]: [Fairness Updated] Green: 'South' (Reset to 0). Waiting cycles: {'North': 1, 'South': 0, 'East': 3, 'West': 2}
[2026-07-24 21:31:47] [INFO] [TrafficSystem.SignalController]: [ESP32 Hardware Command #234] GREEN -> 'South' (35s) | Reason: NORMAL
[2026-07-24 21:31:48] [INFO] [TrafficSystem.PriorityCalculator]: [Rank #1] Lane: North  | PCE: 0.00  | Queue: 0.00  | Congestion: 0.00  | Total: 0.00
[2026-07-24 21:31:48] [INFO] [TrafficSystem.PriorityCalculator]: [Rank #2] Lane: South  | PCE: 0.00  | Queue: 0.00  | Congestion: 0.00  | Total: 0.00
[2026-07-24 21:31:48] [INFO] [TrafficSystem.PriorityCalculator]: [Rank #3] Lane: East   | PCE: 0.00  | Queue: 0.00  | Congestion: 0.00  | Total: 0.00
[2026-07-24 21:31:48] [INFO] [TrafficSystem.PriorityCalculator]: [Rank #4] Lane: West   | PCE: 0.00  | Queue: 0.00  | Congestion: 0.00  | Total: 0.00
[2026-07-24 21:31:48] [INFO] [TrafficSystem.FairnessManager]: [Fairness] Lane: East   | Base Score: 0.00 | Wait Cycles: 3 | Bonus: +15.00 | Adjusted: 15.00
[2026-07-24 21:31:48] [INFO] [TrafficSystem.FairnessManager]: [Fairness] Lane: West   | Base Score: 0.00 | Wait Cycles: 2 | Bonus: +10.00 | Adjusted: 10.00
[2026-07-24 21:31:48] [INFO] [TrafficSystem.FairnessManager]: [Fairness] Lane: North  | Base Score: 0.00 | Wait Cycles: 1 | Bonus: +5.00 | Adjusted: 5.00
[2026-07-24 21:31:48] [INFO] [TrafficSystem.SignalScheduler]: [Scheduler] Winner: East   | Score: 15.00 | Green: 35s | Reason: NORMAL
[2026-07-24 21:31:48] [INFO] [TrafficSystem.FairnessManager]: [Fairness Updated] Green: 'East' (Reset to 0). Waiting cycles: {'North': 2, 'South': 1, 'East': 0, 'West': 3}
[2026-07-24 21:31:48] [INFO] [TrafficSystem.SignalController]: [ESP32 Hardware Command #235] GREEN -> 'East' (35s) | Reason: NORMAL
[2026-07-24 21:31:48] [INFO] [TrafficSystem.PriorityCalculator]: [Rank #1] Lane: North  | PCE: 0.00  | Queue: 0.00  | Congestion: 0.00  | Total: 0.00
[2026-07-24 21:31:48] [INFO] [TrafficSystem.PriorityCalculator]: [Rank #2] Lane: South  | PCE: 0.00  | Queue: 0.00  | Congestion: 0.00  | Total: 0.00
[2026-07-24 21:31:48] [INFO] [TrafficSystem.PriorityCalculator]: [Rank #3] Lane: East   | PCE: 0.00  | Queue: 0.00  | Congestion: 0.00  | Total: 0.00
[2026-07-24 21:31:48] [INFO] [TrafficSystem.PriorityCalculator]: [Rank #4] Lane: West   | PCE: 0.00  | Queue: 0.00  | Congestion: 0.00  | Total: 0.00
[2026-07-24 21:31:48] [INFO] [TrafficSystem.FairnessManager]: [Fairness] Lane: West   | Base Score: 0.00 | Wait Cycles: 3 | Bonus: +15.00 | Adjusted: 15.00
[2026-07-24 21:31:48] [INFO] [TrafficSystem.FairnessManager]: [Fairness] Lane: North  | Base Score: 0.00 | Wait Cycles: 2 | Bonus: +10.00 | Adjusted: 10.00
[2026-07-24 21:31:48] [INFO] [TrafficSystem.FairnessManager]: [Fairness] Lane: South  | Base Score: 0.00 | Wait Cycles: 1 | Bonus: +5.00 | Adjusted: 5.00
[2026-07-24 21:31:48] [INFO] [TrafficSystem.SignalScheduler]: [Scheduler] Winner: West   | Score: 15.00 | Green: 35s | Reason: NORMAL
[2026-07-24 21:31:48] [INFO] [TrafficSystem.FairnessManager]: [Fairness Updated] Green: 'West' (Reset to 0). Waiting cycles: {'North': 3, 'South': 2, 'East': 1, 'West': 0}
[2026-07-24 21:31:48] [INFO] [TrafficSystem.SignalController]: [ESP32 Hardware Command #236] GREEN -> 'West' (35s) | Reason: NORMAL
[2026-07-24 21:31:49] [INFO] [TrafficSystem.PriorityCalculator]: [Rank #1] Lane: North  | PCE: 0.00  | Queue: 0.00  | Congestion: 0.00  | Total: 0.00
[2026-07-24 21:31:49] [INFO] [TrafficSystem.PriorityCalculator]: [Rank #2] Lane: South  | PCE: 0.00  | Queue: 0.00  | Congestion: 0.00  | Total: 0.00
[2026-07-24 21:31:49] [INFO] [TrafficSystem.PriorityCalculator]: [Rank #3] Lane: East   | PCE: 0.00  | Queue: 0.00  | Congestion: 0.00  | Total: 0.00
[2026-07-24 21:31:49] [INFO] [TrafficSystem.PriorityCalculator]: [Rank #4] Lane: West   | PCE: 0.00  | Queue: 0.00  | Congestion: 0.00  | Total: 0.00
[2026-07-24 21:31:49] [INFO] [TrafficSystem.FairnessManager]: [Fairness] Lane: North  | Base Score: 0.00 | Wait Cycles: 3 | Bonus: +15.00 | Adjusted: 15.00
[2026-07-24 21:31:49] [INFO] [TrafficSystem.FairnessManager]: [Fairness] Lane: South  | Base Score: 0.00 | Wait Cycles: 2 | Bonus: +10.00 | Adjusted: 10.00
[2026-07-24 21:31:49] [INFO] [TrafficSystem.FairnessManager]: [Fairness] Lane: East   | Base Score: 0.00 | Wait Cycles: 1 | Bonus: +5.00 | Adjusted: 5.00
[2026-07-24 21:31:49] [INFO] [TrafficSystem.SignalScheduler]: [Scheduler] Winner: North  | Score: 15.00 | Green: 35s | Reason: NORMAL
[2026-07-24 21:31:49] [INFO] [TrafficSystem.FairnessManager]: [Fairness Updated] Green: 'North' (Reset to 0). Waiting cycles: {'North': 0, 'South': 3, 'East': 2, 'West': 1}
[2026-07-24 21:31:49] [INFO] [TrafficSystem.SignalController]: [ESP32 Hardware Command #237] GREEN -> 'North' (35s) | Reason: NORMAL
[2026-07-24 21:31:49] [INFO] [TrafficSystem.PriorityCalculator]: [Rank #1] Lane: North  | PCE: 0.00  | Queue: 0.00  | Congestion: 0.00  | Total: 0.00
[2026-07-24 21:31:49] [INFO] [TrafficSystem.PriorityCalculator]: [Rank #2] Lane: South  | PCE: 0.00  | Queue: 0.00  | Congestion: 0.00  | Total: 0.00
[2026-07-24 21:31:49] [INFO] [TrafficSystem.PriorityCalculator]: [Rank #3] Lane: East   | PCE: 0.00  | Queue: 0.00  | Congestion: 0.00  | Total: 0.00
[2026-07-24 21:31:49] [INFO] [TrafficSystem.PriorityCalculator]: [Rank #4] Lane: West   | PCE: 0.00  | Queue: 0.00  | Congestion: 0.00  | Total: 0.00
[2026-07-24 21:31:49] [INFO] [TrafficSystem.FairnessManager]: [Fairness] Lane: South  | Base Score: 0.00 | Wait Cycles: 3 | Bonus: +15.00 | Adjusted: 15.00
[2026-07-24 21:31:49] [INFO] [TrafficSystem.FairnessManager]: [Fairness] Lane: East   | Base Score: 0.00 | Wait Cycles: 2 | Bonus: +10.00 | Adjusted: 10.00
[2026-07-24 21:31:49] [INFO] [TrafficSystem.FairnessManager]: [Fairness] Lane: West   | Base Score: 0.00 | Wait Cycles: 1 | Bonus: +5.00 | Adjusted: 5.00
[2026-07-24 21:31:49] [INFO] [TrafficSystem.SignalScheduler]: [Scheduler] Winner: South  | Score: 15.00 | Green: 35s | Reason: NORMAL
[2026-07-24 21:31:49] [INFO] [TrafficSystem.FairnessManager]: [Fairness Updated] Green: 'South' (Reset to 0). Waiting cycles: {'North': 1, 'South': 0, 'East': 3, 'West': 2}
[2026-07-24 21:31:49] [INFO] [TrafficSystem.SignalController]: [ESP32 Hardware Command #238] GREEN -> 'South' (35s) | Reason: NORMAL
[2026-07-24 21:31:50] [INFO] [TrafficSystem.PriorityCalculator]: [Rank #1] Lane: North  | PCE: 0.00  | Queue: 0.00  | Congestion: 0.00  | Total: 0.00
[2026-07-24 21:31:50] [INFO] [TrafficSystem.PriorityCalculator]: [Rank #2] Lane: South  | PCE: 0.00  | Queue: 0.00  | Congestion: 0.00  | Total: 0.00
[2026-07-24 21:31:50] [INFO] [TrafficSystem.PriorityCalculator]: [Rank #3] Lane: East   | PCE: 0.00  | Queue: 0.00  | Congestion: 0.00  | Total: 0.00
[2026-07-24 21:31:50] [INFO] [TrafficSystem.PriorityCalculator]: [Rank #4] Lane: West   | PCE: 0.00  | Queue: 0.00  | Congestion: 0.00  | Total: 0.00
[2026-07-24 21:31:50] [INFO] [TrafficSystem.FairnessManager]: [Fairness] Lane: East   | Base Score: 0.00 | Wait Cycles: 3 | Bonus: +15.00 | Adjusted: 15.00
[2026-07-24 21:31:50] [INFO] [TrafficSystem.FairnessManager]: [Fairness] Lane: West   | Base Score: 0.00 | Wait Cycles: 2 | Bonus: +10.00 | Adjusted: 10.00
[2026-07-24 21:31:50] [INFO] [TrafficSystem.FairnessManager]: [Fairness] Lane: North  | Base Score: 0.00 | Wait Cycles: 1 | Bonus: +5.00 | Adjusted: 5.00
[2026-07-24 21:31:50] [INFO] [TrafficSystem.SignalScheduler]: [Scheduler] Winner: East   | Score: 15.00 | Green: 35s | Reason: NORMAL
[2026-07-24 21:31:50] [INFO] [TrafficSystem.FairnessManager]: [Fairness Updated] Green: 'East' (Reset to 0). Waiting cycles: {'North': 2, 'South': 1, 'East': 0, 'West': 3}
[2026-07-24 21:31:50] [INFO] [TrafficSystem.SignalController]: [ESP32 Hardware Command #239] GREEN -> 'East' (35s) | Reason: NORMAL
[2026-07-24 21:31:50] [INFO] [TrafficSystem.PriorityCalculator]: [Rank #1] Lane: North  | PCE: 0.00  | Queue: 0.00  | Congestion: 0.00  | Total: 0.00
[2026-07-24 21:31:50] [INFO] [TrafficSystem.PriorityCalculator]: [Rank #2] Lane: South  | PCE: 0.00  | Queue: 0.00  | Congestion: 0.00  | Total: 0.00
[2026-07-24 21:31:50] [INFO] [TrafficSystem.PriorityCalculator]: [Rank #3] Lane: East   | PCE: 0.00  | Queue: 0.00  | Congestion: 0.00  | Total: 0.00
[2026-07-24 21:31:50] [INFO] [TrafficSystem.PriorityCalculator]: [Rank #4] Lane: West   | PCE: 0.00  | Queue: 0.00  | Congestion: 0.00  | Total: 0.00
[2026-07-24 21:31:50] [INFO] [TrafficSystem.FairnessManager]: [Fairness] Lane: West   | Base Score: 0.00 | Wait Cycles: 3 | Bonus: +15.00 | Adjusted: 15.00
[2026-07-24 21:31:50] [INFO] [TrafficSystem.FairnessManager]: [Fairness] Lane: North  | Base Score: 0.00 | Wait Cycles: 2 | Bonus: +10.00 | Adjusted: 10.00
[2026-07-24 21:31:50] [INFO] [TrafficSystem.FairnessManager]: [Fairness] Lane: South  | Base Score: 0.00 | Wait Cycles: 1 | Bonus: +5.00 | Adjusted: 5.00
[2026-07-24 21:31:50] [INFO] [TrafficSystem.SignalScheduler]: [Scheduler] Winner: West   | Score: 15.00 | Green: 35s | Reason: NORMAL
[2026-07-24 21:31:50] [INFO] [TrafficSystem.FairnessManager]: [Fairness Updated] Green: 'West' (Reset to 0). Waiting cycles: {'North': 3, 'South': 2, 'East': 1, 'West': 0}
[2026-07-24 21:31:50] [INFO] [TrafficSystem.SignalController]: [ESP32 Hardware Command #240] GREEN -> 'West' (35s) | Reason: NORMAL
[2026-07-24 21:31:51] [INFO] [TrafficSystem.PriorityCalculator]: [Rank #1] Lane: North  | PCE: 0.00  | Queue: 0.00  | Congestion: 0.00  | Total: 0.00
[2026-07-24 21:31:51] [INFO] [TrafficSystem.PriorityCalculator]: [Rank #2] Lane: South  | PCE: 0.00  | Queue: 0.00  | Congestion: 0.00  | Total: 0.00
[2026-07-24 21:31:51] [INFO] [TrafficSystem.PriorityCalculator]: [Rank #3] Lane: East   | PCE: 0.00  | Queue: 0.00  | Congestion: 0.00  | Total: 0.00
[2026-07-24 21:31:51] [INFO] [TrafficSystem.PriorityCalculator]: [Rank #4] Lane: West   | PCE: 0.00  | Queue: 0.00  | Congestion: 0.00  | Total: 0.00
[2026-07-24 21:31:51] [INFO] [TrafficSystem.FairnessManager]: [Fairness] Lane: North  | Base Score: 0.00 | Wait Cycles: 3 | Bonus: +15.00 | Adjusted: 15.00
[2026-07-24 21:31:51] [INFO] [TrafficSystem.FairnessManager]: [Fairness] Lane: South  | Base Score: 0.00 | Wait Cycles: 2 | Bonus: +10.00 | Adjusted: 10.00
[2026-07-24 21:31:51] [INFO] [TrafficSystem.FairnessManager]: [Fairness] Lane: East   | Base Score: 0.00 | Wait Cycles: 1 | Bonus: +5.00 | Adjusted: 5.00
[2026-07-24 21:31:51] [INFO] [TrafficSystem.SignalScheduler]: [Scheduler] Winner: North  | Score: 15.00 | Green: 35s | Reason: NORMAL
[2026-07-24 21:31:51] [INFO] [TrafficSystem.FairnessManager]: [Fairness Updated] Green: 'North' (Reset to 0). Waiting cycles: {'North': 0, 'South': 3, 'East': 2, 'West': 1}
[2026-07-24 21:31:51] [INFO] [TrafficSystem.SignalController]: [ESP32 Hardware Command #241] GREEN -> 'North' (35s) | Reason: NORMAL
[2026-07-24 21:31:51] [INFO] [TrafficSystem.PriorityCalculator]: [Rank #1] Lane: North  | PCE: 0.00  | Queue: 0.00  | Congestion: 0.00  | Total: 0.00
[2026-07-24 21:31:51] [INFO] [TrafficSystem.PriorityCalculator]: [Rank #2] Lane: South  | PCE: 0.00  | Queue: 0.00  | Congestion: 0.00  | Total: 0.00
[2026-07-24 21:31:51] [INFO] [TrafficSystem.PriorityCalculator]: [Rank #3] Lane: East   | PCE: 0.00  | Queue: 0.00  | Congestion: 0.00  | Total: 0.00
[2026-07-24 21:31:51] [INFO] [TrafficSystem.PriorityCalculator]: [Rank #4] Lane: West   | PCE: 0.00  | Queue: 0.00  | Congestion: 0.00  | Total: 0.00
[2026-07-24 21:31:51] [INFO] [TrafficSystem.FairnessManager]: [Fairness] Lane: South  | Base Score: 0.00 | Wait Cycles: 3 | Bonus: +15.00 | Adjusted: 15.00
[2026-07-24 21:31:51] [INFO] [TrafficSystem.FairnessManager]: [Fairness] Lane: East   | Base Score: 0.00 | Wait Cycles: 2 | Bonus: +10.00 | Adjusted: 10.00
[2026-07-24 21:31:51] [INFO] [TrafficSystem.FairnessManager]: [Fairness] Lane: West   | Base Score: 0.00 | Wait Cycles: 1 | Bonus: +5.00 | Adjusted: 5.00
[2026-07-24 21:31:51] [INFO] [TrafficSystem.SignalScheduler]: [Scheduler] Winner: South  | Score: 15.00 | Green: 35s | Reason: NORMAL
[2026-07-24 21:31:51] [INFO] [TrafficSystem.FairnessManager]: [Fairness Updated] Green: 'South' (Reset to 0). Waiting cycles: {'North': 1, 'South': 0, 'East': 3, 'West': 2}
[2026-07-24 21:31:51] [INFO] [TrafficSystem.SignalController]: [ESP32 Hardware Command #242] GREEN -> 'South' (35s) | Reason: NORMAL
[2026-07-24 21:31:51] [INFO] [TrafficSystem.PriorityCalculator]: [Rank #1] Lane: North  | PCE: 0.00  | Queue: 0.00  | Congestion: 0.00  | Total: 0.00
[2026-07-24 21:31:51] [INFO] [TrafficSystem.PriorityCalculator]: [Rank #2] Lane: South  | PCE: 0.00  | Queue: 0.00  | Congestion: 0.00  | Total: 0.00
[2026-07-24 21:31:51] [INFO] [TrafficSystem.PriorityCalculator]: [Rank #3] Lane: East   | PCE: 0.00  | Queue: 0.00  | Congestion: 0.00  | Total: 0.00
[2026-07-24 21:31:51] [INFO] [TrafficSystem.PriorityCalculator]: [Rank #4] Lane: West   | PCE: 0.00  | Queue: 0.00  | Congestion: 0.00  | Total: 0.00
[2026-07-24 21:31:51] [INFO] [TrafficSystem.FairnessManager]: [Fairness] Lane: East   | Base Score: 0.00 | Wait Cycles: 3 | Bonus: +15.00 | Adjusted: 15.00
[2026-07-24 21:31:51] [INFO] [TrafficSystem.FairnessManager]: [Fairness] Lane: West   | Base Score: 0.00 | Wait Cycles: 2 | Bonus: +10.00 | Adjusted: 10.00
[2026-07-24 21:31:51] [INFO] [TrafficSystem.FairnessManager]: [Fairness] Lane: North  | Base Score: 0.00 | Wait Cycles: 1 | Bonus: +5.00 | Adjusted: 5.00
[2026-07-24 21:31:51] [INFO] [TrafficSystem.SignalScheduler]: [Scheduler] Winner: East   | Score: 15.00 | Green: 35s | Reason: NORMAL
[2026-07-24 21:31:51] [INFO] [TrafficSystem.FairnessManager]: [Fairness Updated] Green: 'East' (Reset to 0). Waiting cycles: {'North': 2, 'South': 1, 'East': 0, 'West': 3}
[2026-07-24 21:31:51] [INFO] [TrafficSystem.SignalController]: [ESP32 Hardware Command #243] GREEN -> 'East' (35s) | Reason: NORMAL
[2026-07-24 21:31:52] [INFO] [TrafficSystem.PriorityCalculator]: [Rank #1] Lane: North  | PCE: 0.00  | Queue: 0.00  | Congestion: 0.00  | Total: 0.00
[2026-07-24 21:31:52] [INFO] [TrafficSystem.PriorityCalculator]: [Rank #2] Lane: South  | PCE: 0.00  | Queue: 0.00  | Congestion: 0.00  | Total: 0.00
[2026-07-24 21:31:52] [INFO] [TrafficSystem.PriorityCalculator]: [Rank #3] Lane: East   | PCE: 0.00  | Queue: 0.00  | Congestion: 0.00  | Total: 0.00
[2026-07-24 21:31:52] [INFO] [TrafficSystem.PriorityCalculator]: [Rank #4] Lane: West   | PCE: 0.00  | Queue: 0.00  | Congestion: 0.00  | Total: 0.00
[2026-07-24 21:31:52] [INFO] [TrafficSystem.FairnessManager]: [Fairness] Lane: West   | Base Score: 0.00 | Wait Cycles: 3 | Bonus: +15.00 | Adjusted: 15.00
[2026-07-24 21:31:52] [INFO] [TrafficSystem.FairnessManager]: [Fairness] Lane: North  | Base Score: 0.00 | Wait Cycles: 2 | Bonus: +10.00 | Adjusted: 10.00
[2026-07-24 21:31:52] [INFO] [TrafficSystem.FairnessManager]: [Fairness] Lane: South  | Base Score: 0.00 | Wait Cycles: 1 | Bonus: +5.00 | Adjusted: 5.00
[2026-07-24 21:31:52] [INFO] [TrafficSystem.SignalScheduler]: [Scheduler] Winner: West   | Score: 15.00 | Green: 35s | Reason: NORMAL
[2026-07-24 21:31:52] [INFO] [TrafficSystem.FairnessManager]: [Fairness Updated] Green: 'West' (Reset to 0). Waiting cycles: {'North': 3, 'South': 2, 'East': 1, 'West': 0}
[2026-07-24 21:31:52] [INFO] [TrafficSystem.SignalController]: [ESP32 Hardware Command #244] GREEN -> 'West' (35s) | Reason: NORMAL
[2026-07-24 21:31:52] [INFO] [TrafficSystem.PriorityCalculator]: [Rank #1] Lane: North  | PCE: 0.00  | Queue: 0.00  | Congestion: 0.00  | Total: 0.00
[2026-07-24 21:31:52] [INFO] [TrafficSystem.PriorityCalculator]: [Rank #2] Lane: South  | PCE: 0.00  | Queue: 0.00  | Congestion: 0.00  | Total: 0.00
[2026-07-24 21:31:52] [INFO] [TrafficSystem.PriorityCalculator]: [Rank #3] Lane: East   | PCE: 0.00  | Queue: 0.00  | Congestion: 0.00  | Total: 0.00
[2026-07-24 21:31:52] [INFO] [TrafficSystem.PriorityCalculator]: [Rank #4] Lane: West   | PCE: 0.00  | Queue: 0.00  | Congestion: 0.00  | Total: 0.00
[2026-07-24 21:31:52] [INFO] [TrafficSystem.FairnessManager]: [Fairness] Lane: North  | Base Score: 0.00 | Wait Cycles: 3 | Bonus: +15.00 | Adjusted: 15.00
[2026-07-24 21:31:52] [INFO] [TrafficSystem.FairnessManager]: [Fairness] Lane: South  | Base Score: 0.00 | Wait Cycles: 2 | Bonus: +10.00 | Adjusted: 10.00
[2026-07-24 21:31:52] [INFO] [TrafficSystem.FairnessManager]: [Fairness] Lane: East   | Base Score: 0.00 | Wait Cycles: 1 | Bonus: +5.00 | Adjusted: 5.00
[2026-07-24 21:31:52] [INFO] [TrafficSystem.SignalScheduler]: [Scheduler] Winner: North  | Score: 15.00 | Green: 35s | Reason: NORMAL
[2026-07-24 21:31:52] [INFO] [TrafficSystem.FairnessManager]: [Fairness Updated] Green: 'North' (Reset to 0). Waiting cycles: {'North': 0, 'South': 3, 'East': 2, 'West': 1}
[2026-07-24 21:31:52] [INFO] [TrafficSystem.SignalController]: [ESP32 Hardware Command #245] GREEN -> 'North' (35s) | Reason: NORMAL
[2026-07-24 21:31:53] [INFO] [TrafficSystem.PriorityCalculator]: [Rank #1] Lane: North  | PCE: 0.00  | Queue: 0.00  | Congestion: 0.00  | Total: 0.00
[2026-07-24 21:31:53] [INFO] [TrafficSystem.PriorityCalculator]: [Rank #2] Lane: South  | PCE: 0.00  | Queue: 0.00  | Congestion: 0.00  | Total: 0.00
[2026-07-24 21:31:53] [INFO] [TrafficSystem.PriorityCalculator]: [Rank #3] Lane: East   | PCE: 0.00  | Queue: 0.00  | Congestion: 0.00  | Total: 0.00
[2026-07-24 21:31:53] [INFO] [TrafficSystem.PriorityCalculator]: [Rank #4] Lane: West   | PCE: 0.00  | Queue: 0.00  | Congestion: 0.00  | Total: 0.00
[2026-07-24 21:31:53] [INFO] [TrafficSystem.FairnessManager]: [Fairness] Lane: South  | Base Score: 0.00 | Wait Cycles: 3 | Bonus: +15.00 | Adjusted: 15.00
[2026-07-24 21:31:53] [INFO] [TrafficSystem.FairnessManager]: [Fairness] Lane: East   | Base Score: 0.00 | Wait Cycles: 2 | Bonus: +10.00 | Adjusted: 10.00
[2026-07-24 21:31:53] [INFO] [TrafficSystem.FairnessManager]: [Fairness] Lane: West   | Base Score: 0.00 | Wait Cycles: 1 | Bonus: +5.00 | Adjusted: 5.00
[2026-07-24 21:31:53] [INFO] [TrafficSystem.SignalScheduler]: [Scheduler] Winner: South  | Score: 15.00 | Green: 35s | Reason: NORMAL
[2026-07-24 21:31:53] [INFO] [TrafficSystem.FairnessManager]: [Fairness Updated] Green: 'South' (Reset to 0). Waiting cycles: {'North': 1, 'South': 0, 'East': 3, 'West': 2}
[2026-07-24 21:31:53] [INFO] [TrafficSystem.SignalController]: [ESP32 Hardware Command #246] GREEN -> 'South' (35s) | Reason: NORMAL
[2026-07-24 21:31:53] [INFO] [TrafficSystem.PriorityCalculator]: [Rank #1] Lane: North  | PCE: 0.00  | Queue: 0.00  | Congestion: 0.00  | Total: 0.00
[2026-07-24 21:31:53] [INFO] [TrafficSystem.PriorityCalculator]: [Rank #2] Lane: South  | PCE: 0.00  | Queue: 0.00  | Congestion: 0.00  | Total: 0.00
[2026-07-24 21:31:53] [INFO] [TrafficSystem.PriorityCalculator]: [Rank #3] Lane: East   | PCE: 0.00  | Queue: 0.00  | Congestion: 0.00  | Total: 0.00
[2026-07-24 21:31:53] [INFO] [TrafficSystem.PriorityCalculator]: [Rank #4] Lane: West   | PCE: 0.00  | Queue: 0.00  | Congestion: 0.00  | Total: 0.00
[2026-07-24 21:31:53] [INFO] [TrafficSystem.FairnessManager]: [Fairness] Lane: East   | Base Score: 0.00 | Wait Cycles: 3 | Bonus: +15.00 | Adjusted: 15.00
[2026-07-24 21:31:53] [INFO] [TrafficSystem.FairnessManager]: [Fairness] Lane: West   | Base Score: 0.00 | Wait Cycles: 2 | Bonus: +10.00 | Adjusted: 10.00
[2026-07-24 21:31:53] [INFO] [TrafficSystem.FairnessManager]: [Fairness] Lane: North  | Base Score: 0.00 | Wait Cycles: 1 | Bonus: +5.00 | Adjusted: 5.00
[2026-07-24 21:31:53] [INFO] [TrafficSystem.SignalScheduler]: [Scheduler] Winner: East   | Score: 15.00 | Green: 35s | Reason: NORMAL
[2026-07-24 21:31:53] [INFO] [TrafficSystem.FairnessManager]: [Fairness Updated] Green: 'East' (Reset to 0). Waiting cycles: {'North': 2, 'South': 1, 'East': 0, 'West': 3}
[2026-07-24 21:31:53] [INFO] [TrafficSystem.SignalController]: [ESP32 Hardware Command #247] GREEN -> 'East' (35s) | Reason: NORMAL
[2026-07-24 21:31:54] [INFO] [TrafficSystem.PriorityCalculator]: [Rank #1] Lane: North  | PCE: 0.00  | Queue: 0.00  | Congestion: 0.00  | Total: 0.00
[2026-07-24 21:31:54] [INFO] [TrafficSystem.PriorityCalculator]: [Rank #2] Lane: South  | PCE: 0.00  | Queue: 0.00  | Congestion: 0.00  | Total: 0.00
[2026-07-24 21:31:54] [INFO] [TrafficSystem.PriorityCalculator]: [Rank #3] Lane: East   | PCE: 0.00  | Queue: 0.00  | Congestion: 0.00  | Total: 0.00
[2026-07-24 21:31:54] [INFO] [TrafficSystem.PriorityCalculator]: [Rank #4] Lane: West   | PCE: 0.00  | Queue: 0.00  | Congestion: 0.00  | Total: 0.00
[2026-07-24 21:31:54] [INFO] [TrafficSystem.FairnessManager]: [Fairness] Lane: West   | Base Score: 0.00 | Wait Cycles: 3 | Bonus: +15.00 | Adjusted: 15.00
[2026-07-24 21:31:54] [INFO] [TrafficSystem.FairnessManager]: [Fairness] Lane: North  | Base Score: 0.00 | Wait Cycles: 2 | Bonus: +10.00 | Adjusted: 10.00
[2026-07-24 21:31:54] [INFO] [TrafficSystem.FairnessManager]: [Fairness] Lane: South  | Base Score: 0.00 | Wait Cycles: 1 | Bonus: +5.00 | Adjusted: 5.00
[2026-07-24 21:31:54] [INFO] [TrafficSystem.SignalScheduler]: [Scheduler] Winner: West   | Score: 15.00 | Green: 35s | Reason: NORMAL
[2026-07-24 21:31:54] [INFO] [TrafficSystem.FairnessManager]: [Fairness Updated] Green: 'West' (Reset to 0). Waiting cycles: {'North': 3, 'South': 2, 'East': 1, 'West': 0}
[2026-07-24 21:31:54] [INFO] [TrafficSystem.SignalController]: [ESP32 Hardware Command #248] GREEN -> 'West' (35s) | Reason: NORMAL
[2026-07-24 21:31:54] [INFO] [TrafficSystem.PriorityCalculator]: [Rank #1] Lane: North  | PCE: 0.00  | Queue: 0.00  | Congestion: 0.00  | Total: 0.00
[2026-07-24 21:31:54] [INFO] [TrafficSystem.PriorityCalculator]: [Rank #2] Lane: South  | PCE: 0.00  | Queue: 0.00  | Congestion: 0.00  | Total: 0.00
[2026-07-24 21:31:54] [INFO] [TrafficSystem.PriorityCalculator]: [Rank #3] Lane: East   | PCE: 0.00  | Queue: 0.00  | Congestion: 0.00  | Total: 0.00
[2026-07-24 21:31:54] [INFO] [TrafficSystem.PriorityCalculator]: [Rank #4] Lane: West   | PCE: 0.00  | Queue: 0.00  | Congestion: 0.00  | Total: 0.00
[2026-07-24 21:31:54] [INFO] [TrafficSystem.FairnessManager]: [Fairness] Lane: North  | Base Score: 0.00 | Wait Cycles: 3 | Bonus: +15.00 | Adjusted: 15.00
[2026-07-24 21:31:54] [INFO] [TrafficSystem.FairnessManager]: [Fairness] Lane: South  | Base Score: 0.00 | Wait Cycles: 2 | Bonus: +10.00 | Adjusted: 10.00
[2026-07-24 21:31:54] [INFO] [TrafficSystem.FairnessManager]: [Fairness] Lane: East   | Base Score: 0.00 | Wait Cycles: 1 | Bonus: +5.00 | Adjusted: 5.00
[2026-07-24 21:31:54] [INFO] [TrafficSystem.SignalScheduler]: [Scheduler] Winner: North  | Score: 15.00 | Green: 35s | Reason: NORMAL
[2026-07-24 21:31:54] [INFO] [TrafficSystem.FairnessManager]: [Fairness Updated] Green: 'North' (Reset to 0). Waiting cycles: {'North': 0, 'South': 3, 'East': 2, 'West': 1}
[2026-07-24 21:31:54] [INFO] [TrafficSystem.SignalController]: [ESP32 Hardware Command #249] GREEN -> 'North' (35s) | Reason: NORMAL
[2026-07-24 21:31:55] [INFO] [TrafficSystem.PriorityCalculator]: [Rank #1] Lane: North  | PCE: 0.00  | Queue: 0.00  | Congestion: 0.00  | Total: 0.00
[2026-07-24 21:31:55] [INFO] [TrafficSystem.PriorityCalculator]: [Rank #2] Lane: South  | PCE: 0.00  | Queue: 0.00  | Congestion: 0.00  | Total: 0.00
[2026-07-24 21:31:55] [INFO] [TrafficSystem.PriorityCalculator]: [Rank #3] Lane: East   | PCE: 0.00  | Queue: 0.00  | Congestion: 0.00  | Total: 0.00
[2026-07-24 21:31:55] [INFO] [TrafficSystem.PriorityCalculator]: [Rank #4] Lane: West   | PCE: 0.00  | Queue: 0.00  | Congestion: 0.00  | Total: 0.00
[2026-07-24 21:31:55] [INFO] [TrafficSystem.FairnessManager]: [Fairness] Lane: South  | Base Score: 0.00 | Wait Cycles: 3 | Bonus: +15.00 | Adjusted: 15.00
[2026-07-24 21:31:55] [INFO] [TrafficSystem.FairnessManager]: [Fairness] Lane: East   | Base Score: 0.00 | Wait Cycles: 2 | Bonus: +10.00 | Adjusted: 10.00
[2026-07-24 21:31:55] [INFO] [TrafficSystem.FairnessManager]: [Fairness] Lane: West   | Base Score: 0.00 | Wait Cycles: 1 | Bonus: +5.00 | Adjusted: 5.00
[2026-07-24 21:31:55] [INFO] [TrafficSystem.SignalScheduler]: [Scheduler] Winner: South  | Score: 15.00 | Green: 35s | Reason: NORMAL
[2026-07-24 21:31:55] [INFO] [TrafficSystem.FairnessManager]: [Fairness Updated] Green: 'South' (Reset to 0). Waiting cycles: {'North': 1, 'South': 0, 'East': 3, 'West': 2}
[2026-07-24 21:31:55] [INFO] [TrafficSystem.SignalController]: [ESP32 Hardware Command #250] GREEN -> 'South' (35s) | Reason: NORMAL
[2026-07-24 21:31:55] [INFO] [TrafficSystem.PriorityCalculator]: [Rank #1] Lane: North  | PCE: 0.00  | Queue: 0.00  | Congestion: 0.00  | Total: 0.00
[2026-07-24 21:31:55] [INFO] [TrafficSystem.PriorityCalculator]: [Rank #2] Lane: South  | PCE: 0.00  | Queue: 0.00  | Congestion: 0.00  | Total: 0.00
[2026-07-24 21:31:55] [INFO] [TrafficSystem.PriorityCalculator]: [Rank #3] Lane: East   | PCE: 0.00  | Queue: 0.00  | Congestion: 0.00  | Total: 0.00
[2026-07-24 21:31:55] [INFO] [TrafficSystem.PriorityCalculator]: [Rank #4] Lane: West   | PCE: 0.00  | Queue: 0.00  | Congestion: 0.00  | Total: 0.00
[2026-07-24 21:31:55] [INFO] [TrafficSystem.FairnessManager]: [Fairness] Lane: East   | Base Score: 0.00 | Wait Cycles: 3 | Bonus: +15.00 | Adjusted: 15.00
[2026-07-24 21:31:55] [INFO] [TrafficSystem.FairnessManager]: [Fairness] Lane: West   | Base Score: 0.00 | Wait Cycles: 2 | Bonus: +10.00 | Adjusted: 10.00
[2026-07-24 21:31:55] [INFO] [TrafficSystem.FairnessManager]: [Fairness] Lane: North  | Base Score: 0.00 | Wait Cycles: 1 | Bonus: +5.00 | Adjusted: 5.00
[2026-07-24 21:31:55] [INFO] [TrafficSystem.SignalScheduler]: [Scheduler] Winner: East   | Score: 15.00 | Green: 35s | Reason: NORMAL
[2026-07-24 21:31:55] [INFO] [TrafficSystem.FairnessManager]: [Fairness Updated] Green: 'East' (Reset to 0). Waiting cycles: {'North': 2, 'South': 1, 'East': 0, 'West': 3}
[2026-07-24 21:31:55] [INFO] [TrafficSystem.SignalController]: [ESP32 Hardware Command #251] GREEN -> 'East' (35s) | Reason: NORMAL
[2026-07-24 21:31:56] [INFO] [TrafficSystem.PriorityCalculator]: [Rank #1] Lane: North  | PCE: 0.00  | Queue: 0.00  | Congestion: 0.00  | Total: 0.00
[2026-07-24 21:31:56] [INFO] [TrafficSystem.PriorityCalculator]: [Rank #2] Lane: South  | PCE: 0.00  | Queue: 0.00  | Congestion: 0.00  | Total: 0.00
[2026-07-24 21:31:56] [INFO] [TrafficSystem.PriorityCalculator]: [Rank #3] Lane: East   | PCE: 0.00  | Queue: 0.00  | Congestion: 0.00  | Total: 0.00
[2026-07-24 21:31:56] [INFO] [TrafficSystem.PriorityCalculator]: [Rank #4] Lane: West   | PCE: 0.00  | Queue: 0.00  | Congestion: 0.00  | Total: 0.00
[2026-07-24 21:31:56] [INFO] [TrafficSystem.FairnessManager]: [Fairness] Lane: West   | Base Score: 0.00 | Wait Cycles: 3 | Bonus: +15.00 | Adjusted: 15.00
[2026-07-24 21:31:56] [INFO] [TrafficSystem.FairnessManager]: [Fairness] Lane: North  | Base Score: 0.00 | Wait Cycles: 2 | Bonus: +10.00 | Adjusted: 10.00
[2026-07-24 21:31:56] [INFO] [TrafficSystem.FairnessManager]: [Fairness] Lane: South  | Base Score: 0.00 | Wait Cycles: 1 | Bonus: +5.00 | Adjusted: 5.00
[2026-07-24 21:31:56] [INFO] [TrafficSystem.SignalScheduler]: [Scheduler] Winner: West   | Score: 15.00 | Green: 35s | Reason: NORMAL
[2026-07-24 21:31:56] [INFO] [TrafficSystem.FairnessManager]: [Fairness Updated] Green: 'West' (Reset to 0). Waiting cycles: {'North': 3, 'South': 2, 'East': 1, 'West': 0}
[2026-07-24 21:31:56] [INFO] [TrafficSystem.SignalController]: [ESP32 Hardware Command #252] GREEN -> 'West' (35s) | Reason: NORMAL
[2026-07-24 21:31:56] [INFO] [TrafficSystem.PriorityCalculator]: [Rank #1] Lane: North  | PCE: 0.00  | Queue: 0.00  | Congestion: 0.00  | Total: 0.00
[2026-07-24 21:31:56] [INFO] [TrafficSystem.PriorityCalculator]: [Rank #2] Lane: South  | PCE: 0.00  | Queue: 0.00  | Congestion: 0.00  | Total: 0.00
[2026-07-24 21:31:56] [INFO] [TrafficSystem.PriorityCalculator]: [Rank #3] Lane: East   | PCE: 0.00  | Queue: 0.00  | Congestion: 0.00  | Total: 0.00
[2026-07-24 21:31:56] [INFO] [TrafficSystem.PriorityCalculator]: [Rank #4] Lane: West   | PCE: 0.00  | Queue: 0.00  | Congestion: 0.00  | Total: 0.00
[2026-07-24 21:31:56] [INFO] [TrafficSystem.FairnessManager]: [Fairness] Lane: North  | Base Score: 0.00 | Wait Cycles: 3 | Bonus: +15.00 | Adjusted: 15.00
[2026-07-24 21:31:56] [INFO] [TrafficSystem.FairnessManager]: [Fairness] Lane: South  | Base Score: 0.00 | Wait Cycles: 2 | Bonus: +10.00 | Adjusted: 10.00
[2026-07-24 21:31:56] [INFO] [TrafficSystem.FairnessManager]: [Fairness] Lane: East   | Base Score: 0.00 | Wait Cycles: 1 | Bonus: +5.00 | Adjusted: 5.00
[2026-07-24 21:31:56] [INFO] [TrafficSystem.SignalScheduler]: [Scheduler] Winner: North  | Score: 15.00 | Green: 35s | Reason: NORMAL
[2026-07-24 21:31:56] [INFO] [TrafficSystem.FairnessManager]: [Fairness Updated] Green: 'North' (Reset to 0). Waiting cycles: {'North': 0, 'South': 3, 'East': 2, 'West': 1}
[2026-07-24 21:31:56] [INFO] [TrafficSystem.SignalController]: [ESP32 Hardware Command #253] GREEN -> 'North' (35s) | Reason: NORMAL
[2026-07-24 21:31:56] [INFO] [TrafficSystem.PriorityCalculator]: [Rank #1] Lane: North  | PCE: 0.00  | Queue: 0.00  | Congestion: 0.00  | Total: 0.00
[2026-07-24 21:31:56] [INFO] [TrafficSystem.PriorityCalculator]: [Rank #2] Lane: South  | PCE: 0.00  | Queue: 0.00  | Congestion: 0.00  | Total: 0.00
[2026-07-24 21:31:56] [INFO] [TrafficSystem.PriorityCalculator]: [Rank #3] Lane: East   | PCE: 0.00  | Queue: 0.00  | Congestion: 0.00  | Total: 0.00
[2026-07-24 21:31:56] [INFO] [TrafficSystem.PriorityCalculator]: [Rank #4] Lane: West   | PCE: 0.00  | Queue: 0.00  | Congestion: 0.00  | Total: 0.00
[2026-07-24 21:31:56] [INFO] [TrafficSystem.FairnessManager]: [Fairness] Lane: South  | Base Score: 0.00 | Wait Cycles: 3 | Bonus: +15.00 | Adjusted: 15.00
[2026-07-24 21:31:57] [INFO] [TrafficSystem.FairnessManager]: [Fairness] Lane: East   | Base Score: 0.00 | Wait Cycles: 2 | Bonus: +10.00 | Adjusted: 10.00
[2026-07-24 21:31:57] [INFO] [TrafficSystem.FairnessManager]: [Fairness] Lane: West   | Base Score: 0.00 | Wait Cycles: 1 | Bonus: +5.00 | Adjusted: 5.00
[2026-07-24 21:31:57] [INFO] [TrafficSystem.SignalScheduler]: [Scheduler] Winner: South  | Score: 15.00 | Green: 35s | Reason: NORMAL
[2026-07-24 21:31:57] [INFO] [TrafficSystem.FairnessManager]: [Fairness Updated] Green: 'South' (Reset to 0). Waiting cycles: {'North': 1, 'South': 0, 'East': 3, 'West': 2}
[2026-07-24 21:31:57] [INFO] [TrafficSystem.SignalController]: [ESP32 Hardware Command #254] GREEN -> 'South' (35s) | Reason: NORMAL
[2026-07-24 21:31:57] [INFO] [TrafficSystem.PriorityCalculator]: [Rank #1] Lane: North  | PCE: 0.00  | Queue: 0.00  | Congestion: 0.00  | Total: 0.00
[2026-07-24 21:31:57] [INFO] [TrafficSystem.PriorityCalculator]: [Rank #2] Lane: South  | PCE: 0.00  | Queue: 0.00  | Congestion: 0.00  | Total: 0.00
[2026-07-24 21:31:57] [INFO] [TrafficSystem.PriorityCalculator]: [Rank #3] Lane: East   | PCE: 0.00  | Queue: 0.00  | Congestion: 0.00  | Total: 0.00
[2026-07-24 21:31:57] [INFO] [TrafficSystem.PriorityCalculator]: [Rank #4] Lane: West   | PCE: 0.00  | Queue: 0.00  | Congestion: 0.00  | Total: 0.00
[2026-07-24 21:31:57] [INFO] [TrafficSystem.FairnessManager]: [Fairness] Lane: East   | Base Score: 0.00 | Wait Cycles: 3 | Bonus: +15.00 | Adjusted: 15.00
[2026-07-24 21:31:57] [INFO] [TrafficSystem.FairnessManager]: [Fairness] Lane: West   | Base Score: 0.00 | Wait Cycles: 2 | Bonus: +10.00 | Adjusted: 10.00
[2026-07-24 21:31:57] [INFO] [TrafficSystem.FairnessManager]: [Fairness] Lane: North  | Base Score: 0.00 | Wait Cycles: 1 | Bonus: +5.00 | Adjusted: 5.00
[2026-07-24 21:31:57] [INFO] [TrafficSystem.SignalScheduler]: [Scheduler] Winner: East   | Score: 15.00 | Green: 35s | Reason: NORMAL
[2026-07-24 21:31:57] [INFO] [TrafficSystem.FairnessManager]: [Fairness Updated] Green: 'East' (Reset to 0). Waiting cycles: {'North': 2, 'South': 1, 'East': 0, 'West': 3}
[2026-07-24 21:31:57] [INFO] [TrafficSystem.SignalController]: [ESP32 Hardware Command #255] GREEN -> 'East' (35s) | Reason: NORMAL
[2026-07-24 21:31:57] [INFO] [TrafficSystem.PriorityCalculator]: [Rank #1] Lane: North  | PCE: 0.00  | Queue: 0.00  | Congestion: 0.00  | Total: 0.00
[2026-07-24 21:31:57] [INFO] [TrafficSystem.PriorityCalculator]: [Rank #2] Lane: South  | PCE: 0.00  | Queue: 0.00  | Congestion: 0.00  | Total: 0.00
[2026-07-24 21:31:57] [INFO] [TrafficSystem.PriorityCalculator]: [Rank #3] Lane: East   | PCE: 0.00  | Queue: 0.00  | Congestion: 0.00  | Total: 0.00
[2026-07-24 21:31:57] [INFO] [TrafficSystem.PriorityCalculator]: [Rank #4] Lane: West   | PCE: 0.00  | Queue: 0.00  | Congestion: 0.00  | Total: 0.00
[2026-07-24 21:31:57] [INFO] [TrafficSystem.FairnessManager]: [Fairness] Lane: West   | Base Score: 0.00 | Wait Cycles: 3 | Bonus: +15.00 | Adjusted: 15.00
[2026-07-24 21:31:57] [INFO] [TrafficSystem.FairnessManager]: [Fairness] Lane: North  | Base Score: 0.00 | Wait Cycles: 2 | Bonus: +10.00 | Adjusted: 10.00
[2026-07-24 21:31:57] [INFO] [TrafficSystem.FairnessManager]: [Fairness] Lane: South  | Base Score: 0.00 | Wait Cycles: 1 | Bonus: +5.00 | Adjusted: 5.00
[2026-07-24 21:31:57] [INFO] [TrafficSystem.SignalScheduler]: [Scheduler] Winner: West   | Score: 15.00 | Green: 35s | Reason: NORMAL
[2026-07-24 21:31:57] [INFO] [TrafficSystem.FairnessManager]: [Fairness Updated] Green: 'West' (Reset to 0). Waiting cycles: {'North': 3, 'South': 2, 'East': 1, 'West': 0}
[2026-07-24 21:31:57] [INFO] [TrafficSystem.SignalController]: [ESP32 Hardware Command #256] GREEN -> 'West' (35s) | Reason: NORMAL
[2026-07-24 21:31:58] [INFO] [TrafficSystem.PriorityCalculator]: [Rank #1] Lane: North  | PCE: 0.00  | Queue: 0.00  | Congestion: 0.00  | Total: 0.00
[2026-07-24 21:31:58] [INFO] [TrafficSystem.PriorityCalculator]: [Rank #2] Lane: South  | PCE: 0.00  | Queue: 0.00  | Congestion: 0.00  | Total: 0.00
[2026-07-24 21:31:58] [INFO] [TrafficSystem.PriorityCalculator]: [Rank #3] Lane: East   | PCE: 0.00  | Queue: 0.00  | Congestion: 0.00  | Total: 0.00
[2026-07-24 21:31:58] [INFO] [TrafficSystem.PriorityCalculator]: [Rank #4] Lane: West   | PCE: 0.00  | Queue: 0.00  | Congestion: 0.00  | Total: 0.00
[2026-07-24 21:31:58] [INFO] [TrafficSystem.FairnessManager]: [Fairness] Lane: North  | Base Score: 0.00 | Wait Cycles: 3 | Bonus: +15.00 | Adjusted: 15.00
[2026-07-24 21:31:58] [INFO] [TrafficSystem.FairnessManager]: [Fairness] Lane: South  | Base Score: 0.00 | Wait Cycles: 2 | Bonus: +10.00 | Adjusted: 10.00
[2026-07-24 21:31:58] [INFO] [TrafficSystem.FairnessManager]: [Fairness] Lane: East   | Base Score: 0.00 | Wait Cycles: 1 | Bonus: +5.00 | Adjusted: 5.00
[2026-07-24 21:31:58] [INFO] [TrafficSystem.SignalScheduler]: [Scheduler] Winner: North  | Score: 15.00 | Green: 35s | Reason: NORMAL
[2026-07-24 21:31:58] [INFO] [TrafficSystem.FairnessManager]: [Fairness Updated] Green: 'North' (Reset to 0). Waiting cycles: {'North': 0, 'South': 3, 'East': 2, 'West': 1}
[2026-07-24 21:31:58] [INFO] [TrafficSystem.SignalController]: [ESP32 Hardware Command #257] GREEN -> 'North' (35s) | Reason: NORMAL
[2026-07-24 21:31:58] [INFO] [TrafficSystem.PriorityCalculator]: [Rank #1] Lane: North  | PCE: 0.00  | Queue: 0.00  | Congestion: 0.00  | Total: 0.00
[2026-07-24 21:31:58] [INFO] [TrafficSystem.PriorityCalculator]: [Rank #2] Lane: South  | PCE: 0.00  | Queue: 0.00  | Congestion: 0.00  | Total: 0.00
[2026-07-24 21:31:58] [INFO] [TrafficSystem.PriorityCalculator]: [Rank #3] Lane: East   | PCE: 0.00  | Queue: 0.00  | Congestion: 0.00  | Total: 0.00
[2026-07-24 21:31:58] [INFO] [TrafficSystem.PriorityCalculator]: [Rank #4] Lane: West   | PCE: 0.00  | Queue: 0.00  | Congestion: 0.00  | Total: 0.00
[2026-07-24 21:31:58] [INFO] [TrafficSystem.FairnessManager]: [Fairness] Lane: South  | Base Score: 0.00 | Wait Cycles: 3 | Bonus: +15.00 | Adjusted: 15.00
[2026-07-24 21:31:58] [INFO] [TrafficSystem.FairnessManager]: [Fairness] Lane: East   | Base Score: 0.00 | Wait Cycles: 2 | Bonus: +10.00 | Adjusted: 10.00
[2026-07-24 21:31:58] [INFO] [TrafficSystem.FairnessManager]: [Fairness] Lane: West   | Base Score: 0.00 | Wait Cycles: 1 | Bonus: +5.00 | Adjusted: 5.00
[2026-07-24 21:31:58] [INFO] [TrafficSystem.SignalScheduler]: [Scheduler] Winner: South  | Score: 15.00 | Green: 35s | Reason: NORMAL
[2026-07-24 21:31:58] [INFO] [TrafficSystem.FairnessManager]: [Fairness Updated] Green: 'South' (Reset to 0). Waiting cycles: {'North': 1, 'South': 0, 'East': 3, 'West': 2}
[2026-07-24 21:31:58] [INFO] [TrafficSystem.SignalController]: [ESP32 Hardware Command #258] GREEN -> 'South' (35s) | Reason: NORMAL
[2026-07-24 21:31:59] [INFO] [TrafficSystem.PriorityCalculator]: [Rank #1] Lane: North  | PCE: 0.00  | Queue: 0.00  | Congestion: 0.00  | Total: 0.00
[2026-07-24 21:31:59] [INFO] [TrafficSystem.PriorityCalculator]: [Rank #2] Lane: South  | PCE: 0.00  | Queue: 0.00  | Congestion: 0.00  | Total: 0.00
[2026-07-24 21:31:59] [INFO] [TrafficSystem.PriorityCalculator]: [Rank #3] Lane: East   | PCE: 0.00  | Queue: 0.00  | Congestion: 0.00  | Total: 0.00
[2026-07-24 21:31:59] [INFO] [TrafficSystem.PriorityCalculator]: [Rank #4] Lane: West   | PCE: 0.00  | Queue: 0.00  | Congestion: 0.00  | Total: 0.00
[2026-07-24 21:31:59] [INFO] [TrafficSystem.FairnessManager]: [Fairness] Lane: East   | Base Score: 0.00 | Wait Cycles: 3 | Bonus: +15.00 | Adjusted: 15.00
[2026-07-24 21:31:59] [INFO] [TrafficSystem.FairnessManager]: [Fairness] Lane: West   | Base Score: 0.00 | Wait Cycles: 2 | Bonus: +10.00 | Adjusted: 10.00
[2026-07-24 21:31:59] [INFO] [TrafficSystem.FairnessManager]: [Fairness] Lane: North  | Base Score: 0.00 | Wait Cycles: 1 | Bonus: +5.00 | Adjusted: 5.00
[2026-07-24 21:31:59] [INFO] [TrafficSystem.SignalScheduler]: [Scheduler] Winner: East   | Score: 15.00 | Green: 35s | Reason: NORMAL
[2026-07-24 21:31:59] [INFO] [TrafficSystem.FairnessManager]: [Fairness Updated] Green: 'East' (Reset to 0). Waiting cycles: {'North': 2, 'South': 1, 'East': 0, 'West': 3}
[2026-07-24 21:31:59] [INFO] [TrafficSystem.SignalController]: [ESP32 Hardware Command #259] GREEN -> 'East' (35s) | Reason: NORMAL
[2026-07-24 21:31:59] [INFO] [TrafficSystem.PriorityCalculator]: [Rank #1] Lane: North  | PCE: 0.00  | Queue: 0.00  | Congestion: 0.00  | Total: 0.00
[2026-07-24 21:31:59] [INFO] [TrafficSystem.PriorityCalculator]: [Rank #2] Lane: South  | PCE: 0.00  | Queue: 0.00  | Congestion: 0.00  | Total: 0.00
[2026-07-24 21:31:59] [INFO] [TrafficSystem.PriorityCalculator]: [Rank #3] Lane: East   | PCE: 0.00  | Queue: 0.00  | Congestion: 0.00  | Total: 0.00
[2026-07-24 21:31:59] [INFO] [TrafficSystem.PriorityCalculator]: [Rank #4] Lane: West   | PCE: 0.00  | Queue: 0.00  | Congestion: 0.00  | Total: 0.00
[2026-07-24 21:31:59] [INFO] [TrafficSystem.FairnessManager]: [Fairness] Lane: West   | Base Score: 0.00 | Wait Cycles: 3 | Bonus: +15.00 | Adjusted: 15.00
[2026-07-24 21:31:59] [INFO] [TrafficSystem.FairnessManager]: [Fairness] Lane: North  | Base Score: 0.00 | Wait Cycles: 2 | Bonus: +10.00 | Adjusted: 10.00
[2026-07-24 21:31:59] [INFO] [TrafficSystem.FairnessManager]: [Fairness] Lane: South  | Base Score: 0.00 | Wait Cycles: 1 | Bonus: +5.00 | Adjusted: 5.00
[2026-07-24 21:31:59] [INFO] [TrafficSystem.SignalScheduler]: [Scheduler] Winner: West   | Score: 15.00 | Green: 35s | Reason: NORMAL
[2026-07-24 21:31:59] [INFO] [TrafficSystem.FairnessManager]: [Fairness Updated] Green: 'West' (Reset to 0). Waiting cycles: {'North': 3, 'South': 2, 'East': 1, 'West': 0}
[2026-07-24 21:31:59] [INFO] [TrafficSystem.SignalController]: [ESP32 Hardware Command #260] GREEN -> 'West' (35s) | Reason: NORMAL
[2026-07-24 21:32:00] [INFO] [TrafficSystem.PriorityCalculator]: [Rank #1] Lane: North  | PCE: 0.00  | Queue: 0.00  | Congestion: 0.00  | Total: 0.00
[2026-07-24 21:32:00] [INFO] [TrafficSystem.PriorityCalculator]: [Rank #2] Lane: South  | PCE: 0.00  | Queue: 0.00  | Congestion: 0.00  | Total: 0.00
[2026-07-24 21:32:00] [INFO] [TrafficSystem.PriorityCalculator]: [Rank #3] Lane: East   | PCE: 0.00  | Queue: 0.00  | Congestion: 0.00  | Total: 0.00
[2026-07-24 21:32:00] [INFO] [TrafficSystem.PriorityCalculator]: [Rank #4] Lane: West   | PCE: 0.00  | Queue: 0.00  | Congestion: 0.00  | Total: 0.00
[2026-07-24 21:32:00] [INFO] [TrafficSystem.FairnessManager]: [Fairness] Lane: North  | Base Score: 0.00 | Wait Cycles: 3 | Bonus: +15.00 | Adjusted: 15.00
[2026-07-24 21:32:00] [INFO] [TrafficSystem.FairnessManager]: [Fairness] Lane: South  | Base Score: 0.00 | Wait Cycles: 2 | Bonus: +10.00 | Adjusted: 10.00
[2026-07-24 21:32:00] [INFO] [TrafficSystem.FairnessManager]: [Fairness] Lane: East   | Base Score: 0.00 | Wait Cycles: 1 | Bonus: +5.00 | Adjusted: 5.00
[2026-07-24 21:32:00] [INFO] [TrafficSystem.SignalScheduler]: [Scheduler] Winner: North  | Score: 15.00 | Green: 35s | Reason: NORMAL
[2026-07-24 21:32:00] [INFO] [TrafficSystem.FairnessManager]: [Fairness Updated] Green: 'North' (Reset to 0). Waiting cycles: {'North': 0, 'South': 3, 'East': 2, 'West': 1}
[2026-07-24 21:32:00] [INFO] [TrafficSystem.SignalController]: [ESP32 Hardware Command #261] GREEN -> 'North' (35s) | Reason: NORMAL
[2026-07-24 21:32:00] [INFO] [TrafficSystem.PriorityCalculator]: [Rank #1] Lane: North  | PCE: 0.00  | Queue: 0.00  | Congestion: 0.00  | Total: 0.00
[2026-07-24 21:32:00] [INFO] [TrafficSystem.PriorityCalculator]: [Rank #2] Lane: South  | PCE: 0.00  | Queue: 0.00  | Congestion: 0.00  | Total: 0.00
[2026-07-24 21:32:00] [INFO] [TrafficSystem.PriorityCalculator]: [Rank #3] Lane: East   | PCE: 0.00  | Queue: 0.00  | Congestion: 0.00  | Total: 0.00
[2026-07-24 21:32:00] [INFO] [TrafficSystem.PriorityCalculator]: [Rank #4] Lane: West   | PCE: 0.00  | Queue: 0.00  | Congestion: 0.00  | Total: 0.00
[2026-07-24 21:32:00] [INFO] [TrafficSystem.FairnessManager]: [Fairness] Lane: South  | Base Score: 0.00 | Wait Cycles: 3 | Bonus: +15.00 | Adjusted: 15.00
[2026-07-24 21:32:00] [INFO] [TrafficSystem.FairnessManager]: [Fairness] Lane: East   | Base Score: 0.00 | Wait Cycles: 2 | Bonus: +10.00 | Adjusted: 10.00
[2026-07-24 21:32:00] [INFO] [TrafficSystem.FairnessManager]: [Fairness] Lane: West   | Base Score: 0.00 | Wait Cycles: 1 | Bonus: +5.00 | Adjusted: 5.00
[2026-07-24 21:32:00] [INFO] [TrafficSystem.SignalScheduler]: [Scheduler] Winner: South  | Score: 15.00 | Green: 35s | Reason: NORMAL
[2026-07-24 21:32:00] [INFO] [TrafficSystem.FairnessManager]: [Fairness Updated] Green: 'South' (Reset to 0). Waiting cycles: {'North': 1, 'South': 0, 'East': 3, 'West': 2}
[2026-07-24 21:32:00] [INFO] [TrafficSystem.SignalController]: [ESP32 Hardware Command #262] GREEN -> 'South' (35s) | Reason: NORMAL
[2026-07-24 21:32:01] [INFO] [TrafficSystem.PriorityCalculator]: [Rank #1] Lane: North  | PCE: 0.00  | Queue: 0.00  | Congestion: 0.00  | Total: 0.00
[2026-07-24 21:32:01] [INFO] [TrafficSystem.PriorityCalculator]: [Rank #2] Lane: South  | PCE: 0.00  | Queue: 0.00  | Congestion: 0.00  | Total: 0.00
[2026-07-24 21:32:01] [INFO] [TrafficSystem.PriorityCalculator]: [Rank #3] Lane: East   | PCE: 0.00  | Queue: 0.00  | Congestion: 0.00  | Total: 0.00
[2026-07-24 21:32:01] [INFO] [TrafficSystem.PriorityCalculator]: [Rank #4] Lane: West   | PCE: 0.00  | Queue: 0.00  | Congestion: 0.00  | Total: 0.00
[2026-07-24 21:32:01] [INFO] [TrafficSystem.FairnessManager]: [Fairness] Lane: East   | Base Score: 0.00 | Wait Cycles: 3 | Bonus: +15.00 | Adjusted: 15.00
[2026-07-24 21:32:01] [INFO] [TrafficSystem.FairnessManager]: [Fairness] Lane: West   | Base Score: 0.00 | Wait Cycles: 2 | Bonus: +10.00 | Adjusted: 10.00
[2026-07-24 21:32:01] [INFO] [TrafficSystem.FairnessManager]: [Fairness] Lane: North  | Base Score: 0.00 | Wait Cycles: 1 | Bonus: +5.00 | Adjusted: 5.00
[2026-07-24 21:32:01] [INFO] [TrafficSystem.SignalScheduler]: [Scheduler] Winner: East   | Score: 15.00 | Green: 35s | Reason: NORMAL
[2026-07-24 21:32:01] [INFO] [TrafficSystem.FairnessManager]: [Fairness Updated] Green: 'East' (Reset to 0). Waiting cycles: {'North': 2, 'South': 1, 'East': 0, 'West': 3}
[2026-07-24 21:32:01] [INFO] [TrafficSystem.SignalController]: [ESP32 Hardware Command #263] GREEN -> 'East' (35s) | Reason: NORMAL
[2026-07-24 21:32:01] [INFO] [TrafficSystem.PriorityCalculator]: [Rank #1] Lane: North  | PCE: 0.00  | Queue: 0.00  | Congestion: 0.00  | Total: 0.00
[2026-07-24 21:32:01] [INFO] [TrafficSystem.PriorityCalculator]: [Rank #2] Lane: South  | PCE: 0.00  | Queue: 0.00  | Congestion: 0.00  | Total: 0.00
[2026-07-24 21:32:01] [INFO] [TrafficSystem.PriorityCalculator]: [Rank #3] Lane: East   | PCE: 0.00  | Queue: 0.00  | Congestion: 0.00  | Total: 0.00
[2026-07-24 21:32:01] [INFO] [TrafficSystem.PriorityCalculator]: [Rank #4] Lane: West   | PCE: 0.00  | Queue: 0.00  | Congestion: 0.00  | Total: 0.00
[2026-07-24 21:32:01] [INFO] [TrafficSystem.FairnessManager]: [Fairness] Lane: West   | Base Score: 0.00 | Wait Cycles: 3 | Bonus: +15.00 | Adjusted: 15.00
[2026-07-24 21:32:01] [INFO] [TrafficSystem.FairnessManager]: [Fairness] Lane: North  | Base Score: 0.00 | Wait Cycles: 2 | Bonus: +10.00 | Adjusted: 10.00
[2026-07-24 21:32:01] [INFO] [TrafficSystem.FairnessManager]: [Fairness] Lane: South  | Base Score: 0.00 | Wait Cycles: 1 | Bonus: +5.00 | Adjusted: 5.00
[2026-07-24 21:32:01] [INFO] [TrafficSystem.SignalScheduler]: [Scheduler] Winner: West   | Score: 15.00 | Green: 35s | Reason: NORMAL
[2026-07-24 21:32:01] [INFO] [TrafficSystem.FairnessManager]: [Fairness Updated] Green: 'West' (Reset to 0). Waiting cycles: {'North': 3, 'South': 2, 'East': 1, 'West': 0}
[2026-07-24 21:32:01] [INFO] [TrafficSystem.SignalController]: [ESP32 Hardware Command #264] GREEN -> 'West' (35s) | Reason: NORMAL
[2026-07-24 21:32:02] [INFO] [TrafficSystem.PriorityCalculator]: [Rank #1] Lane: North  | PCE: 0.00  | Queue: 0.00  | Congestion: 0.00  | Total: 0.00
[2026-07-24 21:32:02] [INFO] [TrafficSystem.PriorityCalculator]: [Rank #2] Lane: South  | PCE: 0.00  | Queue: 0.00  | Congestion: 0.00  | Total: 0.00
[2026-07-24 21:32:02] [INFO] [TrafficSystem.PriorityCalculator]: [Rank #3] Lane: East   | PCE: 0.00  | Queue: 0.00  | Congestion: 0.00  | Total: 0.00
[2026-07-24 21:32:02] [INFO] [TrafficSystem.PriorityCalculator]: [Rank #4] Lane: West   | PCE: 0.00  | Queue: 0.00  | Congestion: 0.00  | Total: 0.00
[2026-07-24 21:32:02] [INFO] [TrafficSystem.FairnessManager]: [Fairness] Lane: North  | Base Score: 0.00 | Wait Cycles: 3 | Bonus: +15.00 | Adjusted: 15.00
[2026-07-24 21:32:02] [INFO] [TrafficSystem.FairnessManager]: [Fairness] Lane: South  | Base Score: 0.00 | Wait Cycles: 2 | Bonus: +10.00 | Adjusted: 10.00
[2026-07-24 21:32:02] [INFO] [TrafficSystem.FairnessManager]: [Fairness] Lane: East   | Base Score: 0.00 | Wait Cycles: 1 | Bonus: +5.00 | Adjusted: 5.00
[2026-07-24 21:32:02] [INFO] [TrafficSystem.SignalScheduler]: [Scheduler] Winner: North  | Score: 15.00 | Green: 35s | Reason: NORMAL
[2026-07-24 21:32:02] [INFO] [TrafficSystem.FairnessManager]: [Fairness Updated] Green: 'North' (Reset to 0). Waiting cycles: {'North': 0, 'South': 3, 'East': 2, 'West': 1}
[2026-07-24 21:32:02] [INFO] [TrafficSystem.SignalController]: [ESP32 Hardware Command #265] GREEN -> 'North' (35s) | Reason: NORMAL
[2026-07-24 21:32:02] [INFO] [TrafficSystem.PriorityCalculator]: [Rank #1] Lane: North  | PCE: 0.00  | Queue: 0.00  | Congestion: 0.00  | Total: 0.00
[2026-07-24 21:32:02] [INFO] [TrafficSystem.PriorityCalculator]: [Rank #2] Lane: South  | PCE: 0.00  | Queue: 0.00  | Congestion: 0.00  | Total: 0.00
[2026-07-24 21:32:02] [INFO] [TrafficSystem.PriorityCalculator]: [Rank #3] Lane: East   | PCE: 0.00  | Queue: 0.00  | Congestion: 0.00  | Total: 0.00
[2026-07-24 21:32:02] [INFO] [TrafficSystem.PriorityCalculator]: [Rank #4] Lane: West   | PCE: 0.00  | Queue: 0.00  | Congestion: 0.00  | Total: 0.00
[2026-07-24 21:32:02] [INFO] [TrafficSystem.FairnessManager]: [Fairness] Lane: South  | Base Score: 0.00 | Wait Cycles: 3 | Bonus: +15.00 | Adjusted: 15.00
[2026-07-24 21:32:02] [INFO] [TrafficSystem.FairnessManager]: [Fairness] Lane: East   | Base Score: 0.00 | Wait Cycles: 2 | Bonus: +10.00 | Adjusted: 10.00
[2026-07-24 21:32:02] [INFO] [TrafficSystem.FairnessManager]: [Fairness] Lane: West   | Base Score: 0.00 | Wait Cycles: 1 | Bonus: +5.00 | Adjusted: 5.00
[2026-07-24 21:32:02] [INFO] [TrafficSystem.SignalScheduler]: [Scheduler] Winner: South  | Score: 15.00 | Green: 35s | Reason: NORMAL
[2026-07-24 21:32:02] [INFO] [TrafficSystem.FairnessManager]: [Fairness Updated] Green: 'South' (Reset to 0). Waiting cycles: {'North': 1, 'South': 0, 'East': 3, 'West': 2}
[2026-07-24 21:32:02] [INFO] [TrafficSystem.SignalController]: [ESP32 Hardware Command #266] GREEN -> 'South' (35s) | Reason: NORMAL
[2026-07-24 21:32:02] [INFO] [TrafficSystem.PriorityCalculator]: [Rank #1] Lane: North  | PCE: 0.00  | Queue: 0.00  | Congestion: 0.00  | Total: 0.00
[2026-07-24 21:32:02] [INFO] [TrafficSystem.PriorityCalculator]: [Rank #2] Lane: South  | PCE: 0.00  | Queue: 0.00  | Congestion: 0.00  | Total: 0.00
[2026-07-24 21:32:02] [INFO] [TrafficSystem.PriorityCalculator]: [Rank #3] Lane: East   | PCE: 0.00  | Queue: 0.00  | Congestion: 0.00  | Total: 0.00
[2026-07-24 21:32:02] [INFO] [TrafficSystem.PriorityCalculator]: [Rank #4] Lane: West   | PCE: 0.00  | Queue: 0.00  | Congestion: 0.00  | Total: 0.00
[2026-07-24 21:32:02] [INFO] [TrafficSystem.FairnessManager]: [Fairness] Lane: East   | Base Score: 0.00 | Wait Cycles: 3 | Bonus: +15.00 | Adjusted: 15.00
[2026-07-24 21:32:02] [INFO] [TrafficSystem.FairnessManager]: [Fairness] Lane: West   | Base Score: 0.00 | Wait Cycles: 2 | Bonus: +10.00 | Adjusted: 10.00
[2026-07-24 21:32:02] [INFO] [TrafficSystem.FairnessManager]: [Fairness] Lane: North  | Base Score: 0.00 | Wait Cycles: 1 | Bonus: +5.00 | Adjusted: 5.00
[2026-07-24 21:32:02] [INFO] [TrafficSystem.SignalScheduler]: [Scheduler] Winner: East   | Score: 15.00 | Green: 35s | Reason: NORMAL
[2026-07-24 21:32:02] [INFO] [TrafficSystem.FairnessManager]: [Fairness Updated] Green: 'East' (Reset to 0). Waiting cycles: {'North': 2, 'South': 1, 'East': 0, 'West': 3}
[2026-07-24 21:32:02] [INFO] [TrafficSystem.SignalController]: [ESP32 Hardware Command #267] GREEN -> 'East' (35s) | Reason: NORMAL
[2026-07-24 21:32:03] [INFO] [TrafficSystem.PriorityCalculator]: [Rank #1] Lane: North  | PCE: 0.00  | Queue: 0.00  | Congestion: 0.00  | Total: 0.00
[2026-07-24 21:32:03] [INFO] [TrafficSystem.PriorityCalculator]: [Rank #2] Lane: South  | PCE: 0.00  | Queue: 0.00  | Congestion: 0.00  | Total: 0.00
[2026-07-24 21:32:03] [INFO] [TrafficSystem.PriorityCalculator]: [Rank #3] Lane: East   | PCE: 0.00  | Queue: 0.00  | Congestion: 0.00  | Total: 0.00
[2026-07-24 21:32:03] [INFO] [TrafficSystem.PriorityCalculator]: [Rank #4] Lane: West   | PCE: 0.00  | Queue: 0.00  | Congestion: 0.00  | Total: 0.00
[2026-07-24 21:32:03] [INFO] [TrafficSystem.FairnessManager]: [Fairness] Lane: West   | Base Score: 0.00 | Wait Cycles: 3 | Bonus: +15.00 | Adjusted: 15.00
[2026-07-24 21:32:03] [INFO] [TrafficSystem.FairnessManager]: [Fairness] Lane: North  | Base Score: 0.00 | Wait Cycles: 2 | Bonus: +10.00 | Adjusted: 10.00
[2026-07-24 21:32:03] [INFO] [TrafficSystem.FairnessManager]: [Fairness] Lane: South  | Base Score: 0.00 | Wait Cycles: 1 | Bonus: +5.00 | Adjusted: 5.00
[2026-07-24 21:32:03] [INFO] [TrafficSystem.SignalScheduler]: [Scheduler] Winner: West   | Score: 15.00 | Green: 35s | Reason: NORMAL
[2026-07-24 21:32:03] [INFO] [TrafficSystem.FairnessManager]: [Fairness Updated] Green: 'West' (Reset to 0). Waiting cycles: {'North': 3, 'South': 2, 'East': 1, 'West': 0}
[2026-07-24 21:32:03] [INFO] [TrafficSystem.SignalController]: [ESP32 Hardware Command #268] GREEN -> 'West' (35s) | Reason: NORMAL
[2026-07-24 21:32:03] [INFO] [TrafficSystem.PriorityCalculator]: [Rank #1] Lane: North  | PCE: 0.00  | Queue: 0.00  | Congestion: 0.00  | Total: 0.00
[2026-07-24 21:32:03] [INFO] [TrafficSystem.PriorityCalculator]: [Rank #2] Lane: South  | PCE: 0.00  | Queue: 0.00  | Congestion: 0.00  | Total: 0.00
[2026-07-24 21:32:03] [INFO] [TrafficSystem.PriorityCalculator]: [Rank #3] Lane: East   | PCE: 0.00  | Queue: 0.00  | Congestion: 0.00  | Total: 0.00
[2026-07-24 21:32:03] [INFO] [TrafficSystem.PriorityCalculator]: [Rank #4] Lane: West   | PCE: 0.00  | Queue: 0.00  | Congestion: 0.00  | Total: 0.00
[2026-07-24 21:32:03] [INFO] [TrafficSystem.FairnessManager]: [Fairness] Lane: North  | Base Score: 0.00 | Wait Cycles: 3 | Bonus: +15.00 | Adjusted: 15.00
[2026-07-24 21:32:03] [INFO] [TrafficSystem.FairnessManager]: [Fairness] Lane: South  | Base Score: 0.00 | Wait Cycles: 2 | Bonus: +10.00 | Adjusted: 10.00
[2026-07-24 21:32:03] [INFO] [TrafficSystem.FairnessManager]: [Fairness] Lane: East   | Base Score: 0.00 | Wait Cycles: 1 | Bonus: +5.00 | Adjusted: 5.00
[2026-07-24 21:32:03] [INFO] [TrafficSystem.SignalScheduler]: [Scheduler] Winner: North  | Score: 15.00 | Green: 35s | Reason: NORMAL
[2026-07-24 21:32:03] [INFO] [TrafficSystem.FairnessManager]: [Fairness Updated] Green: 'North' (Reset to 0). Waiting cycles: {'North': 0, 'South': 3, 'East': 2, 'West': 1}
[2026-07-24 21:32:03] [INFO] [TrafficSystem.SignalController]: [ESP32 Hardware Command #269] GREEN -> 'North' (35s) | Reason: NORMAL
[2026-07-24 21:32:04] [INFO] [TrafficSystem.PriorityCalculator]: [Rank #1] Lane: North  | PCE: 0.00  | Queue: 0.00  | Congestion: 0.00  | Total: 0.00
[2026-07-24 21:32:04] [INFO] [TrafficSystem.PriorityCalculator]: [Rank #2] Lane: South  | PCE: 0.00  | Queue: 0.00  | Congestion: 0.00  | Total: 0.00
[2026-07-24 21:32:04] [INFO] [TrafficSystem.PriorityCalculator]: [Rank #3] Lane: East   | PCE: 0.00  | Queue: 0.00  | Congestion: 0.00  | Total: 0.00
[2026-07-24 21:32:04] [INFO] [TrafficSystem.PriorityCalculator]: [Rank #4] Lane: West   | PCE: 0.00  | Queue: 0.00  | Congestion: 0.00  | Total: 0.00
[2026-07-24 21:32:04] [INFO] [TrafficSystem.FairnessManager]: [Fairness] Lane: South  | Base Score: 0.00 | Wait Cycles: 3 | Bonus: +15.00 | Adjusted: 15.00
[2026-07-24 21:32:04] [INFO] [TrafficSystem.FairnessManager]: [Fairness] Lane: East   | Base Score: 0.00 | Wait Cycles: 2 | Bonus: +10.00 | Adjusted: 10.00
[2026-07-24 21:32:04] [INFO] [TrafficSystem.FairnessManager]: [Fairness] Lane: West   | Base Score: 0.00 | Wait Cycles: 1 | Bonus: +5.00 | Adjusted: 5.00
[2026-07-24 21:32:04] [INFO] [TrafficSystem.SignalScheduler]: [Scheduler] Winner: South  | Score: 15.00 | Green: 35s | Reason: NORMAL
[2026-07-24 21:32:04] [INFO] [TrafficSystem.FairnessManager]: [Fairness Updated] Green: 'South' (Reset to 0). Waiting cycles: {'North': 1, 'South': 0, 'East': 3, 'West': 2}
[2026-07-24 21:32:04] [INFO] [TrafficSystem.SignalController]: [ESP32 Hardware Command #270] GREEN -> 'South' (35s) | Reason: NORMAL
[2026-07-24 21:32:04] [INFO] [TrafficSystem.PriorityCalculator]: [Rank #1] Lane: North  | PCE: 0.00  | Queue: 0.00  | Congestion: 0.00  | Total: 0.00
[2026-07-24 21:32:04] [INFO] [TrafficSystem.PriorityCalculator]: [Rank #2] Lane: South  | PCE: 0.00  | Queue: 0.00  | Congestion: 0.00  | Total: 0.00
[2026-07-24 21:32:04] [INFO] [TrafficSystem.PriorityCalculator]: [Rank #3] Lane: East   | PCE: 0.00  | Queue: 0.00  | Congestion: 0.00  | Total: 0.00
[2026-07-24 21:32:04] [INFO] [TrafficSystem.PriorityCalculator]: [Rank #4] Lane: West   | PCE: 0.00  | Queue: 0.00  | Congestion: 0.00  | Total: 0.00
[2026-07-24 21:32:04] [INFO] [TrafficSystem.FairnessManager]: [Fairness] Lane: East   | Base Score: 0.00 | Wait Cycles: 3 | Bonus: +15.00 | Adjusted: 15.00
[2026-07-24 21:32:04] [INFO] [TrafficSystem.FairnessManager]: [Fairness] Lane: West   | Base Score: 0.00 | Wait Cycles: 2 | Bonus: +10.00 | Adjusted: 10.00
[2026-07-24 21:32:04] [INFO] [TrafficSystem.FairnessManager]: [Fairness] Lane: North  | Base Score: 0.00 | Wait Cycles: 1 | Bonus: +5.00 | Adjusted: 5.00
[2026-07-24 21:32:04] [INFO] [TrafficSystem.SignalScheduler]: [Scheduler] Winner: East   | Score: 15.00 | Green: 35s | Reason: NORMAL
[2026-07-24 21:32:04] [INFO] [TrafficSystem.FairnessManager]: [Fairness Updated] Green: 'East' (Reset to 0). Waiting cycles: {'North': 2, 'South': 1, 'East': 0, 'West': 3}
[2026-07-24 21:32:04] [INFO] [TrafficSystem.SignalController]: [ESP32 Hardware Command #271] GREEN -> 'East' (35s) | Reason: NORMAL
[2026-07-24 21:32:05] [INFO] [TrafficSystem.PriorityCalculator]: [Rank #1] Lane: North  | PCE: 0.00  | Queue: 0.00  | Congestion: 0.00  | Total: 0.00
[2026-07-24 21:32:05] [INFO] [TrafficSystem.PriorityCalculator]: [Rank #2] Lane: South  | PCE: 0.00  | Queue: 0.00  | Congestion: 0.00  | Total: 0.00
[2026-07-24 21:32:05] [INFO] [TrafficSystem.PriorityCalculator]: [Rank #3] Lane: East   | PCE: 0.00  | Queue: 0.00  | Congestion: 0.00  | Total: 0.00
[2026-07-24 21:32:05] [INFO] [TrafficSystem.PriorityCalculator]: [Rank #4] Lane: West   | PCE: 0.00  | Queue: 0.00  | Congestion: 0.00  | Total: 0.00
[2026-07-24 21:32:05] [INFO] [TrafficSystem.FairnessManager]: [Fairness] Lane: West   | Base Score: 0.00 | Wait Cycles: 3 | Bonus: +15.00 | Adjusted: 15.00
[2026-07-24 21:32:05] [INFO] [TrafficSystem.FairnessManager]: [Fairness] Lane: North  | Base Score: 0.00 | Wait Cycles: 2 | Bonus: +10.00 | Adjusted: 10.00
[2026-07-24 21:32:05] [INFO] [TrafficSystem.FairnessManager]: [Fairness] Lane: South  | Base Score: 0.00 | Wait Cycles: 1 | Bonus: +5.00 | Adjusted: 5.00
[2026-07-24 21:32:05] [INFO] [TrafficSystem.SignalScheduler]: [Scheduler] Winner: West   | Score: 15.00 | Green: 35s | Reason: NORMAL
[2026-07-24 21:32:05] [INFO] [TrafficSystem.FairnessManager]: [Fairness Updated] Green: 'West' (Reset to 0). Waiting cycles: {'North': 3, 'South': 2, 'East': 1, 'West': 0}
[2026-07-24 21:32:05] [INFO] [TrafficSystem.SignalController]: [ESP32 Hardware Command #272] GREEN -> 'West' (35s) | Reason: NORMAL
[2026-07-24 21:32:05] [INFO] [TrafficSystem.PriorityCalculator]: [Rank #1] Lane: North  | PCE: 0.00  | Queue: 0.00  | Congestion: 0.00  | Total: 0.00
[2026-07-24 21:32:05] [INFO] [TrafficSystem.PriorityCalculator]: [Rank #2] Lane: South  | PCE: 0.00  | Queue: 0.00  | Congestion: 0.00  | Total: 0.00
[2026-07-24 21:32:05] [INFO] [TrafficSystem.PriorityCalculator]: [Rank #3] Lane: East   | PCE: 0.00  | Queue: 0.00  | Congestion: 0.00  | Total: 0.00
[2026-07-24 21:32:05] [INFO] [TrafficSystem.PriorityCalculator]: [Rank #4] Lane: West   | PCE: 0.00  | Queue: 0.00  | Congestion: 0.00  | Total: 0.00
[2026-07-24 21:32:05] [INFO] [TrafficSystem.FairnessManager]: [Fairness] Lane: North  | Base Score: 0.00 | Wait Cycles: 3 | Bonus: +15.00 | Adjusted: 15.00
[2026-07-24 21:32:05] [INFO] [TrafficSystem.FairnessManager]: [Fairness] Lane: South  | Base Score: 0.00 | Wait Cycles: 2 | Bonus: +10.00 | Adjusted: 10.00
[2026-07-24 21:32:05] [INFO] [TrafficSystem.FairnessManager]: [Fairness] Lane: East   | Base Score: 0.00 | Wait Cycles: 1 | Bonus: +5.00 | Adjusted: 5.00
[2026-07-24 21:32:05] [INFO] [TrafficSystem.SignalScheduler]: [Scheduler] Winner: North  | Score: 15.00 | Green: 35s | Reason: NORMAL
[2026-07-24 21:32:05] [INFO] [TrafficSystem.FairnessManager]: [Fairness Updated] Green: 'North' (Reset to 0). Waiting cycles: {'North': 0, 'South': 3, 'East': 2, 'West': 1}
[2026-07-24 21:32:05] [INFO] [TrafficSystem.SignalController]: [ESP32 Hardware Command #273] GREEN -> 'North' (35s) | Reason: NORMAL
[2026-07-24 21:32:06] [INFO] [TrafficSystem.PriorityCalculator]: [Rank #1] Lane: North  | PCE: 0.00  | Queue: 0.00  | Congestion: 0.00  | Total: 0.00
[2026-07-24 21:32:06] [INFO] [TrafficSystem.PriorityCalculator]: [Rank #2] Lane: South  | PCE: 0.00  | Queue: 0.00  | Congestion: 0.00  | Total: 0.00
[2026-07-24 21:32:06] [INFO] [TrafficSystem.PriorityCalculator]: [Rank #3] Lane: East   | PCE: 0.00  | Queue: 0.00  | Congestion: 0.00  | Total: 0.00
[2026-07-24 21:32:06] [INFO] [TrafficSystem.PriorityCalculator]: [Rank #4] Lane: West   | PCE: 0.00  | Queue: 0.00  | Congestion: 0.00  | Total: 0.00
[2026-07-24 21:32:06] [INFO] [TrafficSystem.FairnessManager]: [Fairness] Lane: South  | Base Score: 0.00 | Wait Cycles: 3 | Bonus: +15.00 | Adjusted: 15.00
[2026-07-24 21:32:06] [INFO] [TrafficSystem.FairnessManager]: [Fairness] Lane: East   | Base Score: 0.00 | Wait Cycles: 2 | Bonus: +10.00 | Adjusted: 10.00
[2026-07-24 21:32:06] [INFO] [TrafficSystem.FairnessManager]: [Fairness] Lane: West   | Base Score: 0.00 | Wait Cycles: 1 | Bonus: +5.00 | Adjusted: 5.00
[2026-07-24 21:32:06] [INFO] [TrafficSystem.SignalScheduler]: [Scheduler] Winner: South  | Score: 15.00 | Green: 35s | Reason: NORMAL
[2026-07-24 21:32:06] [INFO] [TrafficSystem.FairnessManager]: [Fairness Updated] Green: 'South' (Reset to 0). Waiting cycles: {'North': 1, 'South': 0, 'East': 3, 'West': 2}
[2026-07-24 21:32:06] [INFO] [TrafficSystem.SignalController]: [ESP32 Hardware Command #274] GREEN -> 'South' (35s) | Reason: NORMAL
[2026-07-24 21:32:06] [INFO] [TrafficSystem.PriorityCalculator]: [Rank #1] Lane: North  | PCE: 0.00  | Queue: 0.00  | Congestion: 0.00  | Total: 0.00
[2026-07-24 21:32:06] [INFO] [TrafficSystem.PriorityCalculator]: [Rank #2] Lane: South  | PCE: 0.00  | Queue: 0.00  | Congestion: 0.00  | Total: 0.00
[2026-07-24 21:32:06] [INFO] [TrafficSystem.PriorityCalculator]: [Rank #3] Lane: East   | PCE: 0.00  | Queue: 0.00  | Congestion: 0.00  | Total: 0.00
[2026-07-24 21:32:06] [INFO] [TrafficSystem.PriorityCalculator]: [Rank #4] Lane: West   | PCE: 0.00  | Queue: 0.00  | Congestion: 0.00  | Total: 0.00
[2026-07-24 21:32:06] [INFO] [TrafficSystem.FairnessManager]: [Fairness] Lane: East   | Base Score: 0.00 | Wait Cycles: 3 | Bonus: +15.00 | Adjusted: 15.00
[2026-07-24 21:32:06] [INFO] [TrafficSystem.FairnessManager]: [Fairness] Lane: West   | Base Score: 0.00 | Wait Cycles: 2 | Bonus: +10.00 | Adjusted: 10.00
[2026-07-24 21:32:06] [INFO] [TrafficSystem.FairnessManager]: [Fairness] Lane: North  | Base Score: 0.00 | Wait Cycles: 1 | Bonus: +5.00 | Adjusted: 5.00
[2026-07-24 21:32:06] [INFO] [TrafficSystem.SignalScheduler]: [Scheduler] Winner: East   | Score: 15.00 | Green: 35s | Reason: NORMAL
[2026-07-24 21:32:06] [INFO] [TrafficSystem.FairnessManager]: [Fairness Updated] Green: 'East' (Reset to 0). Waiting cycles: {'North': 2, 'South': 1, 'East': 0, 'West': 3}
[2026-07-24 21:32:06] [INFO] [TrafficSystem.SignalController]: [ESP32 Hardware Command #275] GREEN -> 'East' (35s) | Reason: NORMAL
[2026-07-24 21:32:07] [INFO] [TrafficSystem.PriorityCalculator]: [Rank #1] Lane: North  | PCE: 0.00  | Queue: 0.00  | Congestion: 0.00  | Total: 0.00
[2026-07-24 21:32:07] [INFO] [TrafficSystem.PriorityCalculator]: [Rank #2] Lane: South  | PCE: 0.00  | Queue: 0.00  | Congestion: 0.00  | Total: 0.00
[2026-07-24 21:32:07] [INFO] [TrafficSystem.PriorityCalculator]: [Rank #3] Lane: East   | PCE: 0.00  | Queue: 0.00  | Congestion: 0.00  | Total: 0.00
[2026-07-24 21:32:07] [INFO] [TrafficSystem.PriorityCalculator]: [Rank #4] Lane: West   | PCE: 0.00  | Queue: 0.00  | Congestion: 0.00  | Total: 0.00
[2026-07-24 21:32:07] [INFO] [TrafficSystem.FairnessManager]: [Fairness] Lane: West   | Base Score: 0.00 | Wait Cycles: 3 | Bonus: +15.00 | Adjusted: 15.00
[2026-07-24 21:32:07] [INFO] [TrafficSystem.FairnessManager]: [Fairness] Lane: North  | Base Score: 0.00 | Wait Cycles: 2 | Bonus: +10.00 | Adjusted: 10.00
[2026-07-24 21:32:07] [INFO] [TrafficSystem.FairnessManager]: [Fairness] Lane: South  | Base Score: 0.00 | Wait Cycles: 1 | Bonus: +5.00 | Adjusted: 5.00
[2026-07-24 21:32:07] [INFO] [TrafficSystem.SignalScheduler]: [Scheduler] Winner: West   | Score: 15.00 | Green: 35s | Reason: NORMAL
[2026-07-24 21:32:07] [INFO] [TrafficSystem.FairnessManager]: [Fairness Updated] Green: 'West' (Reset to 0). Waiting cycles: {'North': 3, 'South': 2, 'East': 1, 'West': 0}
[2026-07-24 21:32:07] [INFO] [TrafficSystem.SignalController]: [ESP32 Hardware Command #276] GREEN -> 'West' (35s) | Reason: NORMAL
[2026-07-24 21:32:07] [INFO] [TrafficSystem.PriorityCalculator]: [Rank #1] Lane: North  | PCE: 0.00  | Queue: 0.00  | Congestion: 0.00  | Total: 0.00
[2026-07-24 21:32:07] [INFO] [TrafficSystem.PriorityCalculator]: [Rank #2] Lane: South  | PCE: 0.00  | Queue: 0.00  | Congestion: 0.00  | Total: 0.00
[2026-07-24 21:32:07] [INFO] [TrafficSystem.PriorityCalculator]: [Rank #3] Lane: East   | PCE: 0.00  | Queue: 0.00  | Congestion: 0.00  | Total: 0.00
[2026-07-24 21:32:07] [INFO] [TrafficSystem.PriorityCalculator]: [Rank #4] Lane: West   | PCE: 0.00  | Queue: 0.00  | Congestion: 0.00  | Total: 0.00
[2026-07-24 21:32:07] [INFO] [TrafficSystem.FairnessManager]: [Fairness] Lane: North  | Base Score: 0.00 | Wait Cycles: 3 | Bonus: +15.00 | Adjusted: 15.00
[2026-07-24 21:32:07] [INFO] [TrafficSystem.FairnessManager]: [Fairness] Lane: South  | Base Score: 0.00 | Wait Cycles: 2 | Bonus: +10.00 | Adjusted: 10.00
[2026-07-24 21:32:07] [INFO] [TrafficSystem.FairnessManager]: [Fairness] Lane: East   | Base Score: 0.00 | Wait Cycles: 1 | Bonus: +5.00 | Adjusted: 5.00
[2026-07-24 21:32:07] [INFO] [TrafficSystem.SignalScheduler]: [Scheduler] Winner: North  | Score: 15.00 | Green: 35s | Reason: NORMAL
[2026-07-24 21:32:07] [INFO] [TrafficSystem.FairnessManager]: [Fairness Updated] Green: 'North' (Reset to 0). Waiting cycles: {'North': 0, 'South': 3, 'East': 2, 'West': 1}
[2026-07-24 21:32:07] [INFO] [TrafficSystem.SignalController]: [ESP32 Hardware Command #277] GREEN -> 'North' (35s) | Reason: NORMAL
[2026-07-24 21:32:08] [INFO] [TrafficSystem.PriorityCalculator]: [Rank #1] Lane: North  | PCE: 0.00  | Queue: 0.00  | Congestion: 0.00  | Total: 0.00
[2026-07-24 21:32:08] [INFO] [TrafficSystem.PriorityCalculator]: [Rank #2] Lane: South  | PCE: 0.00  | Queue: 0.00  | Congestion: 0.00  | Total: 0.00
[2026-07-24 21:32:08] [INFO] [TrafficSystem.PriorityCalculator]: [Rank #3] Lane: East   | PCE: 0.00  | Queue: 0.00  | Congestion: 0.00  | Total: 0.00
[2026-07-24 21:32:08] [INFO] [TrafficSystem.PriorityCalculator]: [Rank #4] Lane: West   | PCE: 0.00  | Queue: 0.00  | Congestion: 0.00  | Total: 0.00
[2026-07-24 21:32:08] [INFO] [TrafficSystem.FairnessManager]: [Fairness] Lane: South  | Base Score: 0.00 | Wait Cycles: 3 | Bonus: +15.00 | Adjusted: 15.00
[2026-07-24 21:32:08] [INFO] [TrafficSystem.FairnessManager]: [Fairness] Lane: East   | Base Score: 0.00 | Wait Cycles: 2 | Bonus: +10.00 | Adjusted: 10.00
[2026-07-24 21:32:08] [INFO] [TrafficSystem.FairnessManager]: [Fairness] Lane: West   | Base Score: 0.00 | Wait Cycles: 1 | Bonus: +5.00 | Adjusted: 5.00
[2026-07-24 21:32:08] [INFO] [TrafficSystem.SignalScheduler]: [Scheduler] Winner: South  | Score: 15.00 | Green: 35s | Reason: NORMAL
[2026-07-24 21:32:08] [INFO] [TrafficSystem.FairnessManager]: [Fairness Updated] Green: 'South' (Reset to 0). Waiting cycles: {'North': 1, 'South': 0, 'East': 3, 'West': 2}
[2026-07-24 21:32:08] [INFO] [TrafficSystem.SignalController]: [ESP32 Hardware Command #278] GREEN -> 'South' (35s) | Reason: NORMAL
[2026-07-24 21:32:08] [INFO] [TrafficSystem.PriorityCalculator]: [Rank #1] Lane: North  | PCE: 0.00  | Queue: 0.00  | Congestion: 0.00  | Total: 0.00
[2026-07-24 21:32:08] [INFO] [TrafficSystem.PriorityCalculator]: [Rank #2] Lane: South  | PCE: 0.00  | Queue: 0.00  | Congestion: 0.00  | Total: 0.00
[2026-07-24 21:32:08] [INFO] [TrafficSystem.PriorityCalculator]: [Rank #3] Lane: East   | PCE: 0.00  | Queue: 0.00  | Congestion: 0.00  | Total: 0.00
[2026-07-24 21:32:08] [INFO] [TrafficSystem.PriorityCalculator]: [Rank #4] Lane: West   | PCE: 0.00  | Queue: 0.00  | Congestion: 0.00  | Total: 0.00
[2026-07-24 21:32:08] [INFO] [TrafficSystem.FairnessManager]: [Fairness] Lane: East   | Base Score: 0.00 | Wait Cycles: 3 | Bonus: +15.00 | Adjusted: 15.00
[2026-07-24 21:32:08] [INFO] [TrafficSystem.FairnessManager]: [Fairness] Lane: West   | Base Score: 0.00 | Wait Cycles: 2 | Bonus: +10.00 | Adjusted: 10.00
[2026-07-24 21:32:08] [INFO] [TrafficSystem.FairnessManager]: [Fairness] Lane: North  | Base Score: 0.00 | Wait Cycles: 1 | Bonus: +5.00 | Adjusted: 5.00
[2026-07-24 21:32:08] [INFO] [TrafficSystem.SignalScheduler]: [Scheduler] Winner: East   | Score: 15.00 | Green: 35s | Reason: NORMAL
[2026-07-24 21:32:08] [INFO] [TrafficSystem.FairnessManager]: [Fairness Updated] Green: 'East' (Reset to 0). Waiting cycles: {'North': 2, 'South': 1, 'East': 0, 'West': 3}
[2026-07-24 21:32:08] [INFO] [TrafficSystem.SignalController]: [ESP32 Hardware Command #279] GREEN -> 'East' (35s) | Reason: NORMAL
[2026-07-24 21:32:08] [INFO] [TrafficSystem.PriorityCalculator]: [Rank #1] Lane: North  | PCE: 0.00  | Queue: 0.00  | Congestion: 0.00  | Total: 0.00
[2026-07-24 21:32:08] [INFO] [TrafficSystem.PriorityCalculator]: [Rank #2] Lane: South  | PCE: 0.00  | Queue: 0.00  | Congestion: 0.00  | Total: 0.00
[2026-07-24 21:32:08] [INFO] [TrafficSystem.PriorityCalculator]: [Rank #3] Lane: East   | PCE: 0.00  | Queue: 0.00  | Congestion: 0.00  | Total: 0.00
[2026-07-24 21:32:08] [INFO] [TrafficSystem.PriorityCalculator]: [Rank #4] Lane: West   | PCE: 0.00  | Queue: 0.00  | Congestion: 0.00  | Total: 0.00
[2026-07-24 21:32:08] [INFO] [TrafficSystem.FairnessManager]: [Fairness] Lane: West   | Base Score: 0.00 | Wait Cycles: 3 | Bonus: +15.00 | Adjusted: 15.00
[2026-07-24 21:32:08] [INFO] [TrafficSystem.FairnessManager]: [Fairness] Lane: North  | Base Score: 0.00 | Wait Cycles: 2 | Bonus: +10.00 | Adjusted: 10.00
[2026-07-24 21:32:08] [INFO] [TrafficSystem.FairnessManager]: [Fairness] Lane: South  | Base Score: 0.00 | Wait Cycles: 1 | Bonus: +5.00 | Adjusted: 5.00
[2026-07-24 21:32:08] [INFO] [TrafficSystem.SignalScheduler]: [Scheduler] Winner: West   | Score: 15.00 | Green: 35s | Reason: NORMAL
[2026-07-24 21:32:08] [INFO] [TrafficSystem.FairnessManager]: [Fairness Updated] Green: 'West' (Reset to 0). Waiting cycles: {'North': 3, 'South': 2, 'East': 1, 'West': 0}
[2026-07-24 21:32:08] [INFO] [TrafficSystem.SignalController]: [ESP32 Hardware Command #280] GREEN -> 'West' (35s) | Reason: NORMAL
[2026-07-24 21:32:09] [INFO] [TrafficSystem.PriorityCalculator]: [Rank #1] Lane: North  | PCE: 0.00  | Queue: 0.00  | Congestion: 0.00  | Total: 0.00
[2026-07-24 21:32:09] [INFO] [TrafficSystem.PriorityCalculator]: [Rank #2] Lane: South  | PCE: 0.00  | Queue: 0.00  | Congestion: 0.00  | Total: 0.00
[2026-07-24 21:32:09] [INFO] [TrafficSystem.PriorityCalculator]: [Rank #3] Lane: East   | PCE: 0.00  | Queue: 0.00  | Congestion: 0.00  | Total: 0.00
[2026-07-24 21:32:09] [INFO] [TrafficSystem.PriorityCalculator]: [Rank #4] Lane: West   | PCE: 0.00  | Queue: 0.00  | Congestion: 0.00  | Total: 0.00
[2026-07-24 21:32:09] [INFO] [TrafficSystem.FairnessManager]: [Fairness] Lane: North  | Base Score: 0.00 | Wait Cycles: 3 | Bonus: +15.00 | Adjusted: 15.00
[2026-07-24 21:32:09] [INFO] [TrafficSystem.FairnessManager]: [Fairness] Lane: South  | Base Score: 0.00 | Wait Cycles: 2 | Bonus: +10.00 | Adjusted: 10.00
[2026-07-24 21:32:09] [INFO] [TrafficSystem.FairnessManager]: [Fairness] Lane: East   | Base Score: 0.00 | Wait Cycles: 1 | Bonus: +5.00 | Adjusted: 5.00
[2026-07-24 21:32:09] [INFO] [TrafficSystem.SignalScheduler]: [Scheduler] Winner: North  | Score: 15.00 | Green: 35s | Reason: NORMAL
[2026-07-24 21:32:09] [INFO] [TrafficSystem.FairnessManager]: [Fairness Updated] Green: 'North' (Reset to 0). Waiting cycles: {'North': 0, 'South': 3, 'East': 2, 'West': 1}
[2026-07-24 21:32:09] [INFO] [TrafficSystem.SignalController]: [ESP32 Hardware Command #281] GREEN -> 'North' (35s) | Reason: NORMAL
[2026-07-24 21:32:09] [INFO] [TrafficSystem.PriorityCalculator]: [Rank #1] Lane: North  | PCE: 0.00  | Queue: 0.00  | Congestion: 0.00  | Total: 0.00
[2026-07-24 21:32:09] [INFO] [TrafficSystem.PriorityCalculator]: [Rank #2] Lane: South  | PCE: 0.00  | Queue: 0.00  | Congestion: 0.00  | Total: 0.00
[2026-07-24 21:32:09] [INFO] [TrafficSystem.PriorityCalculator]: [Rank #3] Lane: East   | PCE: 0.00  | Queue: 0.00  | Congestion: 0.00  | Total: 0.00
[2026-07-24 21:32:09] [INFO] [TrafficSystem.PriorityCalculator]: [Rank #4] Lane: West   | PCE: 0.00  | Queue: 0.00  | Congestion: 0.00  | Total: 0.00
[2026-07-24 21:32:09] [INFO] [TrafficSystem.FairnessManager]: [Fairness] Lane: South  | Base Score: 0.00 | Wait Cycles: 3 | Bonus: +15.00 | Adjusted: 15.00
[2026-07-24 21:32:09] [INFO] [TrafficSystem.FairnessManager]: [Fairness] Lane: East   | Base Score: 0.00 | Wait Cycles: 2 | Bonus: +10.00 | Adjusted: 10.00
[2026-07-24 21:32:09] [INFO] [TrafficSystem.FairnessManager]: [Fairness] Lane: West   | Base Score: 0.00 | Wait Cycles: 1 | Bonus: +5.00 | Adjusted: 5.00
[2026-07-24 21:32:09] [INFO] [TrafficSystem.SignalScheduler]: [Scheduler] Winner: South  | Score: 15.00 | Green: 35s | Reason: NORMAL
[2026-07-24 21:32:09] [INFO] [TrafficSystem.FairnessManager]: [Fairness Updated] Green: 'South' (Reset to 0). Waiting cycles: {'North': 1, 'South': 0, 'East': 3, 'West': 2}
[2026-07-24 21:32:09] [INFO] [TrafficSystem.SignalController]: [ESP32 Hardware Command #282] GREEN -> 'South' (35s) | Reason: NORMAL
[2026-07-24 21:32:10] [INFO] [TrafficSystem.PriorityCalculator]: [Rank #1] Lane: North  | PCE: 0.00  | Queue: 0.00  | Congestion: 0.00  | Total: 0.00
[2026-07-24 21:32:10] [INFO] [TrafficSystem.PriorityCalculator]: [Rank #2] Lane: South  | PCE: 0.00  | Queue: 0.00  | Congestion: 0.00  | Total: 0.00
[2026-07-24 21:32:10] [INFO] [TrafficSystem.PriorityCalculator]: [Rank #3] Lane: East   | PCE: 0.00  | Queue: 0.00  | Congestion: 0.00  | Total: 0.00
[2026-07-24 21:32:10] [INFO] [TrafficSystem.PriorityCalculator]: [Rank #4] Lane: West   | PCE: 0.00  | Queue: 0.00  | Congestion: 0.00  | Total: 0.00
[2026-07-24 21:32:10] [INFO] [TrafficSystem.FairnessManager]: [Fairness] Lane: East   | Base Score: 0.00 | Wait Cycles: 3 | Bonus: +15.00 | Adjusted: 15.00
[2026-07-24 21:32:10] [INFO] [TrafficSystem.FairnessManager]: [Fairness] Lane: West   | Base Score: 0.00 | Wait Cycles: 2 | Bonus: +10.00 | Adjusted: 10.00
[2026-07-24 21:32:10] [INFO] [TrafficSystem.FairnessManager]: [Fairness] Lane: North  | Base Score: 0.00 | Wait Cycles: 1 | Bonus: +5.00 | Adjusted: 5.00
[2026-07-24 21:32:10] [INFO] [TrafficSystem.SignalScheduler]: [Scheduler] Winner: East   | Score: 15.00 | Green: 35s | Reason: NORMAL
[2026-07-24 21:32:10] [INFO] [TrafficSystem.FairnessManager]: [Fairness Updated] Green: 'East' (Reset to 0). Waiting cycles: {'North': 2, 'South': 1, 'East': 0, 'West': 3}
[2026-07-24 21:32:10] [INFO] [TrafficSystem.SignalController]: [ESP32 Hardware Command #283] GREEN -> 'East' (35s) | Reason: NORMAL
[2026-07-24 21:32:10] [INFO] [TrafficSystem.PriorityCalculator]: [Rank #1] Lane: North  | PCE: 0.00  | Queue: 0.00  | Congestion: 0.00  | Total: 0.00
[2026-07-24 21:32:10] [INFO] [TrafficSystem.PriorityCalculator]: [Rank #2] Lane: South  | PCE: 0.00  | Queue: 0.00  | Congestion: 0.00  | Total: 0.00
[2026-07-24 21:32:10] [INFO] [TrafficSystem.PriorityCalculator]: [Rank #3] Lane: East   | PCE: 0.00  | Queue: 0.00  | Congestion: 0.00  | Total: 0.00
[2026-07-24 21:32:10] [INFO] [TrafficSystem.PriorityCalculator]: [Rank #4] Lane: West   | PCE: 0.00  | Queue: 0.00  | Congestion: 0.00  | Total: 0.00
[2026-07-24 21:32:10] [INFO] [TrafficSystem.FairnessManager]: [Fairness] Lane: West   | Base Score: 0.00 | Wait Cycles: 3 | Bonus: +15.00 | Adjusted: 15.00
[2026-07-24 21:32:10] [INFO] [TrafficSystem.FairnessManager]: [Fairness] Lane: North  | Base Score: 0.00 | Wait Cycles: 2 | Bonus: +10.00 | Adjusted: 10.00
[2026-07-24 21:32:10] [INFO] [TrafficSystem.FairnessManager]: [Fairness] Lane: South  | Base Score: 0.00 | Wait Cycles: 1 | Bonus: +5.00 | Adjusted: 5.00
[2026-07-24 21:32:10] [INFO] [TrafficSystem.SignalScheduler]: [Scheduler] Winner: West   | Score: 15.00 | Green: 35s | Reason: NORMAL
[2026-07-24 21:32:10] [INFO] [TrafficSystem.FairnessManager]: [Fairness Updated] Green: 'West' (Reset to 0). Waiting cycles: {'North': 3, 'South': 2, 'East': 1, 'West': 0}
[2026-07-24 21:32:10] [INFO] [TrafficSystem.SignalController]: [ESP32 Hardware Command #284] GREEN -> 'West' (35s) | Reason: NORMAL
[2026-07-24 21:32:11] [INFO] [TrafficSystem.PriorityCalculator]: [Rank #1] Lane: North  | PCE: 0.00  | Queue: 0.00  | Congestion: 0.00  | Total: 0.00
[2026-07-24 21:32:11] [INFO] [TrafficSystem.PriorityCalculator]: [Rank #2] Lane: South  | PCE: 0.00  | Queue: 0.00  | Congestion: 0.00  | Total: 0.00
[2026-07-24 21:32:11] [INFO] [TrafficSystem.PriorityCalculator]: [Rank #3] Lane: East   | PCE: 0.00  | Queue: 0.00  | Congestion: 0.00  | Total: 0.00
[2026-07-24 21:32:11] [INFO] [TrafficSystem.PriorityCalculator]: [Rank #4] Lane: West   | PCE: 0.00  | Queue: 0.00  | Congestion: 0.00  | Total: 0.00
[2026-07-24 21:32:11] [INFO] [TrafficSystem.FairnessManager]: [Fairness] Lane: North  | Base Score: 0.00 | Wait Cycles: 3 | Bonus: +15.00 | Adjusted: 15.00
[2026-07-24 21:32:11] [INFO] [TrafficSystem.FairnessManager]: [Fairness] Lane: South  | Base Score: 0.00 | Wait Cycles: 2 | Bonus: +10.00 | Adjusted: 10.00
[2026-07-24 21:32:11] [INFO] [TrafficSystem.FairnessManager]: [Fairness] Lane: East   | Base Score: 0.00 | Wait Cycles: 1 | Bonus: +5.00 | Adjusted: 5.00
[2026-07-24 21:32:11] [INFO] [TrafficSystem.SignalScheduler]: [Scheduler] Winner: North  | Score: 15.00 | Green: 35s | Reason: NORMAL
[2026-07-24 21:32:11] [INFO] [TrafficSystem.FairnessManager]: [Fairness Updated] Green: 'North' (Reset to 0). Waiting cycles: {'North': 0, 'South': 3, 'East': 2, 'West': 1}
[2026-07-24 21:32:11] [INFO] [TrafficSystem.SignalController]: [ESP32 Hardware Command #285] GREEN -> 'North' (35s) | Reason: NORMAL
[2026-07-24 21:32:11] [INFO] [TrafficSystem.PriorityCalculator]: [Rank #1] Lane: North  | PCE: 0.00  | Queue: 0.00  | Congestion: 0.00  | Total: 0.00
[2026-07-24 21:32:11] [INFO] [TrafficSystem.PriorityCalculator]: [Rank #2] Lane: South  | PCE: 0.00  | Queue: 0.00  | Congestion: 0.00  | Total: 0.00
[2026-07-24 21:32:11] [INFO] [TrafficSystem.PriorityCalculator]: [Rank #3] Lane: East   | PCE: 0.00  | Queue: 0.00  | Congestion: 0.00  | Total: 0.00
[2026-07-24 21:32:11] [INFO] [TrafficSystem.PriorityCalculator]: [Rank #4] Lane: West   | PCE: 0.00  | Queue: 0.00  | Congestion: 0.00  | Total: 0.00
[2026-07-24 21:32:11] [INFO] [TrafficSystem.FairnessManager]: [Fairness] Lane: South  | Base Score: 0.00 | Wait Cycles: 3 | Bonus: +15.00 | Adjusted: 15.00
[2026-07-24 21:32:11] [INFO] [TrafficSystem.FairnessManager]: [Fairness] Lane: East   | Base Score: 0.00 | Wait Cycles: 2 | Bonus: +10.00 | Adjusted: 10.00
[2026-07-24 21:32:11] [INFO] [TrafficSystem.FairnessManager]: [Fairness] Lane: West   | Base Score: 0.00 | Wait Cycles: 1 | Bonus: +5.00 | Adjusted: 5.00
[2026-07-24 21:32:11] [INFO] [TrafficSystem.SignalScheduler]: [Scheduler] Winner: South  | Score: 15.00 | Green: 35s | Reason: NORMAL
[2026-07-24 21:32:11] [INFO] [TrafficSystem.FairnessManager]: [Fairness Updated] Green: 'South' (Reset to 0). Waiting cycles: {'North': 1, 'South': 0, 'East': 3, 'West': 2}
[2026-07-24 21:32:11] [INFO] [TrafficSystem.SignalController]: [ESP32 Hardware Command #286] GREEN -> 'South' (35s) | Reason: NORMAL
[2026-07-24 21:32:12] [INFO] [TrafficSystem.PriorityCalculator]: [Rank #1] Lane: North  | PCE: 0.00  | Queue: 0.00  | Congestion: 0.00  | Total: 0.00
[2026-07-24 21:32:12] [INFO] [TrafficSystem.PriorityCalculator]: [Rank #2] Lane: South  | PCE: 0.00  | Queue: 0.00  | Congestion: 0.00  | Total: 0.00
[2026-07-24 21:32:12] [INFO] [TrafficSystem.PriorityCalculator]: [Rank #3] Lane: East   | PCE: 0.00  | Queue: 0.00  | Congestion: 0.00  | Total: 0.00
[2026-07-24 21:32:12] [INFO] [TrafficSystem.PriorityCalculator]: [Rank #4] Lane: West   | PCE: 0.00  | Queue: 0.00  | Congestion: 0.00  | Total: 0.00
[2026-07-24 21:32:12] [INFO] [TrafficSystem.FairnessManager]: [Fairness] Lane: East   | Base Score: 0.00 | Wait Cycles: 3 | Bonus: +15.00 | Adjusted: 15.00
[2026-07-24 21:32:12] [INFO] [TrafficSystem.FairnessManager]: [Fairness] Lane: West   | Base Score: 0.00 | Wait Cycles: 2 | Bonus: +10.00 | Adjusted: 10.00
[2026-07-24 21:32:12] [INFO] [TrafficSystem.FairnessManager]: [Fairness] Lane: North  | Base Score: 0.00 | Wait Cycles: 1 | Bonus: +5.00 | Adjusted: 5.00
[2026-07-24 21:32:12] [INFO] [TrafficSystem.SignalScheduler]: [Scheduler] Winner: East   | Score: 15.00 | Green: 35s | Reason: NORMAL
[2026-07-24 21:32:12] [INFO] [TrafficSystem.FairnessManager]: [Fairness Updated] Green: 'East' (Reset to 0). Waiting cycles: {'North': 2, 'South': 1, 'East': 0, 'West': 3}
[2026-07-24 21:32:12] [INFO] [TrafficSystem.SignalController]: [ESP32 Hardware Command #287] GREEN -> 'East' (35s) | Reason: NORMAL
[2026-07-24 21:32:12] [INFO] [TrafficSystem.PriorityCalculator]: [Rank #1] Lane: North  | PCE: 0.00  | Queue: 0.00  | Congestion: 0.00  | Total: 0.00
[2026-07-24 21:32:12] [INFO] [TrafficSystem.PriorityCalculator]: [Rank #2] Lane: South  | PCE: 0.00  | Queue: 0.00  | Congestion: 0.00  | Total: 0.00
[2026-07-24 21:32:12] [INFO] [TrafficSystem.PriorityCalculator]: [Rank #3] Lane: East   | PCE: 0.00  | Queue: 0.00  | Congestion: 0.00  | Total: 0.00
[2026-07-24 21:32:12] [INFO] [TrafficSystem.PriorityCalculator]: [Rank #4] Lane: West   | PCE: 0.00  | Queue: 0.00  | Congestion: 0.00  | Total: 0.00
[2026-07-24 21:32:12] [INFO] [TrafficSystem.FairnessManager]: [Fairness] Lane: West   | Base Score: 0.00 | Wait Cycles: 3 | Bonus: +15.00 | Adjusted: 15.00
[2026-07-24 21:32:12] [INFO] [TrafficSystem.FairnessManager]: [Fairness] Lane: North  | Base Score: 0.00 | Wait Cycles: 2 | Bonus: +10.00 | Adjusted: 10.00
[2026-07-24 21:32:12] [INFO] [TrafficSystem.FairnessManager]: [Fairness] Lane: South  | Base Score: 0.00 | Wait Cycles: 1 | Bonus: +5.00 | Adjusted: 5.00
[2026-07-24 21:32:12] [INFO] [TrafficSystem.SignalScheduler]: [Scheduler] Winner: West   | Score: 15.00 | Green: 35s | Reason: NORMAL
[2026-07-24 21:32:12] [INFO] [TrafficSystem.FairnessManager]: [Fairness Updated] Green: 'West' (Reset to 0). Waiting cycles: {'North': 3, 'South': 2, 'East': 1, 'West': 0}
[2026-07-24 21:32:12] [INFO] [TrafficSystem.SignalController]: [ESP32 Hardware Command #288] GREEN -> 'West' (35s) | Reason: NORMAL
[2026-07-24 21:32:12] [INFO] [TrafficSystem.PriorityCalculator]: [Rank #1] Lane: North  | PCE: 0.00  | Queue: 0.00  | Congestion: 0.00  | Total: 0.00
[2026-07-24 21:32:12] [INFO] [TrafficSystem.PriorityCalculator]: [Rank #2] Lane: South  | PCE: 0.00  | Queue: 0.00  | Congestion: 0.00  | Total: 0.00
[2026-07-24 21:32:12] [INFO] [TrafficSystem.PriorityCalculator]: [Rank #3] Lane: East   | PCE: 0.00  | Queue: 0.00  | Congestion: 0.00  | Total: 0.00
[2026-07-24 21:32:12] [INFO] [TrafficSystem.PriorityCalculator]: [Rank #4] Lane: West   | PCE: 0.00  | Queue: 0.00  | Congestion: 0.00  | Total: 0.00
[2026-07-24 21:32:12] [INFO] [TrafficSystem.FairnessManager]: [Fairness] Lane: North  | Base Score: 0.00 | Wait Cycles: 3 | Bonus: +15.00 | Adjusted: 15.00
[2026-07-24 21:32:12] [INFO] [TrafficSystem.FairnessManager]: [Fairness] Lane: South  | Base Score: 0.00 | Wait Cycles: 2 | Bonus: +10.00 | Adjusted: 10.00
[2026-07-24 21:32:12] [INFO] [TrafficSystem.FairnessManager]: [Fairness] Lane: East   | Base Score: 0.00 | Wait Cycles: 1 | Bonus: +5.00 | Adjusted: 5.00
[2026-07-24 21:32:12] [INFO] [TrafficSystem.SignalScheduler]: [Scheduler] Winner: North  | Score: 15.00 | Green: 35s | Reason: NORMAL
[2026-07-24 21:32:12] [INFO] [TrafficSystem.FairnessManager]: [Fairness Updated] Green: 'North' (Reset to 0). Waiting cycles: {'North': 0, 'South': 3, 'East': 2, 'West': 1}
[2026-07-24 21:32:12] [INFO] [TrafficSystem.SignalController]: [ESP32 Hardware Command #289] GREEN -> 'North' (35s) | Reason: NORMAL
[2026-07-24 21:32:13] [INFO] [TrafficSystem.PriorityCalculator]: [Rank #1] Lane: North  | PCE: 0.00  | Queue: 0.00  | Congestion: 0.00  | Total: 0.00
[2026-07-24 21:32:13] [INFO] [TrafficSystem.PriorityCalculator]: [Rank #2] Lane: South  | PCE: 0.00  | Queue: 0.00  | Congestion: 0.00  | Total: 0.00
[2026-07-24 21:32:13] [INFO] [TrafficSystem.PriorityCalculator]: [Rank #3] Lane: East   | PCE: 0.00  | Queue: 0.00  | Congestion: 0.00  | Total: 0.00
[2026-07-24 21:32:13] [INFO] [TrafficSystem.PriorityCalculator]: [Rank #4] Lane: West   | PCE: 0.00  | Queue: 0.00  | Congestion: 0.00  | Total: 0.00
[2026-07-24 21:32:13] [INFO] [TrafficSystem.FairnessManager]: [Fairness] Lane: South  | Base Score: 0.00 | Wait Cycles: 3 | Bonus: +15.00 | Adjusted: 15.00
[2026-07-24 21:32:13] [INFO] [TrafficSystem.FairnessManager]: [Fairness] Lane: East   | Base Score: 0.00 | Wait Cycles: 2 | Bonus: +10.00 | Adjusted: 10.00
[2026-07-24 21:32:13] [INFO] [TrafficSystem.FairnessManager]: [Fairness] Lane: West   | Base Score: 0.00 | Wait Cycles: 1 | Bonus: +5.00 | Adjusted: 5.00
[2026-07-24 21:32:13] [INFO] [TrafficSystem.SignalScheduler]: [Scheduler] Winner: South  | Score: 15.00 | Green: 35s | Reason: NORMAL
[2026-07-24 21:32:13] [INFO] [TrafficSystem.FairnessManager]: [Fairness Updated] Green: 'South' (Reset to 0). Waiting cycles: {'North': 1, 'South': 0, 'East': 3, 'West': 2}
[2026-07-24 21:32:13] [INFO] [TrafficSystem.SignalController]: [ESP32 Hardware Command #290] GREEN -> 'South' (35s) | Reason: NORMAL
[2026-07-24 21:32:13] [INFO] [TrafficSystem.PriorityCalculator]: [Rank #1] Lane: North  | PCE: 0.00  | Queue: 0.00  | Congestion: 0.00  | Total: 0.00
[2026-07-24 21:32:13] [INFO] [TrafficSystem.PriorityCalculator]: [Rank #2] Lane: South  | PCE: 0.00  | Queue: 0.00  | Congestion: 0.00  | Total: 0.00
[2026-07-24 21:32:13] [INFO] [TrafficSystem.PriorityCalculator]: [Rank #3] Lane: East   | PCE: 0.00  | Queue: 0.00  | Congestion: 0.00  | Total: 0.00
[2026-07-24 21:32:13] [INFO] [TrafficSystem.PriorityCalculator]: [Rank #4] Lane: West   | PCE: 0.00  | Queue: 0.00  | Congestion: 0.00  | Total: 0.00
[2026-07-24 21:32:13] [INFO] [TrafficSystem.FairnessManager]: [Fairness] Lane: East   | Base Score: 0.00 | Wait Cycles: 3 | Bonus: +15.00 | Adjusted: 15.00
[2026-07-24 21:32:13] [INFO] [TrafficSystem.FairnessManager]: [Fairness] Lane: West   | Base Score: 0.00 | Wait Cycles: 2 | Bonus: +10.00 | Adjusted: 10.00
[2026-07-24 21:32:13] [INFO] [TrafficSystem.FairnessManager]: [Fairness] Lane: North  | Base Score: 0.00 | Wait Cycles: 1 | Bonus: +5.00 | Adjusted: 5.00
[2026-07-24 21:32:13] [INFO] [TrafficSystem.SignalScheduler]: [Scheduler] Winner: East   | Score: 15.00 | Green: 35s | Reason: NORMAL
[2026-07-24 21:32:13] [INFO] [TrafficSystem.FairnessManager]: [Fairness Updated] Green: 'East' (Reset to 0). Waiting cycles: {'North': 2, 'South': 1, 'East': 0, 'West': 3}
[2026-07-24 21:32:13] [INFO] [TrafficSystem.SignalController]: [ESP32 Hardware Command #291] GREEN -> 'East' (35s) | Reason: NORMAL
[2026-07-24 21:32:14] [INFO] [TrafficSystem.PriorityCalculator]: [Rank #1] Lane: North  | PCE: 0.00  | Queue: 0.00  | Congestion: 0.00  | Total: 0.00
[2026-07-24 21:32:14] [INFO] [TrafficSystem.PriorityCalculator]: [Rank #2] Lane: South  | PCE: 0.00  | Queue: 0.00  | Congestion: 0.00  | Total: 0.00
[2026-07-24 21:32:14] [INFO] [TrafficSystem.PriorityCalculator]: [Rank #3] Lane: East   | PCE: 0.00  | Queue: 0.00  | Congestion: 0.00  | Total: 0.00
[2026-07-24 21:32:14] [INFO] [TrafficSystem.PriorityCalculator]: [Rank #4] Lane: West   | PCE: 0.00  | Queue: 0.00  | Congestion: 0.00  | Total: 0.00
[2026-07-24 21:32:14] [INFO] [TrafficSystem.FairnessManager]: [Fairness] Lane: West   | Base Score: 0.00 | Wait Cycles: 3 | Bonus: +15.00 | Adjusted: 15.00
[2026-07-24 21:32:14] [INFO] [TrafficSystem.FairnessManager]: [Fairness] Lane: North  | Base Score: 0.00 | Wait Cycles: 2 | Bonus: +10.00 | Adjusted: 10.00
[2026-07-24 21:32:14] [INFO] [TrafficSystem.FairnessManager]: [Fairness] Lane: South  | Base Score: 0.00 | Wait Cycles: 1 | Bonus: +5.00 | Adjusted: 5.00
[2026-07-24 21:32:14] [INFO] [TrafficSystem.SignalScheduler]: [Scheduler] Winner: West   | Score: 15.00 | Green: 35s | Reason: NORMAL
[2026-07-24 21:32:14] [INFO] [TrafficSystem.FairnessManager]: [Fairness Updated] Green: 'West' (Reset to 0). Waiting cycles: {'North': 3, 'South': 2, 'East': 1, 'West': 0}
[2026-07-24 21:32:14] [INFO] [TrafficSystem.SignalController]: [ESP32 Hardware Command #292] GREEN -> 'West' (35s) | Reason: NORMAL
[2026-07-24 21:32:14] [INFO] [TrafficSystem.PriorityCalculator]: [Rank #1] Lane: North  | PCE: 0.00  | Queue: 0.00  | Congestion: 0.00  | Total: 0.00
[2026-07-24 21:32:14] [INFO] [TrafficSystem.PriorityCalculator]: [Rank #2] Lane: South  | PCE: 0.00  | Queue: 0.00  | Congestion: 0.00  | Total: 0.00
[2026-07-24 21:32:14] [INFO] [TrafficSystem.PriorityCalculator]: [Rank #3] Lane: East   | PCE: 0.00  | Queue: 0.00  | Congestion: 0.00  | Total: 0.00
[2026-07-24 21:32:14] [INFO] [TrafficSystem.PriorityCalculator]: [Rank #4] Lane: West   | PCE: 0.00  | Queue: 0.00  | Congestion: 0.00  | Total: 0.00
[2026-07-24 21:32:14] [INFO] [TrafficSystem.FairnessManager]: [Fairness] Lane: North  | Base Score: 0.00 | Wait Cycles: 3 | Bonus: +15.00 | Adjusted: 15.00
[2026-07-24 21:32:14] [INFO] [TrafficSystem.FairnessManager]: [Fairness] Lane: South  | Base Score: 0.00 | Wait Cycles: 2 | Bonus: +10.00 | Adjusted: 10.00
[2026-07-24 21:32:14] [INFO] [TrafficSystem.FairnessManager]: [Fairness] Lane: East   | Base Score: 0.00 | Wait Cycles: 1 | Bonus: +5.00 | Adjusted: 5.00
[2026-07-24 21:32:14] [INFO] [TrafficSystem.SignalScheduler]: [Scheduler] Winner: North  | Score: 15.00 | Green: 35s | Reason: NORMAL
[2026-07-24 21:32:14] [INFO] [TrafficSystem.FairnessManager]: [Fairness Updated] Green: 'North' (Reset to 0). Waiting cycles: {'North': 0, 'South': 3, 'East': 2, 'West': 1}
[2026-07-24 21:32:14] [INFO] [TrafficSystem.SignalController]: [ESP32 Hardware Command #293] GREEN -> 'North' (35s) | Reason: NORMAL
[2026-07-24 21:32:15] [INFO] [TrafficSystem.PriorityCalculator]: [Rank #1] Lane: North  | PCE: 0.00  | Queue: 0.00  | Congestion: 0.00  | Total: 0.00
[2026-07-24 21:32:15] [INFO] [TrafficSystem.PriorityCalculator]: [Rank #2] Lane: South  | PCE: 0.00  | Queue: 0.00  | Congestion: 0.00  | Total: 0.00
[2026-07-24 21:32:15] [INFO] [TrafficSystem.PriorityCalculator]: [Rank #3] Lane: East   | PCE: 0.00  | Queue: 0.00  | Congestion: 0.00  | Total: 0.00
[2026-07-24 21:32:15] [INFO] [TrafficSystem.PriorityCalculator]: [Rank #4] Lane: West   | PCE: 0.00  | Queue: 0.00  | Congestion: 0.00  | Total: 0.00
[2026-07-24 21:32:15] [INFO] [TrafficSystem.FairnessManager]: [Fairness] Lane: South  | Base Score: 0.00 | Wait Cycles: 3 | Bonus: +15.00 | Adjusted: 15.00
[2026-07-24 21:32:15] [INFO] [TrafficSystem.FairnessManager]: [Fairness] Lane: East   | Base Score: 0.00 | Wait Cycles: 2 | Bonus: +10.00 | Adjusted: 10.00
[2026-07-24 21:32:15] [INFO] [TrafficSystem.FairnessManager]: [Fairness] Lane: West   | Base Score: 0.00 | Wait Cycles: 1 | Bonus: +5.00 | Adjusted: 5.00
[2026-07-24 21:32:15] [INFO] [TrafficSystem.SignalScheduler]: [Scheduler] Winner: South  | Score: 15.00 | Green: 35s | Reason: NORMAL
[2026-07-24 21:32:15] [INFO] [TrafficSystem.FairnessManager]: [Fairness Updated] Green: 'South' (Reset to 0). Waiting cycles: {'North': 1, 'South': 0, 'East': 3, 'West': 2}
[2026-07-24 21:32:15] [INFO] [TrafficSystem.SignalController]: [ESP32 Hardware Command #294] GREEN -> 'South' (35s) | Reason: NORMAL
[2026-07-24 21:32:15] [INFO] [TrafficSystem.PriorityCalculator]: [Rank #1] Lane: North  | PCE: 0.00  | Queue: 0.00  | Congestion: 0.00  | Total: 0.00
[2026-07-24 21:32:15] [INFO] [TrafficSystem.PriorityCalculator]: [Rank #2] Lane: South  | PCE: 0.00  | Queue: 0.00  | Congestion: 0.00  | Total: 0.00
[2026-07-24 21:32:15] [INFO] [TrafficSystem.PriorityCalculator]: [Rank #3] Lane: East   | PCE: 0.00  | Queue: 0.00  | Congestion: 0.00  | Total: 0.00
[2026-07-24 21:32:15] [INFO] [TrafficSystem.PriorityCalculator]: [Rank #4] Lane: West   | PCE: 0.00  | Queue: 0.00  | Congestion: 0.00  | Total: 0.00
[2026-07-24 21:32:15] [INFO] [TrafficSystem.FairnessManager]: [Fairness] Lane: East   | Base Score: 0.00 | Wait Cycles: 3 | Bonus: +15.00 | Adjusted: 15.00
[2026-07-24 21:32:15] [INFO] [TrafficSystem.FairnessManager]: [Fairness] Lane: West   | Base Score: 0.00 | Wait Cycles: 2 | Bonus: +10.00 | Adjusted: 10.00
[2026-07-24 21:32:15] [INFO] [TrafficSystem.FairnessManager]: [Fairness] Lane: North  | Base Score: 0.00 | Wait Cycles: 1 | Bonus: +5.00 | Adjusted: 5.00
[2026-07-24 21:32:15] [INFO] [TrafficSystem.SignalScheduler]: [Scheduler] Winner: East   | Score: 15.00 | Green: 35s | Reason: NORMAL
[2026-07-24 21:32:15] [INFO] [TrafficSystem.FairnessManager]: [Fairness Updated] Green: 'East' (Reset to 0). Waiting cycles: {'North': 2, 'South': 1, 'East': 0, 'West': 3}
[2026-07-24 21:32:15] [INFO] [TrafficSystem.SignalController]: [ESP32 Hardware Command #295] GREEN -> 'East' (35s) | Reason: NORMAL
[2026-07-24 21:32:16] [INFO] [TrafficSystem.PriorityCalculator]: [Rank #1] Lane: North  | PCE: 0.00  | Queue: 0.00  | Congestion: 0.00  | Total: 0.00
[2026-07-24 21:32:16] [INFO] [TrafficSystem.PriorityCalculator]: [Rank #2] Lane: South  | PCE: 0.00  | Queue: 0.00  | Congestion: 0.00  | Total: 0.00
[2026-07-24 21:32:16] [INFO] [TrafficSystem.PriorityCalculator]: [Rank #3] Lane: East   | PCE: 0.00  | Queue: 0.00  | Congestion: 0.00  | Total: 0.00
[2026-07-24 21:32:16] [INFO] [TrafficSystem.PriorityCalculator]: [Rank #4] Lane: West   | PCE: 0.00  | Queue: 0.00  | Congestion: 0.00  | Total: 0.00
[2026-07-24 21:32:16] [INFO] [TrafficSystem.FairnessManager]: [Fairness] Lane: West   | Base Score: 0.00 | Wait Cycles: 3 | Bonus: +15.00 | Adjusted: 15.00
[2026-07-24 21:32:16] [INFO] [TrafficSystem.FairnessManager]: [Fairness] Lane: North  | Base Score: 0.00 | Wait Cycles: 2 | Bonus: +10.00 | Adjusted: 10.00
[2026-07-24 21:32:16] [INFO] [TrafficSystem.FairnessManager]: [Fairness] Lane: South  | Base Score: 0.00 | Wait Cycles: 1 | Bonus: +5.00 | Adjusted: 5.00
[2026-07-24 21:32:16] [INFO] [TrafficSystem.SignalScheduler]: [Scheduler] Winner: West   | Score: 15.00 | Green: 35s | Reason: NORMAL
[2026-07-24 21:32:16] [INFO] [TrafficSystem.FairnessManager]: [Fairness Updated] Green: 'West' (Reset to 0). Waiting cycles: {'North': 3, 'South': 2, 'East': 1, 'West': 0}
[2026-07-24 21:32:16] [INFO] [TrafficSystem.SignalController]: [ESP32 Hardware Command #296] GREEN -> 'West' (35s) | Reason: NORMAL
[2026-07-24 21:32:16] [INFO] [TrafficSystem.PriorityCalculator]: [Rank #1] Lane: North  | PCE: 0.00  | Queue: 0.00  | Congestion: 0.00  | Total: 0.00
[2026-07-24 21:32:16] [INFO] [TrafficSystem.PriorityCalculator]: [Rank #2] Lane: South  | PCE: 0.00  | Queue: 0.00  | Congestion: 0.00  | Total: 0.00
[2026-07-24 21:32:16] [INFO] [TrafficSystem.PriorityCalculator]: [Rank #3] Lane: East   | PCE: 0.00  | Queue: 0.00  | Congestion: 0.00  | Total: 0.00
[2026-07-24 21:32:16] [INFO] [TrafficSystem.PriorityCalculator]: [Rank #4] Lane: West   | PCE: 0.00  | Queue: 0.00  | Congestion: 0.00  | Total: 0.00
[2026-07-24 21:32:16] [INFO] [TrafficSystem.FairnessManager]: [Fairness] Lane: North  | Base Score: 0.00 | Wait Cycles: 3 | Bonus: +15.00 | Adjusted: 15.00
[2026-07-24 21:32:16] [INFO] [TrafficSystem.FairnessManager]: [Fairness] Lane: South  | Base Score: 0.00 | Wait Cycles: 2 | Bonus: +10.00 | Adjusted: 10.00
[2026-07-24 21:32:16] [INFO] [TrafficSystem.FairnessManager]: [Fairness] Lane: East   | Base Score: 0.00 | Wait Cycles: 1 | Bonus: +5.00 | Adjusted: 5.00
[2026-07-24 21:32:16] [INFO] [TrafficSystem.SignalScheduler]: [Scheduler] Winner: North  | Score: 15.00 | Green: 35s | Reason: NORMAL
[2026-07-24 21:32:16] [INFO] [TrafficSystem.FairnessManager]: [Fairness Updated] Green: 'North' (Reset to 0). Waiting cycles: {'North': 0, 'South': 3, 'East': 2, 'West': 1}
[2026-07-24 21:32:16] [INFO] [TrafficSystem.SignalController]: [ESP32 Hardware Command #297] GREEN -> 'North' (35s) | Reason: NORMAL
[2026-07-24 21:32:16] [INFO] [TrafficSystem.PriorityCalculator]: [Rank #1] Lane: North  | PCE: 0.00  | Queue: 0.00  | Congestion: 0.00  | Total: 0.00
[2026-07-24 21:32:16] [INFO] [TrafficSystem.PriorityCalculator]: [Rank #2] Lane: South  | PCE: 0.00  | Queue: 0.00  | Congestion: 0.00  | Total: 0.00
[2026-07-24 21:32:16] [INFO] [TrafficSystem.PriorityCalculator]: [Rank #3] Lane: East   | PCE: 0.00  | Queue: 0.00  | Congestion: 0.00  | Total: 0.00
[2026-07-24 21:32:16] [INFO] [TrafficSystem.PriorityCalculator]: [Rank #4] Lane: West   | PCE: 0.00  | Queue: 0.00  | Congestion: 0.00  | Total: 0.00
[2026-07-24 21:32:16] [INFO] [TrafficSystem.FairnessManager]: [Fairness] Lane: South  | Base Score: 0.00 | Wait Cycles: 3 | Bonus: +15.00 | Adjusted: 15.00
[2026-07-24 21:32:16] [INFO] [TrafficSystem.FairnessManager]: [Fairness] Lane: East   | Base Score: 0.00 | Wait Cycles: 2 | Bonus: +10.00 | Adjusted: 10.00
[2026-07-24 21:32:16] [INFO] [TrafficSystem.FairnessManager]: [Fairness] Lane: West   | Base Score: 0.00 | Wait Cycles: 1 | Bonus: +5.00 | Adjusted: 5.00
[2026-07-24 21:32:16] [INFO] [TrafficSystem.SignalScheduler]: [Scheduler] Winner: South  | Score: 15.00 | Green: 35s | Reason: NORMAL
[2026-07-24 21:32:16] [INFO] [TrafficSystem.FairnessManager]: [Fairness Updated] Green: 'South' (Reset to 0). Waiting cycles: {'North': 1, 'South': 0, 'East': 3, 'West': 2}
[2026-07-24 21:32:16] [INFO] [TrafficSystem.SignalController]: [ESP32 Hardware Command #298] GREEN -> 'South' (35s) | Reason: NORMAL
[2026-07-24 21:32:17] [INFO] [TrafficSystem.PriorityCalculator]: [Rank #1] Lane: North  | PCE: 0.00  | Queue: 0.00  | Congestion: 0.00  | Total: 0.00
[2026-07-24 21:32:17] [INFO] [TrafficSystem.PriorityCalculator]: [Rank #2] Lane: South  | PCE: 0.00  | Queue: 0.00  | Congestion: 0.00  | Total: 0.00
[2026-07-24 21:32:17] [INFO] [TrafficSystem.PriorityCalculator]: [Rank #3] Lane: East   | PCE: 0.00  | Queue: 0.00  | Congestion: 0.00  | Total: 0.00
[2026-07-24 21:32:17] [INFO] [TrafficSystem.PriorityCalculator]: [Rank #4] Lane: West   | PCE: 0.00  | Queue: 0.00  | Congestion: 0.00  | Total: 0.00
[2026-07-24 21:32:17] [INFO] [TrafficSystem.FairnessManager]: [Fairness] Lane: East   | Base Score: 0.00 | Wait Cycles: 3 | Bonus: +15.00 | Adjusted: 15.00
[2026-07-24 21:32:17] [INFO] [TrafficSystem.FairnessManager]: [Fairness] Lane: West   | Base Score: 0.00 | Wait Cycles: 2 | Bonus: +10.00 | Adjusted: 10.00
[2026-07-24 21:32:17] [INFO] [TrafficSystem.FairnessManager]: [Fairness] Lane: North  | Base Score: 0.00 | Wait Cycles: 1 | Bonus: +5.00 | Adjusted: 5.00
[2026-07-24 21:32:17] [INFO] [TrafficSystem.SignalScheduler]: [Scheduler] Winner: East   | Score: 15.00 | Green: 35s | Reason: NORMAL
[2026-07-24 21:32:17] [INFO] [TrafficSystem.FairnessManager]: [Fairness Updated] Green: 'East' (Reset to 0). Waiting cycles: {'North': 2, 'South': 1, 'East': 0, 'West': 3}
[2026-07-24 21:32:17] [INFO] [TrafficSystem.SignalController]: [ESP32 Hardware Command #299] GREEN -> 'East' (35s) | Reason: NORMAL
[2026-07-24 21:32:17] [INFO] [TrafficSystem.PriorityCalculator]: [Rank #1] Lane: North  | PCE: 0.00  | Queue: 0.00  | Congestion: 0.00  | Total: 0.00
[2026-07-24 21:32:17] [INFO] [TrafficSystem.PriorityCalculator]: [Rank #2] Lane: South  | PCE: 0.00  | Queue: 0.00  | Congestion: 0.00  | Total: 0.00
[2026-07-24 21:32:17] [INFO] [TrafficSystem.PriorityCalculator]: [Rank #3] Lane: East   | PCE: 0.00  | Queue: 0.00  | Congestion: 0.00  | Total: 0.00
[2026-07-24 21:32:17] [INFO] [TrafficSystem.PriorityCalculator]: [Rank #4] Lane: West   | PCE: 0.00  | Queue: 0.00  | Congestion: 0.00  | Total: 0.00
[2026-07-24 21:32:17] [INFO] [TrafficSystem.FairnessManager]: [Fairness] Lane: West   | Base Score: 0.00 | Wait Cycles: 3 | Bonus: +15.00 | Adjusted: 15.00
[2026-07-24 21:32:17] [INFO] [TrafficSystem.FairnessManager]: [Fairness] Lane: North  | Base Score: 0.00 | Wait Cycles: 2 | Bonus: +10.00 | Adjusted: 10.00
[2026-07-24 21:32:17] [INFO] [TrafficSystem.FairnessManager]: [Fairness] Lane: South  | Base Score: 0.00 | Wait Cycles: 1 | Bonus: +5.00 | Adjusted: 5.00
[2026-07-24 21:32:17] [INFO] [TrafficSystem.SignalScheduler]: [Scheduler] Winner: West   | Score: 15.00 | Green: 35s | Reason: NORMAL
[2026-07-24 21:32:17] [INFO] [TrafficSystem.FairnessManager]: [Fairness Updated] Green: 'West' (Reset to 0). Waiting cycles: {'North': 3, 'South': 2, 'East': 1, 'West': 0}
[2026-07-24 21:32:17] [INFO] [TrafficSystem.SignalController]: [ESP32 Hardware Command #300] GREEN -> 'West' (35s) | Reason: NORMAL
[2026-07-24 21:32:17] [INFO] [TrafficSystem.TrafficPipeline]: Frame #300 | Active Vehicles: 0 | Scheduled Green: 'LaneName.WEST' (35s) | FPS: 2.2 | Latency: 389.3ms
[2026-07-24 21:32:17] [INFO] [TrafficSystem.CameraManager]: Reached end of video stream or lost connection.
[2026-07-24 21:32:17] [INFO] [TrafficSystem.Main]: Video playback completed.
[2026-07-24 21:32:17] [INFO] [TrafficSystem.TrafficPipeline]: Shutting down Traffic Pipeline...
[2026-07-24 21:32:17] [INFO] [TrafficSystem.CameraManager]: Video stream released successfully.
[2026-07-24 21:32:17] [INFO] [TrafficSystem.Visualizer]: VideoWriter released successfully.
[2026-07-24 21:32:17] [INFO] [TrafficSystem.TrafficPipeline]: Pipeline Session Summary: Processed 300 frames in 122.54s (Avg FPS: 2.2, Avg Latency: 389.34ms)
[2026-07-24 21:32:17] [INFO] [TrafficSystem.Main]: Clean shutdown complete.
[2026-07-24 21:44:50] [INFO] [TrafficSystem.Main]: ==================================================
[2026-07-24 21:44:50] [INFO] [TrafficSystem.Main]:        Smart Traffic Management System           
[2026-07-24 21:44:50] [INFO] [TrafficSystem.Main]:  AI Perception + Analytics + Adaptive Signal Engine
[2026-07-24 21:44:50] [INFO] [TrafficSystem.Main]: ==================================================
[2026-07-24 21:44:50] [INFO] [TrafficSystem.TrafficPipeline]: Initializing Smart Traffic Management System Pipeline...
[2026-07-24 21:44:50] [INFO] [TrafficSystem.CameraManager]: Opening video source: 'C:\Users\ashek\Desktop\smart-traffic-management\videos\traffic.mp4'...
[2026-07-24 21:44:50] [INFO] [TrafficSystem.CameraManager]: Stream opened successfully. Resolution: (1280, 720), FPS: 30.0
[2026-07-24 21:44:50] [INFO] [TrafficSystem.ModelManager]: Initializing YOLO model: 'yolo11n.pt'...
[2026-07-24 21:44:50] [INFO] [TrafficSystem.ModelManager]: Model 'yolo11n.pt' loaded successfully!
[2026-07-24 21:44:50] [INFO] [TrafficSystem.VehicleDetector]: VehicleDetector initialized focusing on classes: {2: 'car', 3: 'motorcycle', 5: 'bus', 7: 'truck'}
[2026-07-24 21:44:50] [INFO] [TrafficSystem.ByteTracker]: ByteTracker initialized using Ultralytics ByteTrack algorithm.
[2026-07-24 21:44:50] [INFO] [TrafficSystem.LaneManager]: LaneManager initialized with 4 lanes: ['North', 'South', 'East', 'West']
[2026-07-24 21:44:50] [INFO] [TrafficSystem.PriorityCalculator]: PriorityCalculator initialized with normalized weights: {'pce': 0.45, 'queue': 0.35, 'congestion': 0.2}
[2026-07-24 21:44:50] [INFO] [TrafficSystem.FairnessManager]: FairnessManager initialized (Bonus/cycle: 5.0, Max Cap: 25.0)
[2026-07-24 21:44:50] [INFO] [TrafficSystem.EmergencyOverride]: EmergencyOverride initialized with boost score: 1000.0
[2026-07-24 21:44:50] [INFO] [TrafficSystem.SignalScheduler]: SignalScheduler initialized (Min Green: 10s, Max Green: 60s, Yellow: 3s)
[2026-07-24 21:44:50] [INFO] [TrafficSystem.SignalController]: SignalController initialized and ready for ESP32 hardware command generation.
[2026-07-24 21:44:50] [INFO] [TrafficSystem.TrafficPipeline]: Smart Traffic Management System Pipeline fully initialized and ready!
[2026-07-24 21:44:50] [INFO] [TrafficSystem.Main]: Starting video processing. Press 'q' in the window to exit.
[2026-07-24 21:44:51] [INFO] [TrafficSystem.PriorityCalculator]: [Rank #1] Lane: North  | PCE: 0.00  | Queue: 0.00  | Congestion: 0.00  | Total: 0.00
[2026-07-24 21:44:51] [INFO] [TrafficSystem.PriorityCalculator]: [Rank #2] Lane: South  | PCE: 0.00  | Queue: 0.00  | Congestion: 0.00  | Total: 0.00
[2026-07-24 21:44:51] [INFO] [TrafficSystem.PriorityCalculator]: [Rank #3] Lane: East   | PCE: 0.00  | Queue: 0.00  | Congestion: 0.00  | Total: 0.00
[2026-07-24 21:44:51] [INFO] [TrafficSystem.PriorityCalculator]: [Rank #4] Lane: West   | PCE: 0.00  | Queue: 0.00  | Congestion: 0.00  | Total: 0.00
[2026-07-24 21:44:51] [INFO] [TrafficSystem.SignalScheduler]: [Scheduler] Winner: North  | Score: 0.00  | Green: 10s | Reason: NORMAL
[2026-07-24 21:44:51] [INFO] [TrafficSystem.FairnessManager]: [Fairness Updated] Green: 'North' (Reset to 0). Waiting cycles: {'North': 0, 'South': 1, 'East': 1, 'West': 1}
[2026-07-24 21:44:51] [INFO] [TrafficSystem.SignalController]: [ESP32 Hardware Command #1] GREEN -> 'North' (10s) | Reason: NORMAL
[2026-07-24 21:44:51] [INFO] [TrafficSystem.Visualizer]: Output VideoWriter initialized: 'C:\Users\ashek\Desktop\smart-traffic-management\outputs\traffic_system_20260724_214450.mp4' (1280x720 @ 30.0 FPS)
[2026-07-24 21:44:51] [INFO] [TrafficSystem.PriorityCalculator]: [Rank #1] Lane: North  | PCE: 0.00  | Queue: 0.00  | Congestion: 0.00  | Total: 0.00
[2026-07-24 21:44:51] [INFO] [TrafficSystem.PriorityCalculator]: [Rank #2] Lane: South  | PCE: 0.00  | Queue: 0.00  | Congestion: 0.00  | Total: 0.00
[2026-07-24 21:44:51] [INFO] [TrafficSystem.PriorityCalculator]: [Rank #3] Lane: East   | PCE: 0.00  | Queue: 0.00  | Congestion: 0.00  | Total: 0.00
[2026-07-24 21:44:51] [INFO] [TrafficSystem.PriorityCalculator]: [Rank #4] Lane: West   | PCE: 0.00  | Queue: 0.00  | Congestion: 0.00  | Total: 0.00
[2026-07-24 21:44:51] [INFO] [TrafficSystem.FairnessManager]: [Fairness] Lane: South  | Base Score: 0.00 | Wait Cycles: 1 | Bonus: +5.00 | Adjusted: 5.00
[2026-07-24 21:44:51] [INFO] [TrafficSystem.FairnessManager]: [Fairness] Lane: East   | Base Score: 0.00 | Wait Cycles: 1 | Bonus: +5.00 | Adjusted: 5.00
[2026-07-24 21:44:51] [INFO] [TrafficSystem.FairnessManager]: [Fairness] Lane: West   | Base Score: 0.00 | Wait Cycles: 1 | Bonus: +5.00 | Adjusted: 5.00
[2026-07-24 21:44:51] [INFO] [TrafficSystem.SignalScheduler]: [Scheduler] Winner: South  | Score: 5.00  | Green: 27s | Reason: NORMAL
[2026-07-24 21:44:51] [INFO] [TrafficSystem.FairnessManager]: [Fairness Updated] Green: 'South' (Reset to 0). Waiting cycles: {'North': 1, 'South': 0, 'East': 2, 'West': 2}
[2026-07-24 21:44:51] [INFO] [TrafficSystem.SignalController]: [ESP32 Hardware Command #2] GREEN -> 'South' (27s) | Reason: NORMAL
[2026-07-24 21:44:52] [INFO] [TrafficSystem.PriorityCalculator]: [Rank #1] Lane: North  | PCE: 0.00  | Queue: 0.00  | Congestion: 0.00  | Total: 0.00
[2026-07-24 21:44:52] [INFO] [TrafficSystem.PriorityCalculator]: [Rank #2] Lane: South  | PCE: 0.00  | Queue: 0.00  | Congestion: 0.00  | Total: 0.00
[2026-07-24 21:44:52] [INFO] [TrafficSystem.PriorityCalculator]: [Rank #3] Lane: East   | PCE: 0.00  | Queue: 0.00  | Congestion: 0.00  | Total: 0.00
[2026-07-24 21:44:52] [INFO] [TrafficSystem.PriorityCalculator]: [Rank #4] Lane: West   | PCE: 0.00  | Queue: 0.00  | Congestion: 0.00  | Total: 0.00
[2026-07-24 21:44:52] [INFO] [TrafficSystem.FairnessManager]: [Fairness] Lane: East   | Base Score: 0.00 | Wait Cycles: 2 | Bonus: +10.00 | Adjusted: 10.00
[2026-07-24 21:44:52] [INFO] [TrafficSystem.FairnessManager]: [Fairness] Lane: West   | Base Score: 0.00 | Wait Cycles: 2 | Bonus: +10.00 | Adjusted: 10.00
[2026-07-24 21:44:52] [INFO] [TrafficSystem.FairnessManager]: [Fairness] Lane: North  | Base Score: 0.00 | Wait Cycles: 1 | Bonus: +5.00 | Adjusted: 5.00
[2026-07-24 21:44:52] [INFO] [TrafficSystem.SignalScheduler]: [Scheduler] Winner: East   | Score: 10.00 | Green: 30s | Reason: NORMAL
[2026-07-24 21:44:52] [INFO] [TrafficSystem.FairnessManager]: [Fairness Updated] Green: 'East' (Reset to 0). Waiting cycles: {'North': 2, 'South': 1, 'East': 0, 'West': 3}
[2026-07-24 21:44:52] [INFO] [TrafficSystem.SignalController]: [ESP32 Hardware Command #3] GREEN -> 'East' (30s) | Reason: NORMAL
[2026-07-24 21:44:52] [INFO] [TrafficSystem.PriorityCalculator]: [Rank #1] Lane: North  | PCE: 0.00  | Queue: 0.00  | Congestion: 0.00  | Total: 0.00
[2026-07-24 21:44:52] [INFO] [TrafficSystem.PriorityCalculator]: [Rank #2] Lane: South  | PCE: 0.00  | Queue: 0.00  | Congestion: 0.00  | Total: 0.00
[2026-07-24 21:44:52] [INFO] [TrafficSystem.PriorityCalculator]: [Rank #3] Lane: East   | PCE: 0.00  | Queue: 0.00  | Congestion: 0.00  | Total: 0.00
[2026-07-24 21:44:52] [INFO] [TrafficSystem.PriorityCalculator]: [Rank #4] Lane: West   | PCE: 0.00  | Queue: 0.00  | Congestion: 0.00  | Total: 0.00
[2026-07-24 21:44:52] [INFO] [TrafficSystem.FairnessManager]: [Fairness] Lane: West   | Base Score: 0.00 | Wait Cycles: 3 | Bonus: +15.00 | Adjusted: 15.00
[2026-07-24 21:44:52] [INFO] [TrafficSystem.FairnessManager]: [Fairness] Lane: North  | Base Score: 0.00 | Wait Cycles: 2 | Bonus: +10.00 | Adjusted: 10.00
[2026-07-24 21:44:52] [INFO] [TrafficSystem.FairnessManager]: [Fairness] Lane: South  | Base Score: 0.00 | Wait Cycles: 1 | Bonus: +5.00 | Adjusted: 5.00
[2026-07-24 21:44:52] [INFO] [TrafficSystem.SignalScheduler]: [Scheduler] Winner: West   | Score: 15.00 | Green: 35s | Reason: NORMAL
[2026-07-24 21:44:52] [INFO] [TrafficSystem.FairnessManager]: [Fairness Updated] Green: 'West' (Reset to 0). Waiting cycles: {'North': 3, 'South': 2, 'East': 1, 'West': 0}
[2026-07-24 21:44:52] [INFO] [TrafficSystem.SignalController]: [ESP32 Hardware Command #4] GREEN -> 'West' (35s) | Reason: NORMAL
[2026-07-24 21:44:52] [INFO] [TrafficSystem.PriorityCalculator]: [Rank #1] Lane: North  | PCE: 0.00  | Queue: 0.00  | Congestion: 0.00  | Total: 0.00
[2026-07-24 21:44:52] [INFO] [TrafficSystem.PriorityCalculator]: [Rank #2] Lane: South  | PCE: 0.00  | Queue: 0.00  | Congestion: 0.00  | Total: 0.00
[2026-07-24 21:44:52] [INFO] [TrafficSystem.PriorityCalculator]: [Rank #3] Lane: East   | PCE: 0.00  | Queue: 0.00  | Congestion: 0.00  | Total: 0.00
[2026-07-24 21:44:52] [INFO] [TrafficSystem.PriorityCalculator]: [Rank #4] Lane: West   | PCE: 0.00  | Queue: 0.00  | Congestion: 0.00  | Total: 0.00
[2026-07-24 21:44:52] [INFO] [TrafficSystem.FairnessManager]: [Fairness] Lane: North  | Base Score: 0.00 | Wait Cycles: 3 | Bonus: +15.00 | Adjusted: 15.00
[2026-07-24 21:44:52] [INFO] [TrafficSystem.FairnessManager]: [Fairness] Lane: South  | Base Score: 0.00 | Wait Cycles: 2 | Bonus: +10.00 | Adjusted: 10.00
[2026-07-24 21:44:52] [INFO] [TrafficSystem.FairnessManager]: [Fairness] Lane: East   | Base Score: 0.00 | Wait Cycles: 1 | Bonus: +5.00 | Adjusted: 5.00
[2026-07-24 21:44:52] [INFO] [TrafficSystem.SignalScheduler]: [Scheduler] Winner: North  | Score: 15.00 | Green: 35s | Reason: NORMAL
[2026-07-24 21:44:52] [INFO] [TrafficSystem.FairnessManager]: [Fairness Updated] Green: 'North' (Reset to 0). Waiting cycles: {'North': 0, 'South': 3, 'East': 2, 'West': 1}
[2026-07-24 21:44:52] [INFO] [TrafficSystem.SignalController]: [ESP32 Hardware Command #5] GREEN -> 'North' (35s) | Reason: NORMAL
[2026-07-24 21:44:52] [INFO] [TrafficSystem.PriorityCalculator]: [Rank #1] Lane: North  | PCE: 0.00  | Queue: 0.00  | Congestion: 0.00  | Total: 0.00
[2026-07-24 21:44:52] [INFO] [TrafficSystem.PriorityCalculator]: [Rank #2] Lane: South  | PCE: 0.00  | Queue: 0.00  | Congestion: 0.00  | Total: 0.00
[2026-07-24 21:44:52] [INFO] [TrafficSystem.PriorityCalculator]: [Rank #3] Lane: East   | PCE: 0.00  | Queue: 0.00  | Congestion: 0.00  | Total: 0.00
[2026-07-24 21:44:52] [INFO] [TrafficSystem.PriorityCalculator]: [Rank #4] Lane: West   | PCE: 0.00  | Queue: 0.00  | Congestion: 0.00  | Total: 0.00
[2026-07-24 21:44:52] [INFO] [TrafficSystem.FairnessManager]: [Fairness] Lane: South  | Base Score: 0.00 | Wait Cycles: 3 | Bonus: +15.00 | Adjusted: 15.00
[2026-07-24 21:44:52] [INFO] [TrafficSystem.FairnessManager]: [Fairness] Lane: East   | Base Score: 0.00 | Wait Cycles: 2 | Bonus: +10.00 | Adjusted: 10.00
[2026-07-24 21:44:52] [INFO] [TrafficSystem.FairnessManager]: [Fairness] Lane: West   | Base Score: 0.00 | Wait Cycles: 1 | Bonus: +5.00 | Adjusted: 5.00
[2026-07-24 21:44:52] [INFO] [TrafficSystem.SignalScheduler]: [Scheduler] Winner: South  | Score: 15.00 | Green: 35s | Reason: NORMAL
[2026-07-24 21:44:52] [INFO] [TrafficSystem.FairnessManager]: [Fairness Updated] Green: 'South' (Reset to 0). Waiting cycles: {'North': 1, 'South': 0, 'East': 3, 'West': 2}
[2026-07-24 21:44:52] [INFO] [TrafficSystem.SignalController]: [ESP32 Hardware Command #6] GREEN -> 'South' (35s) | Reason: NORMAL
[2026-07-24 21:44:52] [INFO] [TrafficSystem.PriorityCalculator]: [Rank #1] Lane: North  | PCE: 0.00  | Queue: 0.00  | Congestion: 0.00  | Total: 0.00
[2026-07-24 21:44:52] [INFO] [TrafficSystem.PriorityCalculator]: [Rank #2] Lane: South  | PCE: 0.00  | Queue: 0.00  | Congestion: 0.00  | Total: 0.00
[2026-07-24 21:44:52] [INFO] [TrafficSystem.PriorityCalculator]: [Rank #3] Lane: East   | PCE: 0.00  | Queue: 0.00  | Congestion: 0.00  | Total: 0.00
[2026-07-24 21:44:52] [INFO] [TrafficSystem.PriorityCalculator]: [Rank #4] Lane: West   | PCE: 0.00  | Queue: 0.00  | Congestion: 0.00  | Total: 0.00
[2026-07-24 21:44:52] [INFO] [TrafficSystem.FairnessManager]: [Fairness] Lane: East   | Base Score: 0.00 | Wait Cycles: 3 | Bonus: +15.00 | Adjusted: 15.00
[2026-07-24 21:44:52] [INFO] [TrafficSystem.FairnessManager]: [Fairness] Lane: West   | Base Score: 0.00 | Wait Cycles: 2 | Bonus: +10.00 | Adjusted: 10.00
[2026-07-24 21:44:52] [INFO] [TrafficSystem.FairnessManager]: [Fairness] Lane: North  | Base Score: 0.00 | Wait Cycles: 1 | Bonus: +5.00 | Adjusted: 5.00
[2026-07-24 21:44:52] [INFO] [TrafficSystem.SignalScheduler]: [Scheduler] Winner: East   | Score: 15.00 | Green: 35s | Reason: NORMAL
[2026-07-24 21:44:52] [INFO] [TrafficSystem.FairnessManager]: [Fairness Updated] Green: 'East' (Reset to 0). Waiting cycles: {'North': 2, 'South': 1, 'East': 0, 'West': 3}
[2026-07-24 21:44:52] [INFO] [TrafficSystem.SignalController]: [ESP32 Hardware Command #7] GREEN -> 'East' (35s) | Reason: NORMAL
[2026-07-24 21:44:52] [INFO] [TrafficSystem.PriorityCalculator]: [Rank #1] Lane: North  | PCE: 0.00  | Queue: 0.00  | Congestion: 0.00  | Total: 0.00
[2026-07-24 21:44:52] [INFO] [TrafficSystem.PriorityCalculator]: [Rank #2] Lane: South  | PCE: 0.00  | Queue: 0.00  | Congestion: 0.00  | Total: 0.00
[2026-07-24 21:44:52] [INFO] [TrafficSystem.PriorityCalculator]: [Rank #3] Lane: East   | PCE: 0.00  | Queue: 0.00  | Congestion: 0.00  | Total: 0.00
[2026-07-24 21:44:52] [INFO] [TrafficSystem.PriorityCalculator]: [Rank #4] Lane: West   | PCE: 0.00  | Queue: 0.00  | Congestion: 0.00  | Total: 0.00
[2026-07-24 21:44:52] [INFO] [TrafficSystem.FairnessManager]: [Fairness] Lane: West   | Base Score: 0.00 | Wait Cycles: 3 | Bonus: +15.00 | Adjusted: 15.00
[2026-07-24 21:44:52] [INFO] [TrafficSystem.FairnessManager]: [Fairness] Lane: North  | Base Score: 0.00 | Wait Cycles: 2 | Bonus: +10.00 | Adjusted: 10.00
[2026-07-24 21:44:52] [INFO] [TrafficSystem.FairnessManager]: [Fairness] Lane: South  | Base Score: 0.00 | Wait Cycles: 1 | Bonus: +5.00 | Adjusted: 5.00
[2026-07-24 21:44:52] [INFO] [TrafficSystem.SignalScheduler]: [Scheduler] Winner: West   | Score: 15.00 | Green: 35s | Reason: NORMAL
[2026-07-24 21:44:52] [INFO] [TrafficSystem.FairnessManager]: [Fairness Updated] Green: 'West' (Reset to 0). Waiting cycles: {'North': 3, 'South': 2, 'East': 1, 'West': 0}
[2026-07-24 21:44:52] [INFO] [TrafficSystem.SignalController]: [ESP32 Hardware Command #8] GREEN -> 'West' (35s) | Reason: NORMAL
[2026-07-24 21:44:52] [INFO] [TrafficSystem.PriorityCalculator]: [Rank #1] Lane: North  | PCE: 0.00  | Queue: 0.00  | Congestion: 0.00  | Total: 0.00
[2026-07-24 21:44:52] [INFO] [TrafficSystem.PriorityCalculator]: [Rank #2] Lane: South  | PCE: 0.00  | Queue: 0.00  | Congestion: 0.00  | Total: 0.00
[2026-07-24 21:44:52] [INFO] [TrafficSystem.PriorityCalculator]: [Rank #3] Lane: East   | PCE: 0.00  | Queue: 0.00  | Congestion: 0.00  | Total: 0.00
[2026-07-24 21:44:52] [INFO] [TrafficSystem.PriorityCalculator]: [Rank #4] Lane: West   | PCE: 0.00  | Queue: 0.00  | Congestion: 0.00  | Total: 0.00
[2026-07-24 21:44:52] [INFO] [TrafficSystem.FairnessManager]: [Fairness] Lane: North  | Base Score: 0.00 | Wait Cycles: 3 | Bonus: +15.00 | Adjusted: 15.00
[2026-07-24 21:44:52] [INFO] [TrafficSystem.FairnessManager]: [Fairness] Lane: South  | Base Score: 0.00 | Wait Cycles: 2 | Bonus: +10.00 | Adjusted: 10.00
[2026-07-24 21:44:52] [INFO] [TrafficSystem.FairnessManager]: [Fairness] Lane: East   | Base Score: 0.00 | Wait Cycles: 1 | Bonus: +5.00 | Adjusted: 5.00
[2026-07-24 21:44:52] [INFO] [TrafficSystem.SignalScheduler]: [Scheduler] Winner: North  | Score: 15.00 | Green: 35s | Reason: NORMAL
[2026-07-24 21:44:52] [INFO] [TrafficSystem.FairnessManager]: [Fairness Updated] Green: 'North' (Reset to 0). Waiting cycles: {'North': 0, 'South': 3, 'East': 2, 'West': 1}
[2026-07-24 21:44:52] [INFO] [TrafficSystem.SignalController]: [ESP32 Hardware Command #9] GREEN -> 'North' (35s) | Reason: NORMAL
[2026-07-24 21:44:52] [INFO] [TrafficSystem.PriorityCalculator]: [Rank #1] Lane: North  | PCE: 0.00  | Queue: 0.00  | Congestion: 0.00  | Total: 0.00
[2026-07-24 21:44:52] [INFO] [TrafficSystem.PriorityCalculator]: [Rank #2] Lane: South  | PCE: 0.00  | Queue: 0.00  | Congestion: 0.00  | Total: 0.00
[2026-07-24 21:44:52] [INFO] [TrafficSystem.PriorityCalculator]: [Rank #3] Lane: East   | PCE: 0.00  | Queue: 0.00  | Congestion: 0.00  | Total: 0.00
[2026-07-24 21:44:52] [INFO] [TrafficSystem.PriorityCalculator]: [Rank #4] Lane: West   | PCE: 0.00  | Queue: 0.00  | Congestion: 0.00  | Total: 0.00
[2026-07-24 21:44:52] [INFO] [TrafficSystem.FairnessManager]: [Fairness] Lane: South  | Base Score: 0.00 | Wait Cycles: 3 | Bonus: +15.00 | Adjusted: 15.00
[2026-07-24 21:44:52] [INFO] [TrafficSystem.FairnessManager]: [Fairness] Lane: East   | Base Score: 0.00 | Wait Cycles: 2 | Bonus: +10.00 | Adjusted: 10.00
[2026-07-24 21:44:52] [INFO] [TrafficSystem.FairnessManager]: [Fairness] Lane: West   | Base Score: 0.00 | Wait Cycles: 1 | Bonus: +5.00 | Adjusted: 5.00
[2026-07-24 21:44:52] [INFO] [TrafficSystem.SignalScheduler]: [Scheduler] Winner: South  | Score: 15.00 | Green: 35s | Reason: NORMAL
[2026-07-24 21:44:52] [INFO] [TrafficSystem.FairnessManager]: [Fairness Updated] Green: 'South' (Reset to 0). Waiting cycles: {'North': 1, 'South': 0, 'East': 3, 'West': 2}
[2026-07-24 21:44:52] [INFO] [TrafficSystem.SignalController]: [ESP32 Hardware Command #10] GREEN -> 'South' (35s) | Reason: NORMAL
[2026-07-24 21:44:52] [INFO] [TrafficSystem.PriorityCalculator]: [Rank #1] Lane: North  | PCE: 0.00  | Queue: 0.00  | Congestion: 0.00  | Total: 0.00
[2026-07-24 21:44:52] [INFO] [TrafficSystem.PriorityCalculator]: [Rank #2] Lane: South  | PCE: 0.00  | Queue: 0.00  | Congestion: 0.00  | Total: 0.00
[2026-07-24 21:44:52] [INFO] [TrafficSystem.PriorityCalculator]: [Rank #3] Lane: East   | PCE: 0.00  | Queue: 0.00  | Congestion: 0.00  | Total: 0.00
[2026-07-24 21:44:52] [INFO] [TrafficSystem.PriorityCalculator]: [Rank #4] Lane: West   | PCE: 0.00  | Queue: 0.00  | Congestion: 0.00  | Total: 0.00
[2026-07-24 21:44:52] [INFO] [TrafficSystem.FairnessManager]: [Fairness] Lane: East   | Base Score: 0.00 | Wait Cycles: 3 | Bonus: +15.00 | Adjusted: 15.00
[2026-07-24 21:44:52] [INFO] [TrafficSystem.FairnessManager]: [Fairness] Lane: West   | Base Score: 0.00 | Wait Cycles: 2 | Bonus: +10.00 | Adjusted: 10.00
[2026-07-24 21:44:52] [INFO] [TrafficSystem.FairnessManager]: [Fairness] Lane: North  | Base Score: 0.00 | Wait Cycles: 1 | Bonus: +5.00 | Adjusted: 5.00
[2026-07-24 21:44:52] [INFO] [TrafficSystem.SignalScheduler]: [Scheduler] Winner: East   | Score: 15.00 | Green: 35s | Reason: NORMAL
[2026-07-24 21:44:52] [INFO] [TrafficSystem.FairnessManager]: [Fairness Updated] Green: 'East' (Reset to 0). Waiting cycles: {'North': 2, 'South': 1, 'East': 0, 'West': 3}
[2026-07-24 21:44:52] [INFO] [TrafficSystem.SignalController]: [ESP32 Hardware Command #11] GREEN -> 'East' (35s) | Reason: NORMAL
[2026-07-24 21:44:52] [INFO] [TrafficSystem.PriorityCalculator]: [Rank #1] Lane: North  | PCE: 0.00  | Queue: 0.00  | Congestion: 0.00  | Total: 0.00
[2026-07-24 21:44:52] [INFO] [TrafficSystem.PriorityCalculator]: [Rank #2] Lane: South  | PCE: 0.00  | Queue: 0.00  | Congestion: 0.00  | Total: 0.00
[2026-07-24 21:44:52] [INFO] [TrafficSystem.PriorityCalculator]: [Rank #3] Lane: East   | PCE: 0.00  | Queue: 0.00  | Congestion: 0.00  | Total: 0.00
[2026-07-24 21:44:52] [INFO] [TrafficSystem.PriorityCalculator]: [Rank #4] Lane: West   | PCE: 0.00  | Queue: 0.00  | Congestion: 0.00  | Total: 0.00
[2026-07-24 21:44:52] [INFO] [TrafficSystem.FairnessManager]: [Fairness] Lane: West   | Base Score: 0.00 | Wait Cycles: 3 | Bonus: +15.00 | Adjusted: 15.00
[2026-07-24 21:44:52] [INFO] [TrafficSystem.FairnessManager]: [Fairness] Lane: North  | Base Score: 0.00 | Wait Cycles: 2 | Bonus: +10.00 | Adjusted: 10.00
[2026-07-24 21:44:52] [INFO] [TrafficSystem.FairnessManager]: [Fairness] Lane: South  | Base Score: 0.00 | Wait Cycles: 1 | Bonus: +5.00 | Adjusted: 5.00
[2026-07-24 21:44:52] [INFO] [TrafficSystem.SignalScheduler]: [Scheduler] Winner: West   | Score: 15.00 | Green: 35s | Reason: NORMAL
[2026-07-24 21:44:52] [INFO] [TrafficSystem.FairnessManager]: [Fairness Updated] Green: 'West' (Reset to 0). Waiting cycles: {'North': 3, 'South': 2, 'East': 1, 'West': 0}
[2026-07-24 21:44:52] [INFO] [TrafficSystem.SignalController]: [ESP32 Hardware Command #12] GREEN -> 'West' (35s) | Reason: NORMAL
[2026-07-24 21:44:52] [INFO] [TrafficSystem.PriorityCalculator]: [Rank #1] Lane: North  | PCE: 0.00  | Queue: 0.00  | Congestion: 0.00  | Total: 0.00
[2026-07-24 21:44:52] [INFO] [TrafficSystem.PriorityCalculator]: [Rank #2] Lane: South  | PCE: 0.00  | Queue: 0.00  | Congestion: 0.00  | Total: 0.00
[2026-07-24 21:44:52] [INFO] [TrafficSystem.PriorityCalculator]: [Rank #3] Lane: East   | PCE: 0.00  | Queue: 0.00  | Congestion: 0.00  | Total: 0.00
[2026-07-24 21:44:52] [INFO] [TrafficSystem.PriorityCalculator]: [Rank #4] Lane: West   | PCE: 0.00  | Queue: 0.00  | Congestion: 0.00  | Total: 0.00
[2026-07-24 21:44:52] [INFO] [TrafficSystem.FairnessManager]: [Fairness] Lane: North  | Base Score: 0.00 | Wait Cycles: 3 | Bonus: +15.00 | Adjusted: 15.00
[2026-07-24 21:44:52] [INFO] [TrafficSystem.FairnessManager]: [Fairness] Lane: South  | Base Score: 0.00 | Wait Cycles: 2 | Bonus: +10.00 | Adjusted: 10.00
[2026-07-24 21:44:52] [INFO] [TrafficSystem.FairnessManager]: [Fairness] Lane: East   | Base Score: 0.00 | Wait Cycles: 1 | Bonus: +5.00 | Adjusted: 5.00
[2026-07-24 21:44:52] [INFO] [TrafficSystem.SignalScheduler]: [Scheduler] Winner: North  | Score: 15.00 | Green: 35s | Reason: NORMAL
[2026-07-24 21:44:52] [INFO] [TrafficSystem.FairnessManager]: [Fairness Updated] Green: 'North' (Reset to 0). Waiting cycles: {'North': 0, 'South': 3, 'East': 2, 'West': 1}
[2026-07-24 21:44:52] [INFO] [TrafficSystem.SignalController]: [ESP32 Hardware Command #13] GREEN -> 'North' (35s) | Reason: NORMAL
[2026-07-24 21:44:53] [INFO] [TrafficSystem.PriorityCalculator]: [Rank #1] Lane: North  | PCE: 0.00  | Queue: 0.00  | Congestion: 0.00  | Total: 0.00
[2026-07-24 21:44:53] [INFO] [TrafficSystem.PriorityCalculator]: [Rank #2] Lane: South  | PCE: 0.00  | Queue: 0.00  | Congestion: 0.00  | Total: 0.00
[2026-07-24 21:44:53] [INFO] [TrafficSystem.PriorityCalculator]: [Rank #3] Lane: East   | PCE: 0.00  | Queue: 0.00  | Congestion: 0.00  | Total: 0.00
[2026-07-24 21:44:53] [INFO] [TrafficSystem.PriorityCalculator]: [Rank #4] Lane: West   | PCE: 0.00  | Queue: 0.00  | Congestion: 0.00  | Total: 0.00
[2026-07-24 21:44:53] [INFO] [TrafficSystem.FairnessManager]: [Fairness] Lane: South  | Base Score: 0.00 | Wait Cycles: 3 | Bonus: +15.00 | Adjusted: 15.00
[2026-07-24 21:44:53] [INFO] [TrafficSystem.FairnessManager]: [Fairness] Lane: East   | Base Score: 0.00 | Wait Cycles: 2 | Bonus: +10.00 | Adjusted: 10.00
[2026-07-24 21:44:53] [INFO] [TrafficSystem.FairnessManager]: [Fairness] Lane: West   | Base Score: 0.00 | Wait Cycles: 1 | Bonus: +5.00 | Adjusted: 5.00
[2026-07-24 21:44:53] [INFO] [TrafficSystem.SignalScheduler]: [Scheduler] Winner: South  | Score: 15.00 | Green: 35s | Reason: NORMAL
[2026-07-24 21:44:53] [INFO] [TrafficSystem.FairnessManager]: [Fairness Updated] Green: 'South' (Reset to 0). Waiting cycles: {'North': 1, 'South': 0, 'East': 3, 'West': 2}
[2026-07-24 21:44:53] [INFO] [TrafficSystem.SignalController]: [ESP32 Hardware Command #14] GREEN -> 'South' (35s) | Reason: NORMAL
[2026-07-24 21:44:53] [INFO] [TrafficSystem.PriorityCalculator]: [Rank #1] Lane: North  | PCE: 0.00  | Queue: 0.00  | Congestion: 0.00  | Total: 0.00
[2026-07-24 21:44:53] [INFO] [TrafficSystem.PriorityCalculator]: [Rank #2] Lane: South  | PCE: 0.00  | Queue: 0.00  | Congestion: 0.00  | Total: 0.00
[2026-07-24 21:44:53] [INFO] [TrafficSystem.PriorityCalculator]: [Rank #3] Lane: East   | PCE: 0.00  | Queue: 0.00  | Congestion: 0.00  | Total: 0.00
[2026-07-24 21:44:53] [INFO] [TrafficSystem.PriorityCalculator]: [Rank #4] Lane: West   | PCE: 0.00  | Queue: 0.00  | Congestion: 0.00  | Total: 0.00
[2026-07-24 21:44:53] [INFO] [TrafficSystem.FairnessManager]: [Fairness] Lane: East   | Base Score: 0.00 | Wait Cycles: 3 | Bonus: +15.00 | Adjusted: 15.00
[2026-07-24 21:44:53] [INFO] [TrafficSystem.FairnessManager]: [Fairness] Lane: West   | Base Score: 0.00 | Wait Cycles: 2 | Bonus: +10.00 | Adjusted: 10.00
[2026-07-24 21:44:53] [INFO] [TrafficSystem.FairnessManager]: [Fairness] Lane: North  | Base Score: 0.00 | Wait Cycles: 1 | Bonus: +5.00 | Adjusted: 5.00
[2026-07-24 21:44:53] [INFO] [TrafficSystem.SignalScheduler]: [Scheduler] Winner: East   | Score: 15.00 | Green: 35s | Reason: NORMAL
[2026-07-24 21:44:53] [INFO] [TrafficSystem.FairnessManager]: [Fairness Updated] Green: 'East' (Reset to 0). Waiting cycles: {'North': 2, 'South': 1, 'East': 0, 'West': 3}
[2026-07-24 21:44:53] [INFO] [TrafficSystem.SignalController]: [ESP32 Hardware Command #15] GREEN -> 'East' (35s) | Reason: NORMAL
[2026-07-24 21:44:53] [INFO] [TrafficSystem.PriorityCalculator]: [Rank #1] Lane: North  | PCE: 0.00  | Queue: 0.00  | Congestion: 0.00  | Total: 0.00
[2026-07-24 21:44:53] [INFO] [TrafficSystem.PriorityCalculator]: [Rank #2] Lane: South  | PCE: 0.00  | Queue: 0.00  | Congestion: 0.00  | Total: 0.00
[2026-07-24 21:44:53] [INFO] [TrafficSystem.PriorityCalculator]: [Rank #3] Lane: East   | PCE: 0.00  | Queue: 0.00  | Congestion: 0.00  | Total: 0.00
[2026-07-24 21:44:53] [INFO] [TrafficSystem.PriorityCalculator]: [Rank #4] Lane: West   | PCE: 0.00  | Queue: 0.00  | Congestion: 0.00  | Total: 0.00
[2026-07-24 21:44:53] [INFO] [TrafficSystem.FairnessManager]: [Fairness] Lane: West   | Base Score: 0.00 | Wait Cycles: 3 | Bonus: +15.00 | Adjusted: 15.00
[2026-07-24 21:44:53] [INFO] [TrafficSystem.FairnessManager]: [Fairness] Lane: North  | Base Score: 0.00 | Wait Cycles: 2 | Bonus: +10.00 | Adjusted: 10.00
[2026-07-24 21:44:53] [INFO] [TrafficSystem.FairnessManager]: [Fairness] Lane: South  | Base Score: 0.00 | Wait Cycles: 1 | Bonus: +5.00 | Adjusted: 5.00
[2026-07-24 21:44:53] [INFO] [TrafficSystem.SignalScheduler]: [Scheduler] Winner: West   | Score: 15.00 | Green: 35s | Reason: NORMAL
[2026-07-24 21:44:53] [INFO] [TrafficSystem.FairnessManager]: [Fairness Updated] Green: 'West' (Reset to 0). Waiting cycles: {'North': 3, 'South': 2, 'East': 1, 'West': 0}
[2026-07-24 21:44:53] [INFO] [TrafficSystem.SignalController]: [ESP32 Hardware Command #16] GREEN -> 'West' (35s) | Reason: NORMAL
[2026-07-24 21:44:53] [INFO] [TrafficSystem.PriorityCalculator]: [Rank #1] Lane: North  | PCE: 0.00  | Queue: 0.00  | Congestion: 0.00  | Total: 0.00
[2026-07-24 21:44:53] [INFO] [TrafficSystem.PriorityCalculator]: [Rank #2] Lane: South  | PCE: 0.00  | Queue: 0.00  | Congestion: 0.00  | Total: 0.00
[2026-07-24 21:44:53] [INFO] [TrafficSystem.PriorityCalculator]: [Rank #3] Lane: East   | PCE: 0.00  | Queue: 0.00  | Congestion: 0.00  | Total: 0.00
[2026-07-24 21:44:53] [INFO] [TrafficSystem.PriorityCalculator]: [Rank #4] Lane: West   | PCE: 0.00  | Queue: 0.00  | Congestion: 0.00  | Total: 0.00
[2026-07-24 21:44:53] [INFO] [TrafficSystem.FairnessManager]: [Fairness] Lane: North  | Base Score: 0.00 | Wait Cycles: 3 | Bonus: +15.00 | Adjusted: 15.00
[2026-07-24 21:44:53] [INFO] [TrafficSystem.FairnessManager]: [Fairness] Lane: South  | Base Score: 0.00 | Wait Cycles: 2 | Bonus: +10.00 | Adjusted: 10.00
[2026-07-24 21:44:53] [INFO] [TrafficSystem.FairnessManager]: [Fairness] Lane: East   | Base Score: 0.00 | Wait Cycles: 1 | Bonus: +5.00 | Adjusted: 5.00
[2026-07-24 21:44:53] [INFO] [TrafficSystem.SignalScheduler]: [Scheduler] Winner: North  | Score: 15.00 | Green: 35s | Reason: NORMAL
[2026-07-24 21:44:53] [INFO] [TrafficSystem.FairnessManager]: [Fairness Updated] Green: 'North' (Reset to 0). Waiting cycles: {'North': 0, 'South': 3, 'East': 2, 'West': 1}
[2026-07-24 21:44:53] [INFO] [TrafficSystem.SignalController]: [ESP32 Hardware Command #17] GREEN -> 'North' (35s) | Reason: NORMAL
[2026-07-24 21:44:53] [INFO] [TrafficSystem.PriorityCalculator]: [Rank #1] Lane: North  | PCE: 0.00  | Queue: 0.00  | Congestion: 0.00  | Total: 0.00
[2026-07-24 21:44:53] [INFO] [TrafficSystem.PriorityCalculator]: [Rank #2] Lane: South  | PCE: 0.00  | Queue: 0.00  | Congestion: 0.00  | Total: 0.00
[2026-07-24 21:44:53] [INFO] [TrafficSystem.PriorityCalculator]: [Rank #3] Lane: East   | PCE: 0.00  | Queue: 0.00  | Congestion: 0.00  | Total: 0.00
[2026-07-24 21:44:53] [INFO] [TrafficSystem.PriorityCalculator]: [Rank #4] Lane: West   | PCE: 0.00  | Queue: 0.00  | Congestion: 0.00  | Total: 0.00
[2026-07-24 21:44:53] [INFO] [TrafficSystem.FairnessManager]: [Fairness] Lane: South  | Base Score: 0.00 | Wait Cycles: 3 | Bonus: +15.00 | Adjusted: 15.00
[2026-07-24 21:44:53] [INFO] [TrafficSystem.FairnessManager]: [Fairness] Lane: East   | Base Score: 0.00 | Wait Cycles: 2 | Bonus: +10.00 | Adjusted: 10.00
[2026-07-24 21:44:53] [INFO] [TrafficSystem.FairnessManager]: [Fairness] Lane: West   | Base Score: 0.00 | Wait Cycles: 1 | Bonus: +5.00 | Adjusted: 5.00
[2026-07-24 21:44:53] [INFO] [TrafficSystem.SignalScheduler]: [Scheduler] Winner: South  | Score: 15.00 | Green: 35s | Reason: NORMAL
[2026-07-24 21:44:53] [INFO] [TrafficSystem.FairnessManager]: [Fairness Updated] Green: 'South' (Reset to 0). Waiting cycles: {'North': 1, 'South': 0, 'East': 3, 'West': 2}
[2026-07-24 21:44:53] [INFO] [TrafficSystem.SignalController]: [ESP32 Hardware Command #18] GREEN -> 'South' (35s) | Reason: NORMAL
[2026-07-24 21:44:53] [INFO] [TrafficSystem.PriorityCalculator]: [Rank #1] Lane: North  | PCE: 0.00  | Queue: 0.00  | Congestion: 0.00  | Total: 0.00
[2026-07-24 21:44:53] [INFO] [TrafficSystem.PriorityCalculator]: [Rank #2] Lane: South  | PCE: 0.00  | Queue: 0.00  | Congestion: 0.00  | Total: 0.00
[2026-07-24 21:44:53] [INFO] [TrafficSystem.PriorityCalculator]: [Rank #3] Lane: East   | PCE: 0.00  | Queue: 0.00  | Congestion: 0.00  | Total: 0.00
[2026-07-24 21:44:53] [INFO] [TrafficSystem.PriorityCalculator]: [Rank #4] Lane: West   | PCE: 0.00  | Queue: 0.00  | Congestion: 0.00  | Total: 0.00
[2026-07-24 21:44:53] [INFO] [TrafficSystem.FairnessManager]: [Fairness] Lane: East   | Base Score: 0.00 | Wait Cycles: 3 | Bonus: +15.00 | Adjusted: 15.00
[2026-07-24 21:44:53] [INFO] [TrafficSystem.FairnessManager]: [Fairness] Lane: West   | Base Score: 0.00 | Wait Cycles: 2 | Bonus: +10.00 | Adjusted: 10.00
[2026-07-24 21:44:53] [INFO] [TrafficSystem.FairnessManager]: [Fairness] Lane: North  | Base Score: 0.00 | Wait Cycles: 1 | Bonus: +5.00 | Adjusted: 5.00
[2026-07-24 21:44:53] [INFO] [TrafficSystem.SignalScheduler]: [Scheduler] Winner: East   | Score: 15.00 | Green: 35s | Reason: NORMAL
[2026-07-24 21:44:53] [INFO] [TrafficSystem.FairnessManager]: [Fairness Updated] Green: 'East' (Reset to 0). Waiting cycles: {'North': 2, 'South': 1, 'East': 0, 'West': 3}
[2026-07-24 21:44:53] [INFO] [TrafficSystem.SignalController]: [ESP32 Hardware Command #19] GREEN -> 'East' (35s) | Reason: NORMAL
[2026-07-24 21:44:53] [INFO] [TrafficSystem.PriorityCalculator]: [Rank #1] Lane: North  | PCE: 0.00  | Queue: 0.00  | Congestion: 0.00  | Total: 0.00
[2026-07-24 21:44:53] [INFO] [TrafficSystem.PriorityCalculator]: [Rank #2] Lane: South  | PCE: 0.00  | Queue: 0.00  | Congestion: 0.00  | Total: 0.00
[2026-07-24 21:44:53] [INFO] [TrafficSystem.PriorityCalculator]: [Rank #3] Lane: East   | PCE: 0.00  | Queue: 0.00  | Congestion: 0.00  | Total: 0.00
[2026-07-24 21:44:53] [INFO] [TrafficSystem.PriorityCalculator]: [Rank #4] Lane: West   | PCE: 0.00  | Queue: 0.00  | Congestion: 0.00  | Total: 0.00
[2026-07-24 21:44:53] [INFO] [TrafficSystem.FairnessManager]: [Fairness] Lane: West   | Base Score: 0.00 | Wait Cycles: 3 | Bonus: +15.00 | Adjusted: 15.00
[2026-07-24 21:44:53] [INFO] [TrafficSystem.FairnessManager]: [Fairness] Lane: North  | Base Score: 0.00 | Wait Cycles: 2 | Bonus: +10.00 | Adjusted: 10.00
[2026-07-24 21:44:53] [INFO] [TrafficSystem.FairnessManager]: [Fairness] Lane: South  | Base Score: 0.00 | Wait Cycles: 1 | Bonus: +5.00 | Adjusted: 5.00
[2026-07-24 21:44:53] [INFO] [TrafficSystem.SignalScheduler]: [Scheduler] Winner: West   | Score: 15.00 | Green: 35s | Reason: NORMAL
[2026-07-24 21:44:53] [INFO] [TrafficSystem.FairnessManager]: [Fairness Updated] Green: 'West' (Reset to 0). Waiting cycles: {'North': 3, 'South': 2, 'East': 1, 'West': 0}
[2026-07-24 21:44:53] [INFO] [TrafficSystem.SignalController]: [ESP32 Hardware Command #20] GREEN -> 'West' (35s) | Reason: NORMAL
[2026-07-24 21:44:53] [INFO] [TrafficSystem.PriorityCalculator]: [Rank #1] Lane: North  | PCE: 0.00  | Queue: 0.00  | Congestion: 0.00  | Total: 0.00
[2026-07-24 21:44:53] [INFO] [TrafficSystem.PriorityCalculator]: [Rank #2] Lane: South  | PCE: 0.00  | Queue: 0.00  | Congestion: 0.00  | Total: 0.00
[2026-07-24 21:44:53] [INFO] [TrafficSystem.PriorityCalculator]: [Rank #3] Lane: East   | PCE: 0.00  | Queue: 0.00  | Congestion: 0.00  | Total: 0.00
[2026-07-24 21:44:53] [INFO] [TrafficSystem.PriorityCalculator]: [Rank #4] Lane: West   | PCE: 0.00  | Queue: 0.00  | Congestion: 0.00  | Total: 0.00
[2026-07-24 21:44:53] [INFO] [TrafficSystem.FairnessManager]: [Fairness] Lane: North  | Base Score: 0.00 | Wait Cycles: 3 | Bonus: +15.00 | Adjusted: 15.00
[2026-07-24 21:44:53] [INFO] [TrafficSystem.FairnessManager]: [Fairness] Lane: South  | Base Score: 0.00 | Wait Cycles: 2 | Bonus: +10.00 | Adjusted: 10.00
[2026-07-24 21:44:53] [INFO] [TrafficSystem.FairnessManager]: [Fairness] Lane: East   | Base Score: 0.00 | Wait Cycles: 1 | Bonus: +5.00 | Adjusted: 5.00
[2026-07-24 21:44:53] [INFO] [TrafficSystem.SignalScheduler]: [Scheduler] Winner: North  | Score: 15.00 | Green: 35s | Reason: NORMAL
[2026-07-24 21:44:53] [INFO] [TrafficSystem.FairnessManager]: [Fairness Updated] Green: 'North' (Reset to 0). Waiting cycles: {'North': 0, 'South': 3, 'East': 2, 'West': 1}
[2026-07-24 21:44:53] [INFO] [TrafficSystem.SignalController]: [ESP32 Hardware Command #21] GREEN -> 'North' (35s) | Reason: NORMAL
[2026-07-24 21:44:53] [INFO] [TrafficSystem.PriorityCalculator]: [Rank #1] Lane: North  | PCE: 0.00  | Queue: 0.00  | Congestion: 0.00  | Total: 0.00
[2026-07-24 21:44:53] [INFO] [TrafficSystem.PriorityCalculator]: [Rank #2] Lane: South  | PCE: 0.00  | Queue: 0.00  | Congestion: 0.00  | Total: 0.00
[2026-07-24 21:44:53] [INFO] [TrafficSystem.PriorityCalculator]: [Rank #3] Lane: East   | PCE: 0.00  | Queue: 0.00  | Congestion: 0.00  | Total: 0.00
[2026-07-24 21:44:53] [INFO] [TrafficSystem.PriorityCalculator]: [Rank #4] Lane: West   | PCE: 0.00  | Queue: 0.00  | Congestion: 0.00  | Total: 0.00
[2026-07-24 21:44:53] [INFO] [TrafficSystem.FairnessManager]: [Fairness] Lane: South  | Base Score: 0.00 | Wait Cycles: 3 | Bonus: +15.00 | Adjusted: 15.00
[2026-07-24 21:44:53] [INFO] [TrafficSystem.FairnessManager]: [Fairness] Lane: East   | Base Score: 0.00 | Wait Cycles: 2 | Bonus: +10.00 | Adjusted: 10.00
[2026-07-24 21:44:53] [INFO] [TrafficSystem.FairnessManager]: [Fairness] Lane: West   | Base Score: 0.00 | Wait Cycles: 1 | Bonus: +5.00 | Adjusted: 5.00
[2026-07-24 21:44:53] [INFO] [TrafficSystem.SignalScheduler]: [Scheduler] Winner: South  | Score: 15.00 | Green: 35s | Reason: NORMAL
[2026-07-24 21:44:53] [INFO] [TrafficSystem.FairnessManager]: [Fairness Updated] Green: 'South' (Reset to 0). Waiting cycles: {'North': 1, 'South': 0, 'East': 3, 'West': 2}
[2026-07-24 21:44:53] [INFO] [TrafficSystem.SignalController]: [ESP32 Hardware Command #22] GREEN -> 'South' (35s) | Reason: NORMAL
[2026-07-24 21:44:53] [INFO] [TrafficSystem.PriorityCalculator]: [Rank #1] Lane: North  | PCE: 0.00  | Queue: 0.00  | Congestion: 0.00  | Total: 0.00
[2026-07-24 21:44:53] [INFO] [TrafficSystem.PriorityCalculator]: [Rank #2] Lane: South  | PCE: 0.00  | Queue: 0.00  | Congestion: 0.00  | Total: 0.00
[2026-07-24 21:44:53] [INFO] [TrafficSystem.PriorityCalculator]: [Rank #3] Lane: East   | PCE: 0.00  | Queue: 0.00  | Congestion: 0.00  | Total: 0.00
[2026-07-24 21:44:53] [INFO] [TrafficSystem.PriorityCalculator]: [Rank #4] Lane: West   | PCE: 0.00  | Queue: 0.00  | Congestion: 0.00  | Total: 0.00
[2026-07-24 21:44:53] [INFO] [TrafficSystem.FairnessManager]: [Fairness] Lane: East   | Base Score: 0.00 | Wait Cycles: 3 | Bonus: +15.00 | Adjusted: 15.00
[2026-07-24 21:44:53] [INFO] [TrafficSystem.FairnessManager]: [Fairness] Lane: West   | Base Score: 0.00 | Wait Cycles: 2 | Bonus: +10.00 | Adjusted: 10.00
[2026-07-24 21:44:53] [INFO] [TrafficSystem.FairnessManager]: [Fairness] Lane: North  | Base Score: 0.00 | Wait Cycles: 1 | Bonus: +5.00 | Adjusted: 5.00
[2026-07-24 21:44:53] [INFO] [TrafficSystem.SignalScheduler]: [Scheduler] Winner: East   | Score: 15.00 | Green: 35s | Reason: NORMAL
[2026-07-24 21:44:53] [INFO] [TrafficSystem.FairnessManager]: [Fairness Updated] Green: 'East' (Reset to 0). Waiting cycles: {'North': 2, 'South': 1, 'East': 0, 'West': 3}
[2026-07-24 21:44:53] [INFO] [TrafficSystem.SignalController]: [ESP32 Hardware Command #23] GREEN -> 'East' (35s) | Reason: NORMAL
[2026-07-24 21:44:53] [INFO] [TrafficSystem.PriorityCalculator]: [Rank #1] Lane: North  | PCE: 0.00  | Queue: 0.00  | Congestion: 0.00  | Total: 0.00
[2026-07-24 21:44:53] [INFO] [TrafficSystem.PriorityCalculator]: [Rank #2] Lane: South  | PCE: 0.00  | Queue: 0.00  | Congestion: 0.00  | Total: 0.00
[2026-07-24 21:44:53] [INFO] [TrafficSystem.PriorityCalculator]: [Rank #3] Lane: East   | PCE: 0.00  | Queue: 0.00  | Congestion: 0.00  | Total: 0.00
[2026-07-24 21:44:53] [INFO] [TrafficSystem.PriorityCalculator]: [Rank #4] Lane: West   | PCE: 0.00  | Queue: 0.00  | Congestion: 0.00  | Total: 0.00
[2026-07-24 21:44:53] [INFO] [TrafficSystem.FairnessManager]: [Fairness] Lane: West   | Base Score: 0.00 | Wait Cycles: 3 | Bonus: +15.00 | Adjusted: 15.00
[2026-07-24 21:44:53] [INFO] [TrafficSystem.FairnessManager]: [Fairness] Lane: North  | Base Score: 0.00 | Wait Cycles: 2 | Bonus: +10.00 | Adjusted: 10.00
[2026-07-24 21:44:53] [INFO] [TrafficSystem.FairnessManager]: [Fairness] Lane: South  | Base Score: 0.00 | Wait Cycles: 1 | Bonus: +5.00 | Adjusted: 5.00
[2026-07-24 21:44:53] [INFO] [TrafficSystem.SignalScheduler]: [Scheduler] Winner: West   | Score: 15.00 | Green: 35s | Reason: NORMAL
[2026-07-24 21:44:53] [INFO] [TrafficSystem.FairnessManager]: [Fairness Updated] Green: 'West' (Reset to 0). Waiting cycles: {'North': 3, 'South': 2, 'East': 1, 'West': 0}
[2026-07-24 21:44:53] [INFO] [TrafficSystem.SignalController]: [ESP32 Hardware Command #24] GREEN -> 'West' (35s) | Reason: NORMAL
[2026-07-24 21:44:54] [INFO] [TrafficSystem.PriorityCalculator]: [Rank #1] Lane: North  | PCE: 0.00  | Queue: 0.00  | Congestion: 0.00  | Total: 0.00
[2026-07-24 21:44:54] [INFO] [TrafficSystem.PriorityCalculator]: [Rank #2] Lane: South  | PCE: 0.00  | Queue: 0.00  | Congestion: 0.00  | Total: 0.00
[2026-07-24 21:44:54] [INFO] [TrafficSystem.PriorityCalculator]: [Rank #3] Lane: East   | PCE: 0.00  | Queue: 0.00  | Congestion: 0.00  | Total: 0.00
[2026-07-24 21:44:54] [INFO] [TrafficSystem.PriorityCalculator]: [Rank #4] Lane: West   | PCE: 0.00  | Queue: 0.00  | Congestion: 0.00  | Total: 0.00
[2026-07-24 21:44:54] [INFO] [TrafficSystem.FairnessManager]: [Fairness] Lane: North  | Base Score: 0.00 | Wait Cycles: 3 | Bonus: +15.00 | Adjusted: 15.00
[2026-07-24 21:44:54] [INFO] [TrafficSystem.FairnessManager]: [Fairness] Lane: South  | Base Score: 0.00 | Wait Cycles: 2 | Bonus: +10.00 | Adjusted: 10.00
[2026-07-24 21:44:54] [INFO] [TrafficSystem.FairnessManager]: [Fairness] Lane: East   | Base Score: 0.00 | Wait Cycles: 1 | Bonus: +5.00 | Adjusted: 5.00
[2026-07-24 21:44:54] [INFO] [TrafficSystem.SignalScheduler]: [Scheduler] Winner: North  | Score: 15.00 | Green: 35s | Reason: NORMAL
[2026-07-24 21:44:54] [INFO] [TrafficSystem.FairnessManager]: [Fairness Updated] Green: 'North' (Reset to 0). Waiting cycles: {'North': 0, 'South': 3, 'East': 2, 'West': 1}
[2026-07-24 21:44:54] [INFO] [TrafficSystem.SignalController]: [ESP32 Hardware Command #25] GREEN -> 'North' (35s) | Reason: NORMAL
[2026-07-24 21:44:54] [INFO] [TrafficSystem.PriorityCalculator]: [Rank #1] Lane: North  | PCE: 0.00  | Queue: 0.00  | Congestion: 0.00  | Total: 0.00
[2026-07-24 21:44:54] [INFO] [TrafficSystem.PriorityCalculator]: [Rank #2] Lane: South  | PCE: 0.00  | Queue: 0.00  | Congestion: 0.00  | Total: 0.00
[2026-07-24 21:44:54] [INFO] [TrafficSystem.PriorityCalculator]: [Rank #3] Lane: East   | PCE: 0.00  | Queue: 0.00  | Congestion: 0.00  | Total: 0.00
[2026-07-24 21:44:54] [INFO] [TrafficSystem.PriorityCalculator]: [Rank #4] Lane: West   | PCE: 0.00  | Queue: 0.00  | Congestion: 0.00  | Total: 0.00
[2026-07-24 21:44:54] [INFO] [TrafficSystem.FairnessManager]: [Fairness] Lane: South  | Base Score: 0.00 | Wait Cycles: 3 | Bonus: +15.00 | Adjusted: 15.00
[2026-07-24 21:44:54] [INFO] [TrafficSystem.FairnessManager]: [Fairness] Lane: East   | Base Score: 0.00 | Wait Cycles: 2 | Bonus: +10.00 | Adjusted: 10.00
[2026-07-24 21:44:54] [INFO] [TrafficSystem.FairnessManager]: [Fairness] Lane: West   | Base Score: 0.00 | Wait Cycles: 1 | Bonus: +5.00 | Adjusted: 5.00
[2026-07-24 21:44:54] [INFO] [TrafficSystem.SignalScheduler]: [Scheduler] Winner: South  | Score: 15.00 | Green: 35s | Reason: NORMAL
[2026-07-24 21:44:54] [INFO] [TrafficSystem.FairnessManager]: [Fairness Updated] Green: 'South' (Reset to 0). Waiting cycles: {'North': 1, 'South': 0, 'East': 3, 'West': 2}
[2026-07-24 21:44:54] [INFO] [TrafficSystem.SignalController]: [ESP32 Hardware Command #26] GREEN -> 'South' (35s) | Reason: NORMAL
[2026-07-24 21:44:54] [INFO] [TrafficSystem.PriorityCalculator]: [Rank #1] Lane: North  | PCE: 0.00  | Queue: 0.00  | Congestion: 0.00  | Total: 0.00
[2026-07-24 21:44:54] [INFO] [TrafficSystem.PriorityCalculator]: [Rank #2] Lane: South  | PCE: 0.00  | Queue: 0.00  | Congestion: 0.00  | Total: 0.00
[2026-07-24 21:44:54] [INFO] [TrafficSystem.PriorityCalculator]: [Rank #3] Lane: East   | PCE: 0.00  | Queue: 0.00  | Congestion: 0.00  | Total: 0.00
[2026-07-24 21:44:54] [INFO] [TrafficSystem.PriorityCalculator]: [Rank #4] Lane: West   | PCE: 0.00  | Queue: 0.00  | Congestion: 0.00  | Total: 0.00
[2026-07-24 21:44:54] [INFO] [TrafficSystem.FairnessManager]: [Fairness] Lane: East   | Base Score: 0.00 | Wait Cycles: 3 | Bonus: +15.00 | Adjusted: 15.00
[2026-07-24 21:44:54] [INFO] [TrafficSystem.FairnessManager]: [Fairness] Lane: West   | Base Score: 0.00 | Wait Cycles: 2 | Bonus: +10.00 | Adjusted: 10.00
[2026-07-24 21:44:54] [INFO] [TrafficSystem.FairnessManager]: [Fairness] Lane: North  | Base Score: 0.00 | Wait Cycles: 1 | Bonus: +5.00 | Adjusted: 5.00
[2026-07-24 21:44:54] [INFO] [TrafficSystem.SignalScheduler]: [Scheduler] Winner: East   | Score: 15.00 | Green: 35s | Reason: NORMAL
[2026-07-24 21:44:54] [INFO] [TrafficSystem.FairnessManager]: [Fairness Updated] Green: 'East' (Reset to 0). Waiting cycles: {'North': 2, 'South': 1, 'East': 0, 'West': 3}
[2026-07-24 21:44:54] [INFO] [TrafficSystem.SignalController]: [ESP32 Hardware Command #27] GREEN -> 'East' (35s) | Reason: NORMAL
[2026-07-24 21:44:54] [INFO] [TrafficSystem.PriorityCalculator]: [Rank #1] Lane: North  | PCE: 0.00  | Queue: 0.00  | Congestion: 0.00  | Total: 0.00
[2026-07-24 21:44:54] [INFO] [TrafficSystem.PriorityCalculator]: [Rank #2] Lane: South  | PCE: 0.00  | Queue: 0.00  | Congestion: 0.00  | Total: 0.00
[2026-07-24 21:44:54] [INFO] [TrafficSystem.PriorityCalculator]: [Rank #3] Lane: East   | PCE: 0.00  | Queue: 0.00  | Congestion: 0.00  | Total: 0.00
[2026-07-24 21:44:54] [INFO] [TrafficSystem.PriorityCalculator]: [Rank #4] Lane: West   | PCE: 0.00  | Queue: 0.00  | Congestion: 0.00  | Total: 0.00
[2026-07-24 21:44:54] [INFO] [TrafficSystem.FairnessManager]: [Fairness] Lane: West   | Base Score: 0.00 | Wait Cycles: 3 | Bonus: +15.00 | Adjusted: 15.00
[2026-07-24 21:44:54] [INFO] [TrafficSystem.FairnessManager]: [Fairness] Lane: North  | Base Score: 0.00 | Wait Cycles: 2 | Bonus: +10.00 | Adjusted: 10.00
[2026-07-24 21:44:54] [INFO] [TrafficSystem.FairnessManager]: [Fairness] Lane: South  | Base Score: 0.00 | Wait Cycles: 1 | Bonus: +5.00 | Adjusted: 5.00
[2026-07-24 21:44:54] [INFO] [TrafficSystem.SignalScheduler]: [Scheduler] Winner: West   | Score: 15.00 | Green: 35s | Reason: NORMAL
[2026-07-24 21:44:54] [INFO] [TrafficSystem.FairnessManager]: [Fairness Updated] Green: 'West' (Reset to 0). Waiting cycles: {'North': 3, 'South': 2, 'East': 1, 'West': 0}
[2026-07-24 21:44:54] [INFO] [TrafficSystem.SignalController]: [ESP32 Hardware Command #28] GREEN -> 'West' (35s) | Reason: NORMAL
[2026-07-24 21:44:54] [INFO] [TrafficSystem.PriorityCalculator]: [Rank #1] Lane: North  | PCE: 0.00  | Queue: 0.00  | Congestion: 0.00  | Total: 0.00
[2026-07-24 21:44:54] [INFO] [TrafficSystem.PriorityCalculator]: [Rank #2] Lane: South  | PCE: 0.00  | Queue: 0.00  | Congestion: 0.00  | Total: 0.00
[2026-07-24 21:44:54] [INFO] [TrafficSystem.PriorityCalculator]: [Rank #3] Lane: East   | PCE: 0.00  | Queue: 0.00  | Congestion: 0.00  | Total: 0.00
[2026-07-24 21:44:54] [INFO] [TrafficSystem.PriorityCalculator]: [Rank #4] Lane: West   | PCE: 0.00  | Queue: 0.00  | Congestion: 0.00  | Total: 0.00
[2026-07-24 21:44:54] [INFO] [TrafficSystem.FairnessManager]: [Fairness] Lane: North  | Base Score: 0.00 | Wait Cycles: 3 | Bonus: +15.00 | Adjusted: 15.00
[2026-07-24 21:44:54] [INFO] [TrafficSystem.FairnessManager]: [Fairness] Lane: South  | Base Score: 0.00 | Wait Cycles: 2 | Bonus: +10.00 | Adjusted: 10.00
[2026-07-24 21:44:54] [INFO] [TrafficSystem.FairnessManager]: [Fairness] Lane: East   | Base Score: 0.00 | Wait Cycles: 1 | Bonus: +5.00 | Adjusted: 5.00
[2026-07-24 21:44:54] [INFO] [TrafficSystem.SignalScheduler]: [Scheduler] Winner: North  | Score: 15.00 | Green: 35s | Reason: NORMAL
[2026-07-24 21:44:54] [INFO] [TrafficSystem.FairnessManager]: [Fairness Updated] Green: 'North' (Reset to 0). Waiting cycles: {'North': 0, 'South': 3, 'East': 2, 'West': 1}
[2026-07-24 21:44:54] [INFO] [TrafficSystem.SignalController]: [ESP32 Hardware Command #29] GREEN -> 'North' (35s) | Reason: NORMAL
[2026-07-24 21:44:54] [INFO] [TrafficSystem.PriorityCalculator]: [Rank #1] Lane: North  | PCE: 0.00  | Queue: 0.00  | Congestion: 0.00  | Total: 0.00
[2026-07-24 21:44:54] [INFO] [TrafficSystem.PriorityCalculator]: [Rank #2] Lane: South  | PCE: 0.00  | Queue: 0.00  | Congestion: 0.00  | Total: 0.00
[2026-07-24 21:44:54] [INFO] [TrafficSystem.PriorityCalculator]: [Rank #3] Lane: East   | PCE: 0.00  | Queue: 0.00  | Congestion: 0.00  | Total: 0.00
[2026-07-24 21:44:54] [INFO] [TrafficSystem.PriorityCalculator]: [Rank #4] Lane: West   | PCE: 0.00  | Queue: 0.00  | Congestion: 0.00  | Total: 0.00
[2026-07-24 21:44:54] [INFO] [TrafficSystem.FairnessManager]: [Fairness] Lane: South  | Base Score: 0.00 | Wait Cycles: 3 | Bonus: +15.00 | Adjusted: 15.00
[2026-07-24 21:44:54] [INFO] [TrafficSystem.FairnessManager]: [Fairness] Lane: East   | Base Score: 0.00 | Wait Cycles: 2 | Bonus: +10.00 | Adjusted: 10.00
[2026-07-24 21:44:54] [INFO] [TrafficSystem.FairnessManager]: [Fairness] Lane: West   | Base Score: 0.00 | Wait Cycles: 1 | Bonus: +5.00 | Adjusted: 5.00
[2026-07-24 21:44:54] [INFO] [TrafficSystem.SignalScheduler]: [Scheduler] Winner: South  | Score: 15.00 | Green: 35s | Reason: NORMAL
[2026-07-24 21:44:54] [INFO] [TrafficSystem.FairnessManager]: [Fairness Updated] Green: 'South' (Reset to 0). Waiting cycles: {'North': 1, 'South': 0, 'East': 3, 'West': 2}
[2026-07-24 21:44:54] [INFO] [TrafficSystem.SignalController]: [ESP32 Hardware Command #30] GREEN -> 'South' (35s) | Reason: NORMAL
[2026-07-24 21:44:54] [INFO] [TrafficSystem.PriorityCalculator]: [Rank #1] Lane: North  | PCE: 0.00  | Queue: 0.00  | Congestion: 0.00  | Total: 0.00
[2026-07-24 21:44:54] [INFO] [TrafficSystem.PriorityCalculator]: [Rank #2] Lane: South  | PCE: 0.00  | Queue: 0.00  | Congestion: 0.00  | Total: 0.00
[2026-07-24 21:44:54] [INFO] [TrafficSystem.PriorityCalculator]: [Rank #3] Lane: East   | PCE: 0.00  | Queue: 0.00  | Congestion: 0.00  | Total: 0.00
[2026-07-24 21:44:54] [INFO] [TrafficSystem.PriorityCalculator]: [Rank #4] Lane: West   | PCE: 0.00  | Queue: 0.00  | Congestion: 0.00  | Total: 0.00
[2026-07-24 21:44:54] [INFO] [TrafficSystem.FairnessManager]: [Fairness] Lane: East   | Base Score: 0.00 | Wait Cycles: 3 | Bonus: +15.00 | Adjusted: 15.00
[2026-07-24 21:44:54] [INFO] [TrafficSystem.FairnessManager]: [Fairness] Lane: West   | Base Score: 0.00 | Wait Cycles: 2 | Bonus: +10.00 | Adjusted: 10.00
[2026-07-24 21:44:54] [INFO] [TrafficSystem.FairnessManager]: [Fairness] Lane: North  | Base Score: 0.00 | Wait Cycles: 1 | Bonus: +5.00 | Adjusted: 5.00
[2026-07-24 21:44:54] [INFO] [TrafficSystem.SignalScheduler]: [Scheduler] Winner: East   | Score: 15.00 | Green: 35s | Reason: NORMAL
[2026-07-24 21:44:54] [INFO] [TrafficSystem.FairnessManager]: [Fairness Updated] Green: 'East' (Reset to 0). Waiting cycles: {'North': 2, 'South': 1, 'East': 0, 'West': 3}
[2026-07-24 21:44:54] [INFO] [TrafficSystem.SignalController]: [ESP32 Hardware Command #31] GREEN -> 'East' (35s) | Reason: NORMAL
[2026-07-24 21:44:54] [INFO] [TrafficSystem.PriorityCalculator]: [Rank #1] Lane: North  | PCE: 0.00  | Queue: 0.00  | Congestion: 0.00  | Total: 0.00
[2026-07-24 21:44:54] [INFO] [TrafficSystem.PriorityCalculator]: [Rank #2] Lane: South  | PCE: 0.00  | Queue: 0.00  | Congestion: 0.00  | Total: 0.00
[2026-07-24 21:44:54] [INFO] [TrafficSystem.PriorityCalculator]: [Rank #3] Lane: East   | PCE: 0.00  | Queue: 0.00  | Congestion: 0.00  | Total: 0.00
[2026-07-24 21:44:54] [INFO] [TrafficSystem.PriorityCalculator]: [Rank #4] Lane: West   | PCE: 0.00  | Queue: 0.00  | Congestion: 0.00  | Total: 0.00
[2026-07-24 21:44:54] [INFO] [TrafficSystem.FairnessManager]: [Fairness] Lane: West   | Base Score: 0.00 | Wait Cycles: 3 | Bonus: +15.00 | Adjusted: 15.00
[2026-07-24 21:44:54] [INFO] [TrafficSystem.FairnessManager]: [Fairness] Lane: North  | Base Score: 0.00 | Wait Cycles: 2 | Bonus: +10.00 | Adjusted: 10.00
[2026-07-24 21:44:54] [INFO] [TrafficSystem.FairnessManager]: [Fairness] Lane: South  | Base Score: 0.00 | Wait Cycles: 1 | Bonus: +5.00 | Adjusted: 5.00
[2026-07-24 21:44:54] [INFO] [TrafficSystem.SignalScheduler]: [Scheduler] Winner: West   | Score: 15.00 | Green: 35s | Reason: NORMAL
[2026-07-24 21:44:54] [INFO] [TrafficSystem.FairnessManager]: [Fairness Updated] Green: 'West' (Reset to 0). Waiting cycles: {'North': 3, 'South': 2, 'East': 1, 'West': 0}
[2026-07-24 21:44:54] [INFO] [TrafficSystem.SignalController]: [ESP32 Hardware Command #32] GREEN -> 'West' (35s) | Reason: NORMAL
[2026-07-24 21:44:54] [INFO] [TrafficSystem.PriorityCalculator]: [Rank #1] Lane: North  | PCE: 0.00  | Queue: 0.00  | Congestion: 0.00  | Total: 0.00
[2026-07-24 21:44:54] [INFO] [TrafficSystem.PriorityCalculator]: [Rank #2] Lane: South  | PCE: 0.00  | Queue: 0.00  | Congestion: 0.00  | Total: 0.00
[2026-07-24 21:44:54] [INFO] [TrafficSystem.PriorityCalculator]: [Rank #3] Lane: East   | PCE: 0.00  | Queue: 0.00  | Congestion: 0.00  | Total: 0.00
[2026-07-24 21:44:54] [INFO] [TrafficSystem.PriorityCalculator]: [Rank #4] Lane: West   | PCE: 0.00  | Queue: 0.00  | Congestion: 0.00  | Total: 0.00
[2026-07-24 21:44:54] [INFO] [TrafficSystem.FairnessManager]: [Fairness] Lane: North  | Base Score: 0.00 | Wait Cycles: 3 | Bonus: +15.00 | Adjusted: 15.00
[2026-07-24 21:44:54] [INFO] [TrafficSystem.FairnessManager]: [Fairness] Lane: South  | Base Score: 0.00 | Wait Cycles: 2 | Bonus: +10.00 | Adjusted: 10.00
[2026-07-24 21:44:54] [INFO] [TrafficSystem.FairnessManager]: [Fairness] Lane: East   | Base Score: 0.00 | Wait Cycles: 1 | Bonus: +5.00 | Adjusted: 5.00
[2026-07-24 21:44:54] [INFO] [TrafficSystem.SignalScheduler]: [Scheduler] Winner: North  | Score: 15.00 | Green: 35s | Reason: NORMAL
[2026-07-24 21:44:54] [INFO] [TrafficSystem.FairnessManager]: [Fairness Updated] Green: 'North' (Reset to 0). Waiting cycles: {'North': 0, 'South': 3, 'East': 2, 'West': 1}
[2026-07-24 21:44:54] [INFO] [TrafficSystem.SignalController]: [ESP32 Hardware Command #33] GREEN -> 'North' (35s) | Reason: NORMAL
[2026-07-24 21:44:55] [INFO] [TrafficSystem.PriorityCalculator]: [Rank #1] Lane: North  | PCE: 0.00  | Queue: 0.00  | Congestion: 0.00  | Total: 0.00
[2026-07-24 21:44:55] [INFO] [TrafficSystem.PriorityCalculator]: [Rank #2] Lane: South  | PCE: 0.00  | Queue: 0.00  | Congestion: 0.00  | Total: 0.00
[2026-07-24 21:44:55] [INFO] [TrafficSystem.PriorityCalculator]: [Rank #3] Lane: East   | PCE: 0.00  | Queue: 0.00  | Congestion: 0.00  | Total: 0.00
[2026-07-24 21:44:55] [INFO] [TrafficSystem.PriorityCalculator]: [Rank #4] Lane: West   | PCE: 0.00  | Queue: 0.00  | Congestion: 0.00  | Total: 0.00
[2026-07-24 21:44:55] [INFO] [TrafficSystem.FairnessManager]: [Fairness] Lane: South  | Base Score: 0.00 | Wait Cycles: 3 | Bonus: +15.00 | Adjusted: 15.00
[2026-07-24 21:44:55] [INFO] [TrafficSystem.FairnessManager]: [Fairness] Lane: East   | Base Score: 0.00 | Wait Cycles: 2 | Bonus: +10.00 | Adjusted: 10.00
[2026-07-24 21:44:55] [INFO] [TrafficSystem.FairnessManager]: [Fairness] Lane: West   | Base Score: 0.00 | Wait Cycles: 1 | Bonus: +5.00 | Adjusted: 5.00
[2026-07-24 21:44:55] [INFO] [TrafficSystem.SignalScheduler]: [Scheduler] Winner: South  | Score: 15.00 | Green: 35s | Reason: NORMAL
[2026-07-24 21:44:55] [INFO] [TrafficSystem.FairnessManager]: [Fairness Updated] Green: 'South' (Reset to 0). Waiting cycles: {'North': 1, 'South': 0, 'East': 3, 'West': 2}
[2026-07-24 21:44:55] [INFO] [TrafficSystem.SignalController]: [ESP32 Hardware Command #34] GREEN -> 'South' (35s) | Reason: NORMAL
[2026-07-24 21:44:55] [INFO] [TrafficSystem.PriorityCalculator]: [Rank #1] Lane: North  | PCE: 0.00  | Queue: 0.00  | Congestion: 0.00  | Total: 0.00
[2026-07-24 21:44:55] [INFO] [TrafficSystem.PriorityCalculator]: [Rank #2] Lane: South  | PCE: 0.00  | Queue: 0.00  | Congestion: 0.00  | Total: 0.00
[2026-07-24 21:44:55] [INFO] [TrafficSystem.PriorityCalculator]: [Rank #3] Lane: East   | PCE: 0.00  | Queue: 0.00  | Congestion: 0.00  | Total: 0.00
[2026-07-24 21:44:55] [INFO] [TrafficSystem.PriorityCalculator]: [Rank #4] Lane: West   | PCE: 0.00  | Queue: 0.00  | Congestion: 0.00  | Total: 0.00
[2026-07-24 21:44:55] [INFO] [TrafficSystem.FairnessManager]: [Fairness] Lane: East   | Base Score: 0.00 | Wait Cycles: 3 | Bonus: +15.00 | Adjusted: 15.00
[2026-07-24 21:44:55] [INFO] [TrafficSystem.FairnessManager]: [Fairness] Lane: West   | Base Score: 0.00 | Wait Cycles: 2 | Bonus: +10.00 | Adjusted: 10.00
[2026-07-24 21:44:55] [INFO] [TrafficSystem.FairnessManager]: [Fairness] Lane: North  | Base Score: 0.00 | Wait Cycles: 1 | Bonus: +5.00 | Adjusted: 5.00
[2026-07-24 21:44:55] [INFO] [TrafficSystem.SignalScheduler]: [Scheduler] Winner: East   | Score: 15.00 | Green: 35s | Reason: NORMAL
[2026-07-24 21:44:55] [INFO] [TrafficSystem.FairnessManager]: [Fairness Updated] Green: 'East' (Reset to 0). Waiting cycles: {'North': 2, 'South': 1, 'East': 0, 'West': 3}
[2026-07-24 21:44:55] [INFO] [TrafficSystem.SignalController]: [ESP32 Hardware Command #35] GREEN -> 'East' (35s) | Reason: NORMAL
[2026-07-24 21:44:55] [INFO] [TrafficSystem.PriorityCalculator]: [Rank #1] Lane: North  | PCE: 0.00  | Queue: 0.00  | Congestion: 0.00  | Total: 0.00
[2026-07-24 21:44:55] [INFO] [TrafficSystem.PriorityCalculator]: [Rank #2] Lane: South  | PCE: 0.00  | Queue: 0.00  | Congestion: 0.00  | Total: 0.00
[2026-07-24 21:44:55] [INFO] [TrafficSystem.PriorityCalculator]: [Rank #3] Lane: East   | PCE: 0.00  | Queue: 0.00  | Congestion: 0.00  | Total: 0.00
[2026-07-24 21:44:55] [INFO] [TrafficSystem.PriorityCalculator]: [Rank #4] Lane: West   | PCE: 0.00  | Queue: 0.00  | Congestion: 0.00  | Total: 0.00
[2026-07-24 21:44:55] [INFO] [TrafficSystem.FairnessManager]: [Fairness] Lane: West   | Base Score: 0.00 | Wait Cycles: 3 | Bonus: +15.00 | Adjusted: 15.00
[2026-07-24 21:44:55] [INFO] [TrafficSystem.FairnessManager]: [Fairness] Lane: North  | Base Score: 0.00 | Wait Cycles: 2 | Bonus: +10.00 | Adjusted: 10.00
[2026-07-24 21:44:55] [INFO] [TrafficSystem.FairnessManager]: [Fairness] Lane: South  | Base Score: 0.00 | Wait Cycles: 1 | Bonus: +5.00 | Adjusted: 5.00
[2026-07-24 21:44:55] [INFO] [TrafficSystem.SignalScheduler]: [Scheduler] Winner: West   | Score: 15.00 | Green: 35s | Reason: NORMAL
[2026-07-24 21:44:55] [INFO] [TrafficSystem.FairnessManager]: [Fairness Updated] Green: 'West' (Reset to 0). Waiting cycles: {'North': 3, 'South': 2, 'East': 1, 'West': 0}
[2026-07-24 21:44:55] [INFO] [TrafficSystem.SignalController]: [ESP32 Hardware Command #36] GREEN -> 'West' (35s) | Reason: NORMAL
[2026-07-24 21:44:55] [INFO] [TrafficSystem.Main]: Window closed by user.
[2026-07-24 21:44:55] [INFO] [TrafficSystem.TrafficPipeline]: Shutting down Traffic Pipeline...
[2026-07-24 21:44:55] [INFO] [TrafficSystem.CameraManager]: Video stream released successfully.
[2026-07-24 21:44:55] [INFO] [TrafficSystem.Visualizer]: VideoWriter released successfully.
[2026-07-24 21:44:55] [INFO] [TrafficSystem.TrafficPipeline]: Pipeline Session Summary: Processed 36 frames in 5.17s (Avg FPS: 10.3, Avg Latency: 80.61ms)
[2026-07-24 21:44:55] [INFO] [TrafficSystem.Main]: Clean shutdown complete.
[2026-07-24 21:55:13] [INFO] [TrafficSystem.TrafficPipeline]: Initializing Smart Traffic Management System Pipeline...
[2026-07-24 21:55:13] [INFO] [TrafficSystem.CameraManager]: Opening video source: 'C:\Users\ashek\Desktop\smart-traffic-management\videos\traffic.mp4'...
[2026-07-24 21:55:13] [INFO] [TrafficSystem.CameraManager]: Stream opened successfully. Resolution: (1280, 720), FPS: 30.0
[2026-07-24 21:55:13] [INFO] [TrafficSystem.ModelManager]: Initializing YOLO model: 'yolo11n.pt'...
[2026-07-24 21:55:13] [INFO] [TrafficSystem.ModelManager]: Model 'yolo11n.pt' loaded successfully!
[2026-07-24 21:55:13] [INFO] [TrafficSystem.VehicleDetector]: VehicleDetector initialized focusing on classes: {2: 'car', 3: 'motorcycle', 5: 'bus', 7: 'truck'}
[2026-07-24 21:55:13] [INFO] [TrafficSystem.ByteTracker]: ByteTracker initialized using Ultralytics ByteTrack algorithm.
[2026-07-24 21:55:13] [INFO] [TrafficSystem.LaneManager]: LaneManager initialized with 4 lanes covering 1280x720 resolution: ['North', 'South', 'East', 'West']
[2026-07-24 21:55:13] [INFO] [TrafficSystem.PriorityCalculator]: PriorityCalculator initialized with normalized weights: {'pce': 0.45, 'queue': 0.35, 'congestion': 0.2}
[2026-07-24 21:55:13] [INFO] [TrafficSystem.FairnessManager]: FairnessManager initialized (Bonus/cycle: 5.0, Max Cap: 25.0)
[2026-07-24 21:55:13] [INFO] [TrafficSystem.EmergencyOverride]: EmergencyOverride initialized with boost score: 1000.0
[2026-07-24 21:55:13] [INFO] [TrafficSystem.SignalScheduler]: SignalScheduler initialized (Min Green: 10s, Max Green: 60s, Yellow: 3s)
[2026-07-24 21:55:13] [INFO] [TrafficSystem.SignalController]: SignalController initialized and ready for ESP32 hardware command generation.
[2026-07-24 21:55:13] [INFO] [TrafficSystem.TrafficPipeline]: Smart Traffic Management System Pipeline fully initialized and ready!
[2026-07-24 21:55:13] [INFO] [TrafficSystem.PriorityCalculator]: [Rank #1] Lane: North  | PCE: 0.00  | Queue: 0.00  | Congestion: 0.00  | Total: 0.00
[2026-07-24 21:55:13] [INFO] [TrafficSystem.PriorityCalculator]: [Rank #2] Lane: South  | PCE: 0.00  | Queue: 0.00  | Congestion: 0.00  | Total: 0.00
[2026-07-24 21:55:13] [INFO] [TrafficSystem.PriorityCalculator]: [Rank #3] Lane: East   | PCE: 0.00  | Queue: 0.00  | Congestion: 0.00  | Total: 0.00
[2026-07-24 21:55:13] [INFO] [TrafficSystem.PriorityCalculator]: [Rank #4] Lane: West   | PCE: 0.00  | Queue: 0.00  | Congestion: 0.00  | Total: 0.00
[2026-07-24 21:55:13] [INFO] [TrafficSystem.SignalScheduler]: [Scheduler] Winner: North  | Score: 0.00  | Green: 10s | Reason: NORMAL
[2026-07-24 21:55:13] [INFO] [TrafficSystem.FairnessManager]: [Fairness Updated] Green: 'North' (Reset to 0). Waiting cycles: {'North': 0, 'South': 1, 'East': 1, 'West': 1}
[2026-07-24 21:55:13] [INFO] [TrafficSystem.SignalController]: [ESP32 Hardware Command #1] GREEN -> 'North' (10s) | Reason: NORMAL
[2026-07-24 21:55:16] [INFO] [TrafficSystem.TrafficPipeline]: Shutting down Traffic Pipeline...
[2026-07-24 21:55:16] [INFO] [TrafficSystem.CameraManager]: Video stream released successfully.
[2026-07-24 21:55:16] [INFO] [TrafficSystem.TrafficPipeline]: Pipeline Session Summary: Processed 30 frames in 2.74s (Avg FPS: 11.0, Avg Latency: 81.98ms)
[2026-07-24 22:07:22] [INFO] [TrafficSystem.Main]: ==================================================
[2026-07-24 22:07:22] [INFO] [TrafficSystem.Main]:        Smart Traffic Management System           
[2026-07-24 22:07:22] [INFO] [TrafficSystem.Main]:  AI Perception + Analytics + Adaptive Signal Engine
[2026-07-24 22:07:22] [INFO] [TrafficSystem.Main]: ==================================================
[2026-07-24 22:07:22] [INFO] [TrafficSystem.TrafficPipeline]: Initializing Smart Traffic Management System Pipeline...
[2026-07-24 22:07:22] [INFO] [TrafficSystem.CameraManager]: Opening video source: 'C:\Users\ashek\Desktop\smart-traffic-management\videos\traffic.mp4'...
[2026-07-24 22:07:22] [INFO] [TrafficSystem.CameraManager]: Stream opened successfully. Resolution: (1280, 720), FPS: 30.0
[2026-07-24 22:07:22] [INFO] [TrafficSystem.ModelManager]: Initializing YOLO model: 'yolo11n.pt'...
[2026-07-24 22:07:22] [INFO] [TrafficSystem.ModelManager]: Model 'yolo11n.pt' loaded successfully!
[2026-07-24 22:07:22] [INFO] [TrafficSystem.VehicleDetector]: VehicleDetector initialized focusing on classes: {2: 'car', 3: 'motorcycle', 5: 'bus', 7: 'truck'}
[2026-07-24 22:07:22] [INFO] [TrafficSystem.ByteTracker]: ByteTracker initialized using Ultralytics ByteTrack algorithm.
[2026-07-24 22:07:22] [INFO] [TrafficSystem.LaneManager]: LaneManager initialized with 4 lanes covering 1280x720 resolution: ['North', 'South', 'East', 'West']
[2026-07-24 22:07:22] [INFO] [TrafficSystem.PriorityCalculator]: PriorityCalculator initialized with normalized weights: {'pce': 0.45, 'queue': 0.35, 'congestion': 0.2}
[2026-07-24 22:07:22] [INFO] [TrafficSystem.FairnessManager]: FairnessManager initialized (Bonus/cycle: 5.0, Max Cap: 25.0)
[2026-07-24 22:07:22] [INFO] [TrafficSystem.EmergencyOverride]: EmergencyOverride initialized with boost score: 1000.0
[2026-07-24 22:07:22] [INFO] [TrafficSystem.SignalScheduler]: SignalScheduler initialized (Min Green: 10s, Max Green: 60s, Yellow: 3s)
[2026-07-24 22:07:22] [INFO] [TrafficSystem.SignalController]: SignalController initialized and ready for ESP32 hardware command generation.
[2026-07-24 22:07:22] [INFO] [TrafficSystem.TrafficPipeline]: Smart Traffic Management System Pipeline fully initialized and ready!
[2026-07-24 22:07:22] [INFO] [TrafficSystem.Main]: Starting video processing. Press 'q' in the window to exit.
[2026-07-24 22:07:22] [INFO] [TrafficSystem.PriorityCalculator]: [Rank #1] Lane: North  | PCE: 0.00  | Queue: 0.00  | Congestion: 0.00  | Total: 0.00
[2026-07-24 22:07:22] [INFO] [TrafficSystem.PriorityCalculator]: [Rank #2] Lane: South  | PCE: 0.00  | Queue: 0.00  | Congestion: 0.00  | Total: 0.00
[2026-07-24 22:07:22] [INFO] [TrafficSystem.PriorityCalculator]: [Rank #3] Lane: East   | PCE: 0.00  | Queue: 0.00  | Congestion: 0.00  | Total: 0.00
[2026-07-24 22:07:22] [INFO] [TrafficSystem.PriorityCalculator]: [Rank #4] Lane: West   | PCE: 0.00  | Queue: 0.00  | Congestion: 0.00  | Total: 0.00
[2026-07-24 22:07:22] [INFO] [TrafficSystem.SignalScheduler]: [Scheduler Phase #1] Winner: North  | Score: 0.00  | Green: 10s | Reason: NORMAL
[2026-07-24 22:07:22] [INFO] [TrafficSystem.FairnessManager]: [Fairness Updated] Green: 'North' (Reset to 0). Waiting cycles: {'North': 0, 'South': 1, 'East': 1, 'West': 1}
[2026-07-24 22:07:22] [INFO] [TrafficSystem.SignalController]: [ESP32 Hardware Command #1] GREEN -> 'North' (10s) | Reason: NORMAL
[2026-07-24 22:07:22] [INFO] [TrafficSystem.Visualizer]: Output VideoWriter initialized: 'C:\Users\ashek\Desktop\smart-traffic-management\outputs\traffic_system_20260724_220722.mp4' (1280x720 @ 30.0 FPS)
[2026-07-24 22:07:23] [INFO] [TrafficSystem.Main]: Frame #11 | Live Vehicles: 0 | Active Green: 'LaneName.NORTH' (9s remaining) | Phase Changed: False
[2026-07-24 22:07:24] [INFO] [TrafficSystem.Main]: Frame #25 | Live Vehicles: 0 | Active Green: 'LaneName.NORTH' (8s remaining) | Phase Changed: False
[2026-07-24 22:07:26] [INFO] [TrafficSystem.Main]: Frame #30 | Live Vehicles: 0 | Active Green: 'LaneName.NORTH' (7s remaining) | Phase Changed: False
[2026-07-24 22:07:27] [INFO] [TrafficSystem.Main]: Frame #41 | Live Vehicles: 0 | Active Green: 'LaneName.NORTH' (6s remaining) | Phase Changed: False
[2026-07-24 22:07:28] [INFO] [TrafficSystem.Main]: Frame #56 | Live Vehicles: 0 | Active Green: 'LaneName.NORTH' (5s remaining) | Phase Changed: False
[2026-07-24 22:07:29] [INFO] [TrafficSystem.Main]: Frame #71 | Live Vehicles: 0 | Active Green: 'LaneName.NORTH' (4s remaining) | Phase Changed: False
[2026-07-24 22:07:30] [INFO] [TrafficSystem.Main]: Frame #86 | Live Vehicles: 0 | Active Green: 'LaneName.NORTH' (3s remaining) | Phase Changed: False
[2026-07-24 22:07:31] [INFO] [TrafficSystem.Main]: Frame #101 | Live Vehicles: 0 | Active Green: 'LaneName.NORTH' (1s remaining) | Phase Changed: False
[2026-07-24 22:07:32] [INFO] [TrafficSystem.Main]: Frame #116 | Live Vehicles: 0 | Active Green: 'LaneName.NORTH' (0s remaining) | Phase Changed: False
[2026-07-24 22:07:33] [INFO] [TrafficSystem.Main]: Frame #132 | Live Vehicles: 0 | Active Green: 'LaneName.NORTH' (0s remaining) | Phase Changed: False
[2026-07-24 22:07:34] [INFO] [TrafficSystem.Main]: Frame #147 | Live Vehicles: 0 | Active Green: 'LaneName.NORTH' (0s remaining) | Phase Changed: False
[2026-07-24 22:07:35] [INFO] [TrafficSystem.Main]: Frame #162 | Live Vehicles: 0 | Active Green: 'LaneName.NORTH' (0s remaining) | Phase Changed: False
[2026-07-24 22:07:35] [INFO] [TrafficSystem.PriorityCalculator]: [Rank #1] Lane: North  | PCE: 0.00  | Queue: 0.00  | Congestion: 0.00  | Total: 0.00
[2026-07-24 22:07:35] [INFO] [TrafficSystem.PriorityCalculator]: [Rank #2] Lane: South  | PCE: 0.00  | Queue: 0.00  | Congestion: 0.00  | Total: 0.00
[2026-07-24 22:07:35] [INFO] [TrafficSystem.PriorityCalculator]: [Rank #3] Lane: East   | PCE: 0.00  | Queue: 0.00  | Congestion: 0.00  | Total: 0.00
[2026-07-24 22:07:35] [INFO] [TrafficSystem.PriorityCalculator]: [Rank #4] Lane: West   | PCE: 0.00  | Queue: 0.00  | Congestion: 0.00  | Total: 0.00
[2026-07-24 22:07:35] [INFO] [TrafficSystem.FairnessManager]: [Fairness] Lane: South  | Base Score: 0.00 | Wait Cycles: 1 | Bonus: +5.00 | Adjusted: 5.00
[2026-07-24 22:07:35] [INFO] [TrafficSystem.FairnessManager]: [Fairness] Lane: East   | Base Score: 0.00 | Wait Cycles: 1 | Bonus: +5.00 | Adjusted: 5.00
[2026-07-24 22:07:35] [INFO] [TrafficSystem.FairnessManager]: [Fairness] Lane: West   | Base Score: 0.00 | Wait Cycles: 1 | Bonus: +5.00 | Adjusted: 5.00
[2026-07-24 22:07:35] [INFO] [TrafficSystem.SignalScheduler]: [Scheduler Phase #2] Winner: South  | Score: 5.00  | Green: 27s | Reason: NORMAL
[2026-07-24 22:07:35] [INFO] [TrafficSystem.FairnessManager]: [Fairness Updated] Green: 'South' (Reset to 0). Waiting cycles: {'North': 1, 'South': 0, 'East': 2, 'West': 2}
[2026-07-24 22:07:35] [INFO] [TrafficSystem.SignalController]: [ESP32 Hardware Command #2] GREEN -> 'South' (27s) | Reason: NORMAL
[2026-07-24 22:07:36] [INFO] [TrafficSystem.Main]: Frame #177 | Live Vehicles: 0 | Active Green: 'LaneName.SOUTH' (26s remaining) | Phase Changed: False
[2026-07-24 22:07:37] [INFO] [TrafficSystem.Main]: Frame #192 | Live Vehicles: 0 | Active Green: 'LaneName.SOUTH' (25s remaining) | Phase Changed: False
[2026-07-24 22:07:38] [INFO] [TrafficSystem.Main]: Frame #207 | Live Vehicles: 0 | Active Green: 'LaneName.SOUTH' (24s remaining) | Phase Changed: False
[2026-07-24 22:07:39] [INFO] [TrafficSystem.Main]: Window closed by user.
[2026-07-24 22:07:39] [INFO] [TrafficSystem.TrafficPipeline]: Shutting down Traffic Pipeline...
[2026-07-24 22:07:39] [INFO] [TrafficSystem.CameraManager]: Video stream released successfully.
[2026-07-24 22:07:39] [INFO] [TrafficSystem.Visualizer]: VideoWriter released successfully.
[2026-07-24 22:07:39] [INFO] [TrafficSystem.TrafficPipeline]: Pipeline Session Summary: Processed 218 frames in 16.85s (Avg FPS: 14.6, Avg Latency: 57.62ms)
[2026-07-24 22:07:39] [INFO] [TrafficSystem.Main]: Clean shutdown complete.
[2026-07-24 22:09:43] [INFO] [TrafficSystem.TrafficPipeline]: Initializing Smart Traffic Management System Pipeline...
[2026-07-24 22:09:43] [INFO] [TrafficSystem.CameraManager]: Opening video source: 'C:\Users\ashek\Desktop\smart-traffic-management\videos\traffic.mp4'...
[2026-07-24 22:09:43] [INFO] [TrafficSystem.CameraManager]: Stream opened successfully. Resolution: (1280, 720), FPS: 30.0
[2026-07-24 22:09:43] [INFO] [TrafficSystem.ModelManager]: Initializing YOLO model: 'yolo11n.pt'...
[2026-07-24 22:09:43] [INFO] [TrafficSystem.ModelManager]: Model 'yolo11n.pt' loaded successfully!
[2026-07-24 22:09:43] [INFO] [TrafficSystem.VehicleDetector]: VehicleDetector initialized focusing on classes: {2: 'car', 3: 'motorcycle', 5: 'bus', 7: 'truck'}
[2026-07-24 22:09:43] [INFO] [TrafficSystem.ByteTracker]: ByteTracker initialized using Ultralytics ByteTrack algorithm.
[2026-07-24 22:09:43] [INFO] [TrafficSystem.LaneManager]: LaneManager initialized with 4 lanes covering 1280x720 resolution: ['North', 'South', 'East', 'West']
[2026-07-24 22:09:43] [INFO] [TrafficSystem.PriorityCalculator]: PriorityCalculator initialized with normalized weights: {'pce': 0.45, 'queue': 0.35, 'congestion': 0.2}
[2026-07-24 22:09:43] [INFO] [TrafficSystem.FairnessManager]: FairnessManager initialized (Bonus/cycle: 5.0, Max Cap: 25.0)
[2026-07-24 22:09:43] [INFO] [TrafficSystem.EmergencyOverride]: EmergencyOverride initialized with boost score: 1000.0
[2026-07-24 22:09:43] [INFO] [TrafficSystem.SignalScheduler]: SignalScheduler initialized (Min Green: 10s, Max Green: 60s, Yellow: 3s)
[2026-07-24 22:09:43] [INFO] [TrafficSystem.SignalController]: SignalController initialized and ready for ESP32 hardware command generation.
[2026-07-24 22:09:43] [INFO] [TrafficSystem.TrafficPipeline]: Smart Traffic Management System Pipeline fully initialized and ready!
[2026-07-24 22:09:44] [INFO] [TrafficSystem.PriorityCalculator]: [Rank #1] Lane: North  | PCE: 0.00  | Queue: 0.00  | Congestion: 0.00  | Total: 0.00
[2026-07-24 22:09:44] [INFO] [TrafficSystem.PriorityCalculator]: [Rank #2] Lane: South  | PCE: 0.00  | Queue: 0.00  | Congestion: 0.00  | Total: 0.00
[2026-07-24 22:09:44] [INFO] [TrafficSystem.PriorityCalculator]: [Rank #3] Lane: East   | PCE: 0.00  | Queue: 0.00  | Congestion: 0.00  | Total: 0.00
[2026-07-24 22:09:44] [INFO] [TrafficSystem.PriorityCalculator]: [Rank #4] Lane: West   | PCE: 0.00  | Queue: 0.00  | Congestion: 0.00  | Total: 0.00
[2026-07-24 22:09:44] [INFO] [TrafficSystem.SignalScheduler]: [Scheduler Phase #1] Winner: North  | Score: 0.00  | Green: 10s | Reason: NORMAL
[2026-07-24 22:09:44] [INFO] [TrafficSystem.FairnessManager]: [Fairness Updated] Green: 'North' (Reset to 0). Waiting cycles: {'North': 0, 'South': 1, 'East': 1, 'West': 1}
[2026-07-24 22:09:44] [INFO] [TrafficSystem.SignalController]: [ESP32 Hardware Command #1] GREEN -> 'North' (10s) | Reason: NORMAL
[2026-07-24 22:09:44] [INFO] [TrafficSystem.TrafficPipeline]: Shutting down Traffic Pipeline...
[2026-07-24 22:09:44] [INFO] [TrafficSystem.CameraManager]: Video stream released successfully.
[2026-07-24 22:09:44] [INFO] [TrafficSystem.TrafficPipeline]: Pipeline Session Summary: Processed 1 frames in 1.18s (Avg FPS: 0.9, Avg Latency: 1018.91ms)
